mach,alpha_deg,protuberance,CD_Power_Off,CD_Power_On,CA_Power_Off,CA_Power_On,CN_Total,CP_Total
0.01,0,0,0.476,0.451,0.476,0.451,0,93.463
0.01,0,0.12,0.51,0.486,0.51,0.486,0,93.463
0.01,0,0.25,0.545,0.52,0.545,0.52,0,93.463
0.01,0,0.37,0.58,0.555,0.58,0.555,0,93.463
0.01,0,0.49,0.614,0.59,0.614,0.59,0,93.463
0.01,0,0.61,0.649,0.624,0.649,0.624,0,93.463
0.01,0,0.74,0.684,0.659,0.684,0.659,0,93.463
0.01,0,0.86,0.718,0.693,0.718,0.693,0,93.463
0.01,0,1,0.758,0.734,0.758,0.734,0,93.463
0.02,0,0,0.538,0.513,0.538,0.513,0,93.463
0.02,0,0.12,0.572,0.548,0.572,0.548,0,93.463
0.02,0,0.25,0.607,0.582,0.607,0.582,0,93.463
0.02,0,0.37,0.642,0.617,0.642,0.617,0,93.463
0.02,0,0.49,0.676,0.651,0.676,0.651,0,93.463
0.02,0,0.61,0.711,0.686,0.711,0.686,0,93.463
0.02,0,0.74,0.745,0.721,0.745,0.721,0,93.463
0.02,0,0.86,0.78,0.755,0.78,0.755,0,93.463
0.02,0,1,0.82,0.796,0.82,0.796,0,93.463
0.03,0,0,0.547,0.522,0.547,0.522,0,93.463
0.03,0,0.12,0.582,0.557,0.582,0.557,0,93.463
0.03,0,0.25,0.616,0.592,0.616,0.592,0,93.463
0.03,0,0.37,0.651,0.626,0.651,0.626,0,93.463
0.03,0,0.49,0.686,0.661,0.686,0.661,0,93.463
0.03,0,0.61,0.72,0.696,0.72,0.696,0,93.463
0.03,0,0.74,0.755,0.73,0.755,0.73,0,93.463
0.03,0,0.86,0.79,0.765,0.79,0.765,0,93.463
0.03,0,1,0.83,0.805,0.83,0.805,0,93.463
0.04,0,0,0.547,0.522,0.547,0.522,0,93.463
0.04,0,0.12,0.581,0.557,0.581,0.557,0,93.463
0.04,0,0.25,0.616,0.591,0.616,0.591,0,93.463
0.04,0,0.37,0.651,0.626,0.651,0.626,0,93.463
0.04,0,0.49,0.685,0.661,0.685,0.661,0,93.463
0.04,0,0.61,0.72,0.695,0.72,0.695,0,93.463
0.04,0,0.74,0.755,0.73,0.755,0.73,0,93.463
0.04,0,0.86,0.789,0.765,0.789,0.765,0,93.463
0.04,0,1,0.829,0.805,0.829,0.805,0,93.463
0.05,0,0,0.544,0.519,0.544,0.519,0,93.463
0.05,0,0.12,0.578,0.554,0.578,0.554,0,93.463
0.05,0,0.25,0.613,0.588,0.613,0.588,0,93.463
0.05,0,0.37,0.648,0.623,0.648,0.623,0,93.463
0.05,0,0.49,0.682,0.658,0.682,0.658,0,93.463
0.05,0,0.61,0.717,0.692,0.717,0.692,0,93.463
0.05,0,0.74,0.752,0.727,0.752,0.727,0,93.463
0.05,0,0.86,0.786,0.762,0.786,0.762,0,93.463
0.05,0,1,0.826,0.802,0.826,0.802,0,93.463
0.06,0,0,0.54,0.515,0.54,0.515,0,93.463
0.06,0,0.12,0.575,0.55,0.575,0.55,0,93.463
0.06,0,0.25,0.609,0.585,0.609,0.585,0,93.463
0.06,0,0.37,0.644,0.619,0.644,0.619,0,93.463
0.06,0,0.49,0.679,0.654,0.679,0.654,0,93.463
0.06,0,0.61,0.713,0.689,0.713,0.689,0,93.463
0.06,0,0.74,0.748,0.723,0.748,0.723,0,93.463
0.06,0,0.86,0.782,0.758,0.782,0.758,0,93.463
0.06,0,1,0.823,0.798,0.823,0.798,0,93.463
0.07,0,0,0.536,0.511,0.536,0.511,0,93.463
0.07,0,0.12,0.571,0.546,0.571,0.546,0,93.463
0.07,0,0.25,0.605,0.581,0.605,0.581,0,93.463
0.07,0,0.37,0.64,0.615,0.64,0.615,0,93.463
0.07,0,0.49,0.675,0.65,0.675,0.65,0,93.463
0.07,0,0.61,0.709,0.685,0.709,0.685,0,93.463
0.07,0,0.74,0.744,0.719,0.744,0.719,0,93.463
0.07,0,0.86,0.779,0.754,0.779,0.754,0,93.463
0.07,0,1,0.819,0.794,0.819,0.794,0,93.463
0.08,0,0,0.532,0.508,0.532,0.508,0,93.463
0.08,0,0.12,0.567,0.542,0.567,0.542,0,93.463
0.08,0,0.25,0.602,0.577,0.602,0.577,0,93.463
0.08,0,0.37,0.636,0.612,0.636,0.612,0,93.463
0.08,0,0.49,0.671,0.646,0.671,0.646,0,93.463
0.08,0,0.61,0.705,0.681,0.705,0.681,0,93.463
0.08,0,0.74,0.74,0.715,0.74,0.715,0,93.463
0.08,0,0.86,0.775,0.75,0.775,0.75,0,93.463
0.08,0,1,0.815,0.79,0.815,0.79,0,93.463
0.09,0,0,0.529,0.504,0.529,0.504,0,93.463
0.09,0,0.12,0.563,0.539,0.563,0.539,0,93.463
0.09,0,0.25,0.598,0.573,0.598,0.573,0,93.463
0.09,0,0.37,0.633,0.608,0.633,0.608,0,93.463
0.09,0,0.49,0.667,0.643,0.667,0.643,0,93.463
0.09,0,0.61,0.702,0.677,0.702,0.677,0,93.463
0.09,0,0.74,0.737,0.712,0.737,0.712,0,93.463
0.09,0,0.86,0.771,0.747,0.771,0.747,0,93.463
0.09,0,1,0.811,0.787,0.811,0.787,0,93.463
0.1,0,0,0.525,0.501,0.525,0.501,0,93.463
0.1,0,0.12,0.56,0.535,0.56,0.535,0,93.463
0.1,0,0.25,0.595,0.57,0.595,0.57,0,93.463
0.1,0,0.37,0.629,0.604,0.629,0.604,0,93.463
0.1,0,0.49,0.664,0.639,0.664,0.639,0,93.463
0.1,0,0.61,0.698,0.674,0.698,0.674,0,93.463
0.1,0,0.74,0.733,0.708,0.733,0.708,0,93.463
0.1,0,0.86,0.768,0.743,0.768,0.743,0,93.463
0.1,0,1,0.808,0.783,0.808,0.783,0,93.463
0.11,0,0,0.522,0.497,0.522,0.497,0,93.463
0.11,0,0.12,0.557,0.532,0.557,0.532,0,93.463
0.11,0,0.25,0.591,0.567,0.591,0.567,0,93.463
0.11,0,0.37,0.626,0.601,0.626,0.601,0,93.463
0.11,0,0.49,0.661,0.636,0.661,0.636,0,93.463
0.11,0,0.61,0.695,0.671,0.695,0.671,0,93.463
0.11,0,0.74,0.73,0.705,0.73,0.705,0,93.463
0.11,0,0.86,0.765,0.74,0.765,0.74,0,93.463
0.11,0,1,0.805,0.78,0.805,0.78,0,93.463
0.12,0,0,0.519,0.494,0.519,0.494,0,93.463
0.12,0,0.12,0.554,0.529,0.554,0.529,0,93.463
0.12,0,0.25,0.588,0.564,0.588,0.564,0,93.463
0.12,0,0.37,0.623,0.598,0.623,0.598,0,93.463
0.12,0,0.49,0.658,0.633,0.658,0.633,0,93.463
0.12,0,0.61,0.692,0.668,0.692,0.668,0,93.463
0.12,0,0.74,0.727,0.702,0.727,0.702,0,93.463
0.12,0,0.86,0.762,0.737,0.762,0.737,0,93.463
0.12,0,1,0.802,0.777,0.802,0.777,0,93.463
0.13,0,0,0.516,0.492,0.516,0.492,0,93.463
0.13,0,0.12,0.551,0.526,0.551,0.526,0,93.463
0.13,0,0.25,0.586,0.561,0.586,0.561,0,93.463
0.13,0,0.37,0.62,0.595,0.62,0.595,0,93.463
0.13,0,0.49,0.655,0.63,0.655,0.63,0,93.463
0.13,0,0.61,0.689,0.665,0.689,0.665,0,93.463
0.13,0,0.74,0.724,0.699,0.724,0.699,0,93.463
0.13,0,0.86,0.759,0.734,0.759,0.734,0,93.463
0.13,0,1,0.799,0.774,0.799,0.774,0,93.463
0.14,0,0,0.514,0.489,0.514,0.489,0,93.463
0.14,0,0.12,0.548,0.524,0.548,0.524,0,93.463
0.14,0,0.25,0.583,0.558,0.583,0.558,0,93.463
0.14,0,0.37,0.618,0.593,0.618,0.593,0,93.463
0.14,0,0.49,0.652,0.628,0.652,0.628,0,93.463
0.14,0,0.61,0.687,0.662,0.687,0.662,0,93.463
0.14,0,0.74,0.721,0.697,0.721,0.697,0,93.463
0.14,0,0.86,0.756,0.731,0.756,0.731,0,93.463
0.14,0,1,0.796,0.772,0.796,0.772,0,93.463
0.15,0,0,0.511,0.486,0.511,0.486,0,93.463
0.15,0,0.12,0.546,0.521,0.546,0.521,0,93.463
0.15,0,0.25,0.58,0.556,0.58,0.556,0,93.463
0.15,0,0.37,0.615,0.59,0.615,0.59,0,93.463
0.15,0,0.49,0.65,0.625,0.65,0.625,0,93.463
0.15,0,0.61,0.684,0.66,0.684,0.66,0,93.463
0.15,0,0.74,0.719,0.694,0.719,0.694,0,93.463
0.15,0,0.86,0.754,0.729,0.754,0.729,0,93.463
0.15,0,1,0.794,0.769,0.794,0.769,0,93.463
0.16,0,0,0.509,0.484,0.509,0.484,0,93.463
0.16,0,0.12,0.543,0.519,0.543,0.519,0,93.463
0.16,0,0.25,0.578,0.553,0.578,0.553,0,93.463
0.16,0,0.37,0.613,0.588,0.613,0.588,0,93.463
0.16,0,0.49,0.647,0.623,0.647,0.623,0,93.463
0.16,0,0.61,0.682,0.657,0.682,0.657,0,93.463
0.16,0,0.74,0.717,0.692,0.717,0.692,0,93.463
0.16,0,0.86,0.751,0.727,0.751,0.727,0,93.463
0.16,0,1,0.791,0.767,0.791,0.767,0,93.463
0.17,0,0,0.507,0.482,0.507,0.482,0,93.463
0.17,0,0.12,0.541,0.517,0.541,0.517,0,93.463
0.17,0,0.25,0.576,0.551,0.576,0.551,0,93.463
0.17,0,0.37,0.61,0.586,0.61,0.586,0,93.463
0.17,0,0.49,0.645,0.62,0.645,0.62,0,93.463
0.17,0,0.61,0.68,0.655,0.68,0.655,0,93.463
0.17,0,0.74,0.714,0.69,0.714,0.69,0,93.463
0.17,0,0.86,0.749,0.724,0.749,0.724,0,93.463
0.17,0,1,0.789,0.765,0.789,0.765,0,93.463
0.18,0,0,0.504,0.48,0.504,0.48,0,93.463
0.18,0,0.12,0.539,0.514,0.539,0.514,0,93.463
0.18,0,0.25,0.574,0.549,0.574,0.549,0,93.463
0.18,0,0.37,0.608,0.584,0.608,0.584,0,93.463
0.18,0,0.49,0.643,0.618,0.643,0.618,0,93.463
0.18,0,0.61,0.678,0.653,0.678,0.653,0,93.463
0.18,0,0.74,0.712,0.688,0.712,0.688,0,93.463
0.18,0,0.86,0.747,0.722,0.747,0.722,0,93.463
0.18,0,1,0.787,0.762,0.787,0.762,0,93.463
0.19,0,0,0.502,0.478,0.502,0.478,0,93.463
0.19,0,0.12,0.537,0.512,0.537,0.512,0,93.463
0.19,0,0.25,0.572,0.547,0.572,0.547,0,93.463
0.19,0,0.37,0.606,0.582,0.606,0.582,0,93.463
0.19,0,0.49,0.641,0.616,0.641,0.616,0,93.463
0.19,0,0.61,0.676,0.651,0.676,0.651,0,93.463
0.19,0,0.74,0.71,0.686,0.71,0.686,0,93.463
0.19,0,0.86,0.745,0.72,0.745,0.72,0,93.463
0.19,0,1,0.785,0.76,0.785,0.76,0,93.463
0.2,0,0,0.501,0.476,0.501,0.476,0,93.463
0.2,0,0.12,0.535,0.511,0.535,0.511,0,93.463
0.2,0,0.25,0.57,0.545,0.57,0.545,0,93.463
0.2,0,0.37,0.604,0.58,0.604,0.58,0,93.463
0.2,0,0.49,0.639,0.614,0.639,0.614,0,93.463
0.2,0,0.61,0.674,0.649,0.674,0.649,0,93.463
0.2,0,0.74,0.708,0.684,0.708,0.684,0,93.463
0.2,0,0.86,0.743,0.718,0.743,0.718,0,93.463
0.2,0,1,0.783,0.759,0.783,0.759,0,93.463
0.21,0,0,0.499,0.474,0.499,0.474,0,93.463
0.21,0,0.12,0.533,0.509,0.533,0.509,0,93.463
0.21,0,0.25,0.568,0.543,0.568,0.543,0,93.463
0.21,0,0.37,0.603,0.578,0.603,0.578,0,93.463
0.21,0,0.49,0.637,0.613,0.637,0.613,0,93.463
0.21,0,0.61,0.672,0.647,0.672,0.647,0,93.463
0.21,0,0.74,0.707,0.682,0.707,0.682,0,93.463
0.21,0,0.86,0.741,0.717,0.741,0.717,0,93.463
0.21,0,1,0.781,0.757,0.781,0.757,0,93.463
0.22,0,0,0.497,0.472,0.497,0.472,0,93.463
0.22,0,0.12,0.532,0.507,0.532,0.507,0,93.463
0.22,0,0.25,0.566,0.542,0.566,0.542,0,93.463
0.22,0,0.37,0.601,0.576,0.601,0.576,0,93.463
0.22,0,0.49,0.636,0.611,0.636,0.611,0,93.463
0.22,0,0.61,0.67,0.646,0.67,0.646,0,93.463
0.22,0,0.74,0.705,0.68,0.705,0.68,0,93.463
0.22,0,0.86,0.74,0.715,0.74,0.715,0,93.463
0.22,0,1,0.78,0.755,0.78,0.755,0,93.463
0.23,0,0,0.495,0.471,0.495,0.471,0,93.463
0.23,0,0.12,0.53,0.505,0.53,0.505,0,93.463
0.23,0,0.25,0.565,0.54,0.565,0.54,0,93.463
0.23,0,0.37,0.599,0.575,0.599,0.575,0,93.463
0.23,0,0.49,0.634,0.609,0.634,0.609,0,93.463
0.23,0,0.61,0.669,0.644,0.669,0.644,0,93.463
0.23,0,0.74,0.703,0.679,0.703,0.679,0,93.463
0.23,0,0.86,0.738,0.713,0.738,0.713,0,93.463
0.23,0,1,0.778,0.753,0.778,0.753,0,93.463
0.24,0,0,0.494,0.469,0.494,0.469,0,93.463
0.24,0,0.12,0.528,0.504,0.528,0.504,0,93.463
0.24,0,0.25,0.563,0.538,0.563,0.538,0,93.463
0.24,0,0.37,0.598,0.573,0.598,0.573,0,93.463
0.24,0,0.49,0.632,0.608,0.632,0.608,0,93.463
0.24,0,0.61,0.667,0.642,0.667,0.642,0,93.463
0.24,0,0.74,0.702,0.677,0.702,0.677,0,93.463
0.24,0,0.86,0.736,0.712,0.736,0.712,0,93.463
0.24,0,1,0.776,0.752,0.776,0.752,0,93.463
0.25,0,0,0.492,0.468,0.492,0.468,0,93.463
0.25,0,0.12,0.527,0.502,0.527,0.502,0,93.463
0.25,0,0.25,0.562,0.537,0.562,0.537,0,93.463
0.25,0,0.37,0.596,0.572,0.596,0.572,0,93.463
0.25,0,0.49,0.631,0.606,0.631,0.606,0,93.463
0.25,0,0.61,0.665,0.641,0.665,0.641,0,93.463
0.25,0,0.74,0.7,0.675,0.7,0.675,0,93.463
0.25,0,0.86,0.735,0.71,0.735,0.71,0,93.463
0.25,0,1,0.775,0.75,0.775,0.75,0,93.463
0.26,0,0,0.491,0.466,0.491,0.466,0,93.463
0.26,0,0.12,0.526,0.501,0.526,0.501,0,93.463
0.26,0,0.25,0.56,0.536,0.56,0.536,0,93.463
0.26,0,0.37,0.595,0.57,0.595,0.57,0,93.463
0.26,0,0.49,0.63,0.605,0.63,0.605,0,93.463
0.26,0,0.61,0.664,0.64,0.664,0.64,0,93.463
0.26,0,0.74,0.699,0.674,0.699,0.674,0,93.463
0.26,0,0.86,0.734,0.709,0.734,0.709,0,93.463
0.26,0,1,0.774,0.749,0.774,0.749,0,93.463
0.27,0,0,0.49,0.465,0.49,0.465,0,93.463
0.27,0,0.12,0.524,0.5,0.524,0.5,0,93.463
0.27,0,0.25,0.559,0.534,0.559,0.534,0,93.463
0.27,0,0.37,0.594,0.569,0.594,0.569,0,93.463
0.27,0,0.49,0.628,0.604,0.628,0.604,0,93.463
0.27,0,0.61,0.663,0.638,0.663,0.638,0,93.463
0.27,0,0.74,0.698,0.673,0.698,0.673,0,93.463
0.27,0,0.86,0.732,0.708,0.732,0.708,0,93.463
0.27,0,1,0.773,0.748,0.773,0.748,0,93.463
0.28,0,0,0.489,0.464,0.489,0.464,0,93.463
0.28,0,0.12,0.523,0.499,0.523,0.499,0,93.463
0.28,0,0.25,0.558,0.533,0.558,0.533,0,93.463
0.28,0,0.37,0.593,0.568,0.593,0.568,0,93.463
0.28,0,0.49,0.627,0.603,0.627,0.603,0,93.463
0.28,0,0.61,0.662,0.637,0.662,0.637,0,93.463
0.28,0,0.74,0.697,0.672,0.697,0.672,0,93.463
0.28,0,0.86,0.731,0.707,0.731,0.707,0,93.463
0.28,0,1,0.771,0.747,0.771,0.747,0,93.463
0.29,0,0,0.488,0.463,0.488,0.463,0,93.463
0.29,0,0.12,0.522,0.498,0.522,0.498,0,93.463
0.29,0,0.25,0.557,0.532,0.557,0.532,0,93.463
0.29,0,0.37,0.592,0.567,0.592,0.567,0,93.463
0.29,0,0.49,0.626,0.601,0.626,0.601,0,93.463
0.29,0,0.61,0.661,0.636,0.661,0.636,0,93.463
0.29,0,0.74,0.695,0.671,0.695,0.671,0,93.463
0.29,0,0.86,0.73,0.705,0.73,0.705,0,93.463
0.29,0,1,0.77,0.746,0.77,0.746,0,93.463
0.3,0,0,0.487,0.462,0.487,0.462,0,93.463
0.3,0,0.12,0.521,0.496,0.521,0.496,0,93.463
0.3,0,0.25,0.556,0.531,0.556,0.531,0,93.463
0.3,0,0.37,0.59,0.566,0.59,0.566,0,93.463
0.3,0,0.49,0.625,0.6,0.625,0.6,0,93.463
0.3,0,0.61,0.66,0.635,0.66,0.635,0,93.463
0.3,0,0.74,0.694,0.67,0.694,0.67,0,93.463
0.3,0,0.86,0.729,0.704,0.729,0.704,0,93.463
0.3,0,1,0.769,0.745,0.769,0.745,0,93.463
0.31,0,0,0.486,0.461,0.486,0.461,0,93.463
0.31,0,0.12,0.52,0.495,0.52,0.495,0,93.463
0.31,0,0.25,0.555,0.53,0.555,0.53,0,93.463
0.31,0,0.37,0.589,0.565,0.589,0.565,0,93.463
0.31,0,0.49,0.624,0.599,0.624,0.599,0,93.463
0.31,0,0.61,0.659,0.634,0.659,0.634,0,93.463
0.31,0,0.74,0.693,0.669,0.693,0.669,0,93.463
0.31,0,0.86,0.728,0.703,0.728,0.703,0,93.463
0.31,0,1,0.768,0.744,0.768,0.744,0,93.463
0.32,0,0,0.485,0.46,0.485,0.46,0,93.463
0.32,0,0.12,0.519,0.495,0.519,0.495,0,93.463
0.32,0,0.25,0.554,0.529,0.554,0.529,0,93.463
0.32,0,0.37,0.588,0.564,0.588,0.564,0,93.463
0.32,0,0.49,0.623,0.598,0.623,0.598,0,93.463
0.32,0,0.61,0.658,0.633,0.658,0.633,0,93.463
0.32,0,0.74,0.692,0.668,0.692,0.668,0,93.463
0.32,0,0.86,0.727,0.702,0.727,0.702,0,93.463
0.32,0,1,0.767,0.743,0.767,0.743,0,93.463
0.33,0,0,0.484,0.459,0.484,0.459,0,93.463
0.33,0,0.12,0.518,0.494,0.518,0.494,0,93.463
0.33,0,0.25,0.553,0.528,0.553,0.528,0,93.463
0.33,0,0.37,0.588,0.563,0.588,0.563,0,93.463
0.33,0,0.49,0.622,0.598,0.622,0.598,0,93.463
0.33,0,0.61,0.657,0.632,0.657,0.632,0,93.463
0.33,0,0.74,0.692,0.667,0.692,0.667,0,93.463
0.33,0,0.86,0.726,0.701,0.726,0.701,0,93.463
0.33,0,1,0.766,0.742,0.766,0.742,0,93.463
0.34,0,0,0.483,0.458,0.483,0.458,0,93.463
0.34,0,0.12,0.517,0.493,0.517,0.493,0,93.463
0.34,0,0.25,0.552,0.527,0.552,0.527,0,93.463
0.34,0,0.37,0.587,0.562,0.587,0.562,0,93.463
0.34,0,0.49,0.621,0.597,0.621,0.597,0,93.463
0.34,0,0.61,0.656,0.631,0.656,0.631,0,93.463
0.34,0,0.74,0.691,0.666,0.691,0.666,0,93.463
0.34,0,0.86,0.725,0.701,0.725,0.701,0,93.463
0.34,0,1,0.765,0.741,0.765,0.741,0,93.463
0.35,0,0,0.482,0.457,0.482,0.457,0,93.463
0.35,0,0.12,0.517,0.492,0.517,0.492,0,93.463
0.35,0,0.25,0.551,0.526,0.551,0.526,0,93.463
0.35,0,0.37,0.586,0.561,0.586,0.561,0,93.463
0.35,0,0.49,0.62,0.596,0.62,0.596,0,93.463
0.35,0,0.61,0.655,0.63,0.655,0.63,0,93.463
0.35,0,0.74,0.69,0.665,0.69,0.665,0,93.463
0.35,0,0.86,0.724,0.7,0.724,0.7,0,93.463
0.35,0,1,0.765,0.74,0.765,0.74,0,93.463
0.36,0,0,0.481,0.456,0.481,0.456,0,93.463
0.36,0,0.12,0.516,0.491,0.516,0.491,0,93.463
0.36,0,0.25,0.55,0.526,0.55,0.526,0,93.463
0.36,0,0.37,0.585,0.56,0.585,0.56,0,93.463
0.36,0,0.49,0.62,0.595,0.62,0.595,0,93.463
0.36,0,0.61,0.654,0.63,0.654,0.63,0,93.463
0.36,0,0.74,0.689,0.664,0.689,0.664,0,93.463
0.36,0,0.86,0.724,0.699,0.724,0.699,0,93.463
0.36,0,1,0.764,0.739,0.764,0.739,0,93.463
0.37,0,0,0.48,0.456,0.48,0.456,0,93.463
0.37,0,0.12,0.515,0.49,0.515,0.49,0,93.463
0.37,0,0.25,0.55,0.525,0.55,0.525,0,93.463
0.37,0,0.37,0.584,0.56,0.584,0.56,0,93.463
0.37,0,0.49,0.619,0.594,0.619,0.594,0,93.463
0.37,0,0.61,0.653,0.629,0.653,0.629,0,93.463
0.37,0,0.74,0.688,0.663,0.688,0.663,0,93.463
0.37,0,0.86,0.723,0.698,0.723,0.698,0,93.463
0.37,0,1,0.763,0.738,0.763,0.738,0,93.463
0.38,0,0,0.479,0.455,0.479,0.455,0,93.463
0.38,0,0.12,0.514,0.489,0.514,0.489,0,93.463
0.38,0,0.25,0.549,0.524,0.549,0.524,0,93.463
0.38,0,0.37,0.583,0.559,0.583,0.559,0,93.463
0.38,0,0.49,0.618,0.593,0.618,0.593,0,93.463
0.38,0,0.61,0.653,0.628,0.653,0.628,0,93.463
0.38,0,0.74,0.687,0.663,0.687,0.663,0,93.463
0.38,0,0.86,0.722,0.697,0.722,0.697,0,93.463
0.38,0,1,0.762,0.738,0.762,0.738,0,93.463
0.39,0,0,0.479,0.454,0.479,0.454,0,93.463
0.39,0,0.12,0.513,0.489,0.513,0.489,0,93.463
0.39,0,0.25,0.548,0.523,0.548,0.523,0,93.463
0.39,0,0.37,0.583,0.558,0.583,0.558,0,93.463
0.39,0,0.49,0.617,0.593,0.617,0.593,0,93.463
0.39,0,0.61,0.652,0.627,0.652,0.627,0,93.463
0.39,0,0.74,0.687,0.662,0.687,0.662,0,93.463
0.39,0,0.86,0.721,0.697,0.721,0.697,0,93.463
0.39,0,1,0.761,0.737,0.761,0.737,0,93.463
0.4,0,0,0.478,0.453,0.478,0.453,0,93.463
0.4,0,0.12,0.513,0.488,0.513,0.488,0,93.463
0.4,0,0.25,0.547,0.523,0.547,0.523,0,93.463
0.4,0,0.37,0.582,0.557,0.582,0.557,0,93.463
0.4,0,0.49,0.617,0.592,0.617,0.592,0,93.463
0.4,0,0.61,0.651,0.627,0.651,0.627,0,93.463
0.4,0,0.74,0.686,0.661,0.686,0.661,0,93.463
0.4,0,0.86,0.721,0.696,0.721,0.696,0,93.463
0.4,0,1,0.761,0.736,0.761,0.736,0,93.463
0.41,0,0,0.477,0.453,0.477,0.453,0,93.463
0.41,0,0.12,0.512,0.487,0.512,0.487,0,93.463
0.41,0,0.25,0.547,0.522,0.547,0.522,0,93.463
0.41,0,0.37,0.581,0.557,0.581,0.557,0,93.463
0.41,0,0.49,0.616,0.591,0.616,0.591,0,93.463
0.41,0,0.61,0.651,0.626,0.651,0.626,0,93.463
0.41,0,0.74,0.685,0.661,0.685,0.661,0,93.463
0.41,0,0.86,0.72,0.695,0.72,0.695,0,93.463
0.41,0,1,0.76,0.735,0.76,0.735,0,93.463
0.42,0,0,0.477,0.452,0.477,0.452,0,93.463
0.42,0,0.12,0.511,0.487,0.511,0.487,0,93.463
0.42,0,0.25,0.546,0.521,0.546,0.521,0,93.463
0.42,0,0.37,0.581,0.556,0.581,0.556,0,93.463
0.42,0,0.49,0.615,0.591,0.615,0.591,0,93.463
0.42,0,0.61,0.65,0.625,0.65,0.625,0,93.463
0.42,0,0.74,0.685,0.66,0.685,0.66,0,93.463
0.42,0,0.86,0.719,0.695,0.719,0.695,0,93.463
0.42,0,1,0.759,0.735,0.759,0.735,0,93.463
0.43,0,0,0.476,0.451,0.476,0.451,0,93.463
0.43,0,0.12,0.511,0.486,0.511,0.486,0,93.463
0.43,0,0.25,0.545,0.521,0.545,0.521,0,93.463
0.43,0,0.37,0.58,0.555,0.58,0.555,0,93.463
0.43,0,0.49,0.615,0.59,0.615,0.59,0,93.463
0.43,0,0.61,0.649,0.625,0.649,0.625,0,93.463
0.43,0,0.74,0.684,0.659,0.684,0.659,0,93.463
0.43,0,0.86,0.719,0.694,0.719,0.694,0,93.463
0.43,0,1,0.759,0.734,0.759,0.734,0,93.463
0.44,0,0,0.475,0.451,0.475,0.451,0,93.463
0.44,0,0.12,0.51,0.485,0.51,0.485,0,93.463
0.44,0,0.25,0.545,0.52,0.545,0.52,0,93.463
0.44,0,0.37,0.579,0.555,0.579,0.555,0,93.463
0.44,0,0.49,0.614,0.589,0.614,0.589,0,93.463
0.44,0,0.61,0.649,0.624,0.649,0.624,0,93.463
0.44,0,0.74,0.683,0.659,0.683,0.659,0,93.463
0.44,0,0.86,0.718,0.693,0.718,0.693,0,93.463
0.44,0,1,0.758,0.733,0.758,0.733,0,93.463
0.45,0,0,0.475,0.45,0.475,0.45,0,93.463
0.45,0,0.12,0.509,0.485,0.509,0.485,0,93.463
0.45,0,0.25,0.544,0.519,0.544,0.519,0,93.463
0.45,0,0.37,0.579,0.554,0.579,0.554,0,93.463
0.45,0,0.49,0.613,0.589,0.613,0.589,0,93.463
0.45,0,0.61,0.648,0.623,0.648,0.623,0,93.463
0.45,0,0.74,0.683,0.658,0.683,0.658,0,93.463
0.45,0,0.86,0.717,0.693,0.717,0.693,0,93.463
0.45,0,1,0.758,0.733,0.758,0.733,0,93.463
0.46,0,0,0.474,0.45,0.474,0.45,0,93.463
0.46,0,0.12,0.509,0.484,0.509,0.484,0,93.463
0.46,0,0.25,0.544,0.519,0.544,0.519,0,93.463
0.46,0,0.37,0.578,0.554,0.578,0.554,0,93.463
0.46,0,0.49,0.613,0.588,0.613,0.588,0,93.463
0.46,0,0.61,0.647,0.623,0.647,0.623,0,93.463
0.46,0,0.74,0.682,0.657,0.682,0.657,0,93.463
0.46,0,0.86,0.717,0.692,0.717,0.692,0,93.463
0.46,0,1,0.757,0.732,0.757,0.732,0,93.463
0.47,0,0,0.474,0.449,0.474,0.449,0,93.463
0.47,0,0.12,0.508,0.484,0.508,0.484,0,93.463
0.47,0,0.25,0.543,0.518,0.543,0.518,0,93.463
0.47,0,0.37,0.578,0.553,0.578,0.553,0,93.463
0.47,0,0.49,0.612,0.588,0.612,0.588,0,93.463
0.47,0,0.61,0.647,0.622,0.647,0.622,0,93.463
0.47,0,0.74,0.682,0.657,0.682,0.657,0,93.463
0.47,0,0.86,0.716,0.692,0.716,0.692,0,93.463
0.47,0,1,0.756,0.732,0.756,0.732,0,93.463
0.48,0,0,0.473,0.448,0.473,0.448,0,93.463
0.48,0,0.12,0.508,0.483,0.508,0.483,0,93.463
0.48,0,0.25,0.542,0.518,0.542,0.518,0,93.463
0.48,0,0.37,0.577,0.552,0.577,0.552,0,93.463
0.48,0,0.49,0.612,0.587,0.612,0.587,0,93.463
0.48,0,0.61,0.646,0.622,0.646,0.622,0,93.463
0.48,0,0.74,0.681,0.656,0.681,0.656,0,93.463
0.48,0,0.86,0.716,0.691,0.716,0.691,0,93.463
0.48,0,1,0.756,0.731,0.756,0.731,0,93.463
0.49,0,0,0.473,0.448,0.473,0.448,0,93.463
0.49,0,0.12,0.507,0.483,0.507,0.483,0,93.463
0.49,0,0.25,0.542,0.517,0.542,0.517,0,93.463
0.49,0,0.37,0.577,0.552,0.577,0.552,0,93.463
0.49,0,0.49,0.611,0.587,0.611,0.587,0,93.463
0.49,0,0.61,0.646,0.621,0.646,0.621,0,93.463
0.49,0,0.74,0.681,0.656,0.681,0.656,0,93.463
0.49,0,0.86,0.715,0.69,0.715,0.69,0,93.463
0.49,0,1,0.755,0.731,0.755,0.731,0,93.463
0.5,0,0,0.472,0.447,0.472,0.447,0,93.463
0.5,0,0.12,0.507,0.482,0.507,0.482,0,93.463
0.5,0,0.25,0.541,0.517,0.541,0.517,0,93.463
0.5,0,0.37,0.576,0.551,0.576,0.551,0,93.463
0.5,0,0.49,0.611,0.586,0.611,0.586,0,93.463
0.5,0,0.61,0.645,0.621,0.645,0.621,0,93.463
0.5,0,0.74,0.68,0.655,0.68,0.655,0,93.463
0.5,0,0.86,0.715,0.69,0.715,0.69,0,93.463
0.5,0,1,0.755,0.73,0.755,0.73,0,93.463
0.51,0,0,0.472,0.447,0.472,0.447,0,93.463
0.51,0,0.12,0.506,0.482,0.506,0.482,0,93.463
0.51,0,0.25,0.541,0.516,0.541,0.516,0,93.463
0.51,0,0.37,0.576,0.551,0.576,0.551,0,93.463
0.51,0,0.49,0.61,0.586,0.61,0.586,0,93.463
0.51,0,0.61,0.645,0.62,0.645,0.62,0,93.463
0.51,0,0.74,0.679,0.655,0.679,0.655,0,93.463
0.51,0,0.86,0.714,0.689,0.714,0.689,0,93.463
0.51,0,1,0.754,0.73,0.754,0.73,0,93.463
0.52,0,0,0.471,0.446,0.471,0.446,0,93.463
0.52,0,0.12,0.506,0.481,0.506,0.481,0,93.463
0.52,0,0.25,0.54,0.516,0.54,0.516,0,93.463
0.52,0,0.37,0.575,0.55,0.575,0.55,0,93.463
0.52,0,0.49,0.61,0.585,0.61,0.585,0,93.463
0.52,0,0.61,0.644,0.62,0.644,0.62,0,93.463
0.52,0,0.74,0.679,0.654,0.679,0.654,0,93.463
0.52,0,0.86,0.714,0.689,0.714,0.689,0,93.463
0.52,0,1,0.754,0.729,0.754,0.729,0,93.463
0.53,0,0,0.471,0.446,0.471,0.446,0,93.463
0.53,0,0.12,0.505,0.481,0.505,0.481,0,93.463
0.53,0,0.25,0.54,0.515,0.54,0.515,0,93.463
0.53,0,0.37,0.575,0.55,0.575,0.55,0,93.463
0.53,0,0.49,0.609,0.585,0.609,0.585,0,93.463
0.53,0,0.61,0.644,0.619,0.644,0.619,0,93.463
0.53,0,0.74,0.679,0.654,0.679,0.654,0,93.463
0.53,0,0.86,0.713,0.689,0.713,0.689,0,93.463
0.53,0,1,0.753,0.729,0.753,0.729,0,93.463
0.54,0,0,0.47,0.446,0.47,0.446,0,93.463
0.54,0,0.12,0.505,0.48,0.505,0.48,0,93.463
0.54,0,0.25,0.54,0.515,0.54,0.515,0,93.463
0.54,0,0.37,0.574,0.549,0.574,0.549,0,93.463
0.54,0,0.49,0.609,0.584,0.609,0.584,0,93.463
0.54,0,0.61,0.643,0.619,0.643,0.619,0,93.463
0.54,0,0.74,0.678,0.653,0.678,0.653,0,93.463
0.54,0,0.86,0.713,0.688,0.713,0.688,0,93.463
0.54,0,1,0.753,0.728,0.753,0.728,0,93.463
0.55,0,0,0.47,0.445,0.47,0.445,0,93.463
0.55,0,0.12,0.504,0.48,0.504,0.48,0,93.463
0.55,0,0.25,0.539,0.514,0.539,0.514,0,93.463
0.55,0,0.37,0.574,0.549,0.574,0.549,0,93.463
0.55,0,0.49,0.608,0.584,0.608,0.584,0,93.463
0.55,0,0.61,0.643,0.618,0.643,0.618,0,93.463
0.55,0,0.74,0.678,0.653,0.678,0.653,0,93.463
0.55,0,0.86,0.712,0.688,0.712,0.688,0,93.463
0.55,0,1,0.752,0.728,0.752,0.728,0,93.463
0.56,0,0,0.469,0.445,0.469,0.445,0,93.463
0.56,0,0.12,0.504,0.479,0.504,0.479,0,93.463
0.56,0,0.25,0.539,0.514,0.539,0.514,0,93.463
0.56,0,0.37,0.573,0.549,0.573,0.549,0,93.463
0.56,0,0.49,0.608,0.583,0.608,0.583,0,93.463
0.56,0,0.61,0.643,0.618,0.643,0.618,0,93.463
0.56,0,0.74,0.677,0.653,0.677,0.653,0,93.463
0.56,0,0.86,0.712,0.687,0.712,0.687,0,93.463
0.56,0,1,0.752,0.727,0.752,0.727,0,93.463
0.57,0,0,0.469,0.444,0.469,0.444,0,93.463
0.57,0,0.12,0.504,0.479,0.504,0.479,0,93.463
0.57,0,0.25,0.538,0.514,0.538,0.514,0,93.463
0.57,0,0.37,0.573,0.548,0.573,0.548,0,93.463
0.57,0,0.49,0.608,0.583,0.608,0.583,0,93.463
0.57,0,0.61,0.642,0.618,0.642,0.618,0,93.463
0.57,0,0.74,0.677,0.652,0.677,0.652,0,93.463
0.57,0,0.86,0.711,0.687,0.711,0.687,0,93.463
0.57,0,1,0.752,0.727,0.752,0.727,0,93.463
0.58,0,0,0.469,0.444,0.469,0.444,0,93.463
0.58,0,0.12,0.503,0.479,0.503,0.479,0,93.463
0.58,0,0.25,0.538,0.513,0.538,0.513,0,93.463
0.58,0,0.37,0.572,0.548,0.572,0.548,0,93.463
0.58,0,0.49,0.607,0.582,0.607,0.582,0,93.463
0.58,0,0.61,0.642,0.617,0.642,0.617,0,93.463
0.58,0,0.74,0.676,0.652,0.676,0.652,0,93.463
0.58,0,0.86,0.711,0.686,0.711,0.686,0,93.463
0.58,0,1,0.751,0.727,0.751,0.727,0,93.463
0.59,0,0,0.468,0.443,0.468,0.443,0,93.463
0.59,0,0.12,0.503,0.478,0.503,0.478,0,93.463
0.59,0,0.25,0.537,0.512,0.537,0.512,0,93.463
0.59,0,0.37,0.572,0.547,0.572,0.547,0,93.463
0.59,0,0.49,0.607,0.582,0.607,0.582,0,93.463
0.59,0,0.61,0.641,0.616,0.641,0.616,0,93.463
0.59,0,0.74,0.676,0.651,0.676,0.651,0,93.463
0.59,0,0.86,0.711,0.686,0.711,0.686,0,93.463
0.59,0,1,0.751,0.726,0.751,0.726,0,93.463
0.6,0,0,0.468,0.442,0.468,0.442,0,93.463
0.6,0,0.12,0.502,0.477,0.502,0.477,0,93.463
0.6,0,0.25,0.537,0.511,0.537,0.511,0,93.463
0.6,0,0.37,0.572,0.546,0.572,0.546,0,93.463
0.6,0,0.49,0.606,0.581,0.606,0.581,0,93.463
0.6,0,0.61,0.641,0.615,0.641,0.615,0,93.463
0.6,0,0.74,0.676,0.65,0.676,0.65,0,93.463
0.6,0,0.86,0.71,0.685,0.71,0.685,0,93.463
0.6,0,1,0.75,0.725,0.75,0.725,0,93.463
0.61,0,0,0.468,0.442,0.468,0.442,0,93.463
0.61,0,0.12,0.502,0.476,0.502,0.476,0,93.463
0.61,0,0.25,0.537,0.511,0.537,0.511,0,93.463
0.61,0,0.37,0.572,0.546,0.572,0.546,0,93.463
0.61,0,0.49,0.606,0.58,0.606,0.58,0,93.463
0.61,0,0.61,0.641,0.615,0.641,0.615,0,93.463
0.61,0,0.74,0.676,0.649,0.676,0.649,0,93.463
0.61,0,0.86,0.71,0.684,0.71,0.684,0,93.463
0.61,0,1,0.75,0.724,0.75,0.724,0,93.463
0.62,0,0,0.468,0.441,0.468,0.441,0,93.463
0.62,0,0.12,0.502,0.476,0.502,0.476,0,93.463
0.62,0,0.25,0.537,0.51,0.537,0.51,0,93.463
0.62,0,0.37,0.572,0.545,0.572,0.545,0,93.463
0.62,0,0.49,0.606,0.58,0.606,0.58,0,93.463
0.62,0,0.61,0.641,0.614,0.641,0.614,0,93.463
0.62,0,0.74,0.676,0.649,0.676,0.649,0,93.463
0.62,0,0.86,0.71,0.684,0.71,0.684,0,93.463
0.62,0,1,0.75,0.724,0.75,0.724,0,93.463
0.63,0,0,0.468,0.441,0.468,0.441,0,93.463
0.63,0,0.12,0.502,0.475,0.502,0.475,0,93.463
0.63,0,0.25,0.537,0.51,0.537,0.51,0,93.463
0.63,0,0.37,0.572,0.545,0.572,0.545,0,93.463
0.63,0,0.49,0.606,0.579,0.606,0.579,0,93.463
0.63,0,0.61,0.641,0.614,0.641,0.614,0,93.463
0.63,0,0.74,0.676,0.648,0.676,0.648,0,93.463
0.63,0,0.86,0.71,0.683,0.71,0.683,0,93.463
0.63,0,1,0.751,0.723,0.751,0.723,0,93.463
0.64,0,0,0.468,0.44,0.468,0.44,0,93.463
0.64,0,0.12,0.502,0.475,0.502,0.475,0,93.463
0.64,0,0.25,0.537,0.509,0.537,0.509,0,93.463
0.64,0,0.37,0.572,0.544,0.572,0.544,0,93.463
0.64,0,0.49,0.606,0.579,0.606,0.579,0,93.463
0.64,0,0.61,0.641,0.613,0.641,0.613,0,93.463
0.64,0,0.74,0.676,0.648,0.676,0.648,0,93.463
0.64,0,0.86,0.71,0.683,0.71,0.683,0,93.463
0.64,0,1,0.751,0.723,0.751,0.723,0,93.463
0.65,0,0,0.468,0.44,0.468,0.44,0,93.463
0.65,0,0.12,0.502,0.474,0.502,0.474,0,93.463
0.65,0,0.25,0.537,0.509,0.537,0.509,0,93.463
0.65,0,0.37,0.572,0.544,0.572,0.544,0,93.463
0.65,0,0.49,0.606,0.578,0.606,0.578,0,93.463
0.65,0,0.61,0.641,0.613,0.641,0.613,0,93.463
0.65,0,0.74,0.676,0.648,0.676,0.648,0,93.463
0.65,0,0.86,0.71,0.682,0.71,0.682,0,93.463
0.65,0,1,0.751,0.722,0.751,0.722,0,93.463
0.66,0,0,0.468,0.439,0.468,0.439,0,93.463
0.66,0,0.12,0.503,0.474,0.503,0.474,0,93.463
0.66,0,0.25,0.537,0.508,0.537,0.508,0,93.463
0.66,0,0.37,0.572,0.543,0.572,0.543,0,93.463
0.66,0,0.49,0.606,0.578,0.606,0.578,0,93.463
0.66,0,0.61,0.641,0.612,0.641,0.612,0,93.463
0.66,0,0.74,0.676,0.647,0.676,0.647,0,93.463
0.66,0,0.86,0.71,0.682,0.71,0.682,0,93.463
0.66,0,1,0.751,0.722,0.751,0.722,0,93.463
0.67,0,0,0.468,0.439,0.468,0.439,0,93.463
0.67,0,0.12,0.503,0.473,0.503,0.473,0,93.463
0.67,0,0.25,0.537,0.508,0.537,0.508,0,93.463
0.67,0,0.37,0.572,0.543,0.572,0.543,0,93.463
0.67,0,0.49,0.607,0.577,0.607,0.577,0,93.463
0.67,0,0.61,0.641,0.612,0.641,0.612,0,93.463
0.67,0,0.74,0.676,0.647,0.676,0.647,0,93.463
0.67,0,0.86,0.71,0.681,0.71,0.681,0,93.463
0.67,0,1,0.751,0.721,0.751,0.721,0,93.463
0.68,0,0,0.468,0.438,0.468,0.438,0,93.463
0.68,0,0.12,0.503,0.473,0.503,0.473,0,93.463
0.68,0,0.25,0.537,0.508,0.537,0.508,0,93.463
0.68,0,0.37,0.572,0.542,0.572,0.542,0,93.463
0.68,0,0.49,0.607,0.577,0.607,0.577,0,93.463
0.68,0,0.61,0.641,0.612,0.641,0.612,0,93.463
0.68,0,0.74,0.676,0.646,0.676,0.646,0,93.463
0.68,0,0.86,0.711,0.681,0.711,0.681,0,93.463
0.68,0,1,0.751,0.721,0.751,0.721,0,93.463
0.69,0,0,0.468,0.438,0.468,0.438,0,93.463
0.69,0,0.12,0.503,0.472,0.503,0.472,0,93.463
0.69,0,0.25,0.537,0.507,0.537,0.507,0,93.463
0.69,0,0.37,0.572,0.542,0.572,0.542,0,93.463
0.69,0,0.49,0.607,0.576,0.607,0.576,0,93.463
0.69,0,0.61,0.641,0.611,0.641,0.611,0,93.463
0.69,0,0.74,0.676,0.646,0.676,0.646,0,93.463
0.69,0,0.86,0.711,0.68,0.711,0.68,0,93.463
0.69,0,1,0.751,0.721,0.751,0.721,0,93.463
0.7,0,0,0.468,0.437,0.468,0.437,0,93.463
0.7,0,0.12,0.503,0.472,0.503,0.472,0,93.463
0.7,0,0.25,0.537,0.507,0.537,0.507,0,93.463
0.7,0,0.37,0.572,0.541,0.572,0.541,0,93.463
0.7,0,0.49,0.607,0.576,0.607,0.576,0,93.463
0.7,0,0.61,0.641,0.611,0.641,0.611,0,93.463
0.7,0,0.74,0.676,0.645,0.676,0.645,0,93.463
0.7,0,0.86,0.711,0.68,0.711,0.68,0,93.463
0.7,0,1,0.751,0.72,0.751,0.72,0,93.463
0.71,0,0,0.468,0.437,0.468,0.437,0,93.463
0.71,0,0.12,0.503,0.472,0.503,0.472,0,93.463
0.71,0,0.25,0.538,0.506,0.538,0.506,0,93.463
0.71,0,0.37,0.572,0.541,0.572,0.541,0,93.463
0.71,0,0.49,0.607,0.576,0.607,0.576,0,93.463
0.71,0,0.61,0.641,0.61,0.641,0.61,0,93.463
0.71,0,0.74,0.676,0.645,0.676,0.645,0,93.463
0.71,0,0.86,0.711,0.68,0.711,0.68,0,93.463
0.71,0,1,0.751,0.72,0.751,0.72,0,93.463
0.72,0,0,0.468,0.437,0.468,0.437,0,93.463
0.72,0,0.12,0.503,0.471,0.503,0.471,0,93.463
0.72,0,0.25,0.538,0.506,0.538,0.506,0,93.463
0.72,0,0.37,0.572,0.541,0.572,0.541,0,93.463
0.72,0,0.49,0.607,0.575,0.607,0.575,0,93.463
0.72,0,0.61,0.642,0.61,0.642,0.61,0,93.463
0.72,0,0.74,0.676,0.644,0.676,0.644,0,93.463
0.72,0,0.86,0.711,0.679,0.711,0.679,0,93.463
0.72,0,1,0.751,0.719,0.751,0.719,0,93.463
0.73,0,0,0.468,0.436,0.468,0.436,0,93.463
0.73,0,0.12,0.503,0.471,0.503,0.471,0,93.463
0.73,0,0.25,0.538,0.505,0.538,0.505,0,93.463
0.73,0,0.37,0.572,0.54,0.572,0.54,0,93.463
0.73,0,0.49,0.607,0.575,0.607,0.575,0,93.463
0.73,0,0.61,0.642,0.609,0.642,0.609,0,93.463
0.73,0,0.74,0.676,0.644,0.676,0.644,0,93.463
0.73,0,0.86,0.711,0.679,0.711,0.679,0,93.463
0.73,0,1,0.751,0.719,0.751,0.719,0,93.463
0.74,0,0,0.468,0.436,0.468,0.436,0,93.463
0.74,0,0.12,0.503,0.47,0.503,0.47,0,93.463
0.74,0,0.25,0.538,0.505,0.538,0.505,0,93.463
0.74,0,0.37,0.572,0.54,0.572,0.54,0,93.463
0.74,0,0.49,0.607,0.574,0.607,0.574,0,93.463
0.74,0,0.61,0.642,0.609,0.642,0.609,0,93.463
0.74,0,0.74,0.676,0.644,0.676,0.644,0,93.463
0.74,0,0.86,0.711,0.678,0.711,0.678,0,93.463
0.74,0,1,0.751,0.719,0.751,0.719,0,93.463
0.75,0,0,0.469,0.435,0.469,0.435,0,93.463
0.75,0,0.12,0.503,0.47,0.503,0.47,0,93.463
0.75,0,0.25,0.538,0.505,0.538,0.505,0,93.463
0.75,0,0.37,0.573,0.539,0.573,0.539,0,93.463
0.75,0,0.49,0.607,0.574,0.607,0.574,0,93.463
0.75,0,0.61,0.642,0.609,0.642,0.609,0,93.463
0.75,0,0.74,0.677,0.643,0.677,0.643,0,93.463
0.75,0,0.86,0.711,0.678,0.711,0.678,0,93.463
0.75,0,1,0.751,0.718,0.751,0.718,0,93.463
0.76,0,0,0.469,0.435,0.469,0.435,0,93.463
0.76,0,0.12,0.503,0.47,0.503,0.47,0,93.463
0.76,0,0.25,0.538,0.504,0.538,0.504,0,93.463
0.76,0,0.37,0.573,0.539,0.573,0.539,0,93.463
0.76,0,0.49,0.607,0.574,0.607,0.574,0,93.463
0.76,0,0.61,0.642,0.608,0.642,0.608,0,93.463
0.76,0,0.74,0.677,0.643,0.677,0.643,0,93.463
0.76,0,0.86,0.711,0.678,0.711,0.678,0,93.463
0.76,0,1,0.751,0.718,0.751,0.718,0,93.463
0.77,0,0,0.469,0.435,0.469,0.435,0,93.463
0.77,0,0.12,0.503,0.469,0.503,0.469,0,93.463
0.77,0,0.25,0.538,0.504,0.538,0.504,0,93.463
0.77,0,0.37,0.573,0.539,0.573,0.539,0,93.463
0.77,0,0.49,0.607,0.573,0.607,0.573,0,93.463
0.77,0,0.61,0.642,0.608,0.642,0.608,0,93.463
0.77,0,0.74,0.677,0.643,0.677,0.643,0,93.463
0.77,0,0.86,0.711,0.677,0.711,0.677,0,93.463
0.77,0,1,0.752,0.717,0.752,0.717,0,93.463
0.78,0,0,0.469,0.434,0.469,0.434,0,93.463
0.78,0,0.12,0.504,0.469,0.504,0.469,0,93.463
0.78,0,0.25,0.538,0.504,0.538,0.504,0,93.463
0.78,0,0.37,0.573,0.538,0.573,0.538,0,93.463
0.78,0,0.49,0.608,0.573,0.608,0.573,0,93.463
0.78,0,0.61,0.642,0.608,0.642,0.608,0,93.463
0.78,0,0.74,0.677,0.642,0.677,0.642,0,93.463
0.78,0,0.86,0.712,0.677,0.712,0.677,0,93.463
0.78,0,1,0.752,0.717,0.752,0.717,0,93.463
0.79,0,0,0.469,0.434,0.469,0.434,0,93.463
0.79,0,0.12,0.504,0.469,0.504,0.469,0,93.463
0.79,0,0.25,0.538,0.503,0.538,0.503,0,93.463
0.79,0,0.37,0.573,0.538,0.573,0.538,0,93.463
0.79,0,0.49,0.608,0.572,0.608,0.572,0,93.463
0.79,0,0.61,0.642,0.607,0.642,0.607,0,93.463
0.79,0,0.74,0.677,0.642,0.677,0.642,0,93.463
0.79,0,0.86,0.712,0.676,0.712,0.676,0,93.463
0.79,0,1,0.752,0.717,0.752,0.717,0,93.463
0.8,0,0,0.469,0.434,0.469,0.434,0,93.463
0.8,0,0.12,0.504,0.468,0.504,0.468,0,93.463
0.8,0,0.25,0.539,0.503,0.539,0.503,0,93.463
0.8,0,0.37,0.573,0.537,0.573,0.537,0,93.463
0.8,0,0.49,0.608,0.572,0.608,0.572,0,93.463
0.8,0,0.61,0.643,0.607,0.643,0.607,0,93.463
0.8,0,0.74,0.677,0.641,0.677,0.641,0,93.463
0.8,0,0.86,0.712,0.676,0.712,0.676,0,93.463
0.8,0,1,0.752,0.716,0.752,0.716,0,93.463
0.81,0,0,0.469,0.433,0.469,0.433,0,93.463
0.81,0,0.12,0.504,0.468,0.504,0.468,0,93.463
0.81,0,0.25,0.539,0.502,0.539,0.502,0,93.463
0.81,0,0.37,0.573,0.537,0.573,0.537,0,93.463
0.81,0,0.49,0.608,0.572,0.608,0.572,0,93.463
0.81,0,0.61,0.643,0.606,0.643,0.606,0,93.463
0.81,0,0.74,0.677,0.641,0.677,0.641,0,93.463
0.81,0,0.86,0.712,0.676,0.712,0.676,0,93.463
0.81,0,1,0.752,0.716,0.752,0.716,0,93.463
0.82,0,0,0.47,0.433,0.47,0.433,0,93.463
0.82,0,0.12,0.504,0.467,0.504,0.467,0,93.463
0.82,0,0.25,0.539,0.502,0.539,0.502,0,93.463
0.82,0,0.37,0.574,0.537,0.574,0.537,0,93.463
0.82,0,0.49,0.608,0.571,0.608,0.571,0,93.463
0.82,0,0.61,0.643,0.606,0.643,0.606,0,93.463
0.82,0,0.74,0.677,0.641,0.677,0.641,0,93.463
0.82,0,0.86,0.712,0.675,0.712,0.675,0,93.463
0.82,0,1,0.752,0.716,0.752,0.716,0,93.463
0.83,0,0,0.47,0.432,0.47,0.432,0,93.463
0.83,0,0.12,0.504,0.467,0.504,0.467,0,93.463
0.83,0,0.25,0.539,0.502,0.539,0.502,0,93.463
0.83,0,0.37,0.574,0.536,0.574,0.536,0,93.463
0.83,0,0.49,0.608,0.571,0.608,0.571,0,93.463
0.83,0,0.61,0.643,0.606,0.643,0.606,0,93.463
0.83,0,0.74,0.678,0.64,0.678,0.64,0,93.463
0.83,0,0.86,0.712,0.675,0.712,0.675,0,93.463
0.83,0,1,0.752,0.715,0.752,0.715,0,93.463
0.84,0,0,0.47,0.432,0.47,0.432,0,93.463
0.84,0,0.12,0.505,0.467,0.505,0.467,0,93.463
0.84,0,0.25,0.539,0.501,0.539,0.501,0,93.463
0.84,0,0.37,0.574,0.536,0.574,0.536,0,93.463
0.84,0,0.49,0.608,0.571,0.608,0.571,0,93.463
0.84,0,0.61,0.643,0.605,0.643,0.605,0,93.463
0.84,0,0.74,0.678,0.64,0.678,0.64,0,93.463
0.84,0,0.86,0.712,0.675,0.712,0.675,0,93.463
0.84,0,1,0.753,0.715,0.753,0.715,0,93.463
0.85,0,0,0.47,0.432,0.47,0.432,0,93.463
0.85,0,0.12,0.505,0.466,0.505,0.466,0,93.463
0.85,0,0.25,0.539,0.501,0.539,0.501,0,93.463
0.85,0,0.37,0.574,0.536,0.574,0.536,0,93.463
0.85,0,0.49,0.609,0.57,0.609,0.57,0,93.463
0.85,0,0.61,0.643,0.605,0.643,0.605,0,93.463
0.85,0,0.74,0.678,0.64,0.678,0.64,0,93.463
0.85,0,0.86,0.713,0.674,0.713,0.674,0,93.463
0.85,0,1,0.753,0.715,0.753,0.715,0,93.463
0.86,0,0,0.47,0.432,0.47,0.432,0,93.463
0.86,0,0.12,0.505,0.466,0.505,0.466,0,93.463
0.86,0,0.25,0.54,0.501,0.54,0.501,0,93.463
0.86,0,0.37,0.574,0.535,0.574,0.535,0,93.463
0.86,0,0.49,0.609,0.57,0.609,0.57,0,93.463
0.86,0,0.61,0.643,0.605,0.643,0.605,0,93.463
0.86,0,0.74,0.678,0.639,0.678,0.639,0,93.463
0.86,0,0.86,0.713,0.674,0.713,0.674,0,93.463
0.86,0,1,0.753,0.714,0.753,0.714,0,93.463
0.87,0,0,0.47,0.431,0.47,0.431,0,93.463
0.87,0,0.12,0.505,0.466,0.505,0.466,0,93.463
0.87,0,0.25,0.54,0.5,0.54,0.5,0,93.463
0.87,0,0.37,0.574,0.535,0.574,0.535,0,93.463
0.87,0,0.49,0.609,0.57,0.609,0.57,0,93.463
0.87,0,0.61,0.644,0.604,0.644,0.604,0,93.463
0.87,0,0.74,0.678,0.639,0.678,0.639,0,93.463
0.87,0,0.86,0.713,0.674,0.713,0.674,0,93.463
0.87,0,1,0.753,0.714,0.753,0.714,0,93.463
0.88,0,0,0.471,0.431,0.471,0.431,0,93.463
0.88,0,0.12,0.505,0.466,0.505,0.466,0,93.463
0.88,0,0.25,0.54,0.5,0.54,0.5,0,93.463
0.88,0,0.37,0.575,0.535,0.575,0.535,0,93.463
0.88,0,0.49,0.609,0.569,0.609,0.569,0,93.463
0.88,0,0.61,0.644,0.604,0.644,0.604,0,93.463
0.88,0,0.74,0.679,0.639,0.679,0.639,0,93.463
0.88,0,0.86,0.713,0.673,0.713,0.673,0,93.463
0.88,0,1,0.753,0.714,0.753,0.714,0,93.463
0.89,0,0,0.471,0.431,0.471,0.431,0,93.463
0.89,0,0.12,0.505,0.465,0.505,0.465,0,93.463
0.89,0,0.25,0.54,0.5,0.54,0.5,0,93.463
0.89,0,0.37,0.575,0.535,0.575,0.535,0,93.463
0.89,0,0.49,0.609,0.569,0.609,0.569,0,93.463
0.89,0,0.61,0.644,0.604,0.644,0.604,0,93.463
0.89,0,0.74,0.679,0.638,0.679,0.638,0,93.463
0.89,0,0.86,0.713,0.673,0.713,0.673,0,93.463
0.89,0,1,0.754,0.713,0.754,0.713,0,93.463
0.9,0,0,0.471,0.43,0.471,0.43,0,93.463
0.9,0,0.12,0.506,0.465,0.506,0.465,0,93.463
0.9,0,0.25,0.54,0.5,0.54,0.5,0,93.463
0.9,0,0.37,0.575,0.534,0.575,0.534,0,93.463
0.9,0,0.49,0.61,0.569,0.61,0.569,0,93.463
0.9,0,0.61,0.644,0.604,0.644,0.604,0,93.463
0.9,0,0.74,0.679,0.638,0.679,0.638,0,93.463
0.9,0,0.86,0.714,0.673,0.714,0.673,0,93.463
0.9,0,1,0.754,0.713,0.754,0.713,0,93.463
0.91,0,0,0.474,0.433,0.474,0.433,0,93.911
0.91,0,0.12,0.509,0.468,0.509,0.468,0,93.911
0.91,0,0.25,0.544,0.503,0.544,0.503,0,93.911
0.91,0,0.37,0.579,0.538,0.579,0.538,0,93.911
0.91,0,0.49,0.614,0.573,0.614,0.573,0,93.911
0.91,0,0.61,0.649,0.608,0.649,0.608,0,93.911
0.91,0,0.74,0.684,0.642,0.684,0.642,0,93.911
0.91,0,0.86,0.718,0.677,0.718,0.677,0,93.911
0.91,0,1,0.759,0.718,0.759,0.718,0,93.911
0.92,0,0,0.484,0.442,0.484,0.442,0,94.358
0.92,0,0.12,0.519,0.478,0.519,0.478,0,94.358
0.92,0,0.25,0.555,0.513,0.555,0.513,0,94.358
0.92,0,0.37,0.591,0.549,0.591,0.549,0,94.358
0.92,0,0.49,0.626,0.584,0.626,0.584,0,94.358
0.92,0,0.61,0.662,0.62,0.662,0.62,0,94.358
0.92,0,0.74,0.697,0.656,0.697,0.656,0,94.358
0.92,0,0.86,0.733,0.691,0.733,0.691,0,94.358
0.92,0,1,0.774,0.732,0.774,0.732,0,94.358
0.93,0,0,0.498,0.454,0.498,0.454,0,94.806
0.93,0,0.12,0.534,0.491,0.534,0.491,0,94.806
0.93,0,0.25,0.571,0.528,0.571,0.528,0,94.806
0.93,0,0.37,0.608,0.564,0.608,0.564,0,94.806
0.93,0,0.49,0.645,0.601,0.645,0.601,0,94.806
0.93,0,0.61,0.681,0.638,0.681,0.638,0,94.806
0.93,0,0.74,0.718,0.674,0.718,0.674,0,94.806
0.93,0,0.86,0.755,0.711,0.755,0.711,0,94.806
0.93,0,1,0.797,0.753,0.797,0.753,0,94.806
0.94,0,0,0.511,0.465,0.511,0.465,0,95.254
0.94,0,0.12,0.549,0.503,0.549,0.503,0,95.254
0.94,0,0.25,0.587,0.541,0.587,0.541,0,95.254
0.94,0,0.37,0.625,0.579,0.625,0.579,0,95.254
0.94,0,0.49,0.663,0.617,0.663,0.617,0,95.254
0.94,0,0.61,0.7,0.654,0.7,0.654,0,95.254
0.94,0,0.74,0.738,0.692,0.738,0.692,0,95.254
0.94,0,0.86,0.776,0.73,0.776,0.73,0,95.254
0.94,0,1,0.82,0.774,0.82,0.774,0,95.254
0.95,0,0,0.525,0.477,0.525,0.477,0,95.702
0.95,0,0.12,0.564,0.516,0.564,0.516,0,95.702
0.95,0,0.25,0.603,0.555,0.603,0.555,0,95.702
0.95,0,0.37,0.642,0.593,0.642,0.593,0,95.702
0.95,0,0.49,0.681,0.632,0.681,0.632,0,95.702
0.95,0,0.61,0.719,0.671,0.719,0.671,0,95.702
0.95,0,0.74,0.758,0.71,0.758,0.71,0,95.702
0.95,0,0.86,0.797,0.749,0.797,0.749,0,95.702
0.95,0,1,0.842,0.794,0.842,0.794,0,95.702
0.96,0,0,0.538,0.488,0.538,0.488,0,96.149
0.96,0,0.12,0.578,0.528,0.578,0.528,0,96.149
0.96,0,0.25,0.619,0.568,0.619,0.568,0,96.149
0.96,0,0.37,0.659,0.608,0.659,0.608,0,96.149
0.96,0,0.49,0.699,0.648,0.699,0.648,0,96.149
0.96,0,0.61,0.739,0.688,0.739,0.688,0,96.149
0.96,0,0.74,0.779,0.728,0.779,0.728,0,96.149
0.96,0,0.86,0.819,0.768,0.819,0.768,0,96.149
0.96,0,1,0.865,0.815,0.865,0.815,0,96.149
0.97,0,0,0.552,0.499,0.552,0.499,0,96.597
0.97,0,0.12,0.593,0.54,0.593,0.54,0,96.597
0.97,0,0.25,0.634,0.582,0.634,0.582,0,96.597
0.97,0,0.37,0.675,0.623,0.675,0.623,0,96.597
0.97,0,0.49,0.717,0.664,0.717,0.664,0,96.597
0.97,0,0.61,0.758,0.705,0.758,0.705,0,96.597
0.97,0,0.74,0.799,0.746,0.799,0.746,0,96.597
0.97,0,0.86,0.84,0.787,0.84,0.787,0,96.597
0.97,0,1,0.888,0.835,0.888,0.835,0,96.597
0.98,0,0,0.566,0.51,0.566,0.51,0,97.045
0.98,0,0.12,0.608,0.553,0.608,0.553,0,97.045
0.98,0,0.25,0.65,0.595,0.65,0.595,0,97.045
0.98,0,0.37,0.692,0.637,0.692,0.637,0,97.045
0.98,0,0.49,0.735,0.68,0.735,0.68,0,97.045
0.98,0,0.61,0.777,0.722,0.777,0.722,0,97.045
0.98,0,0.74,0.819,0.764,0.819,0.764,0,97.045
0.98,0,0.86,0.861,0.806,0.861,0.806,0,97.045
0.98,0,1,0.91,0.855,0.91,0.855,0,97.045
0.99,0,0,0.579,0.522,0.579,0.522,0,97.493
0.99,0,0.12,0.622,0.565,0.622,0.565,0,97.493
0.99,0,0.25,0.666,0.609,0.666,0.609,0,97.493
0.99,0,0.37,0.709,0.652,0.709,0.652,0,97.493
0.99,0,0.49,0.753,0.695,0.753,0.695,0,97.493
0.99,0,0.61,0.796,0.739,0.796,0.739,0,97.493
0.99,0,0.74,0.839,0.782,0.839,0.782,0,97.493
0.99,0,0.86,0.883,0.826,0.883,0.826,0,97.493
0.99,0,1,0.933,0.876,0.933,0.876,0,97.493
1,0,0,0.593,0.533,0.593,0.533,0,97.94
1,0,0.12,0.637,0.578,0.637,0.578,0,97.94
1,0,0.25,0.682,0.622,0.682,0.622,0,97.94
1,0,0.37,0.726,0.667,0.726,0.667,0,97.94
1,0,0.49,0.771,0.711,0.771,0.711,0,97.94
1,0,0.61,0.815,0.756,0.815,0.756,0,97.94
1,0,0.74,0.86,0.8,0.86,0.8,0,97.94
1,0,0.86,0.904,0.845,0.904,0.845,0,97.94
1,0,1,0.956,0.896,0.956,0.896,0,97.94
1.01,0,0,0.606,0.544,0.606,0.544,0,98.388
1.01,0,0.12,0.652,0.59,0.652,0.59,0,98.388
1.01,0,0.25,0.697,0.636,0.697,0.636,0,98.388
1.01,0,0.37,0.743,0.681,0.743,0.681,0,98.388
1.01,0,0.49,0.789,0.727,0.789,0.727,0,98.388
1.01,0,0.61,0.834,0.772,0.834,0.772,0,98.388
1.01,0,0.74,0.88,0.818,0.88,0.818,0,98.388
1.01,0,0.86,0.926,0.864,0.926,0.864,0,98.388
1.01,0,1,0.979,0.917,0.979,0.917,0,98.388
1.02,0,0,0.62,0.556,0.62,0.556,0,98.836
1.02,0,0.12,0.666,0.602,0.666,0.602,0,98.836
1.02,0,0.25,0.713,0.649,0.713,0.649,0,98.836
1.02,0,0.37,0.76,0.696,0.76,0.696,0,98.836
1.02,0,0.49,0.807,0.743,0.807,0.743,0,98.836
1.02,0,0.61,0.853,0.789,0.853,0.789,0,98.836
1.02,0,0.74,0.9,0.836,0.9,0.836,0,98.836
1.02,0,0.86,0.947,0.883,0.947,0.883,0,98.836
1.02,0,1,1.001,0.937,1.001,0.937,0,98.836
1.03,0,0,0.633,0.567,0.633,0.567,0,99.284
1.03,0,0.12,0.681,0.615,0.681,0.615,0,99.284
1.03,0,0.25,0.729,0.663,0.729,0.663,0,99.284
1.03,0,0.37,0.777,0.71,0.777,0.71,0,99.284
1.03,0,0.49,0.825,0.758,0.825,0.758,0,99.284
1.03,0,0.61,0.873,0.806,0.873,0.806,0,99.284
1.03,0,0.74,0.921,0.854,0.921,0.854,0,99.284
1.03,0,0.86,0.968,0.902,0.968,0.902,0,99.284
1.03,0,1,1.024,0.957,1.024,0.957,0,99.284
1.04,0,0,0.647,0.578,0.647,0.578,0,99.731
1.04,0,0.12,0.696,0.627,0.696,0.627,0,99.731
1.04,0,0.25,0.745,0.676,0.745,0.676,0,99.731
1.04,0,0.37,0.794,0.725,0.794,0.725,0,99.731
1.04,0,0.49,0.843,0.774,0.843,0.774,0,99.731
1.04,0,0.61,0.892,0.823,0.892,0.823,0,99.731
1.04,0,0.74,0.941,0.872,0.941,0.872,0,99.731
1.04,0,0.86,0.99,0.921,0.99,0.921,0,99.731
1.04,0,1,1.047,0.978,1.047,0.978,0,99.731
1.05,0,0,0.66,0.589,0.66,0.589,0,100.179
1.05,0,0.12,0.71,0.639,0.71,0.639,0,100.179
1.05,0,0.25,0.761,0.69,0.761,0.69,0,100.179
1.05,0,0.37,0.811,0.74,0.811,0.74,0,100.179
1.05,0,0.49,0.861,0.79,0.861,0.79,0,100.179
1.05,0,0.61,0.911,0.84,0.911,0.84,0,100.179
1.05,0,0.74,0.961,0.89,0.961,0.89,0,100.179
1.05,0,0.86,1.011,0.94,1.011,0.94,0,100.179
1.05,0,1,1.069,0.998,1.069,0.998,0,100.179
1.06,0,0,0.659,0.588,0.659,0.588,0,100.327
1.06,0,0.12,0.709,0.638,0.709,0.638,0,100.327
1.06,0,0.25,0.759,0.689,0.759,0.689,0,100.327
1.06,0,0.37,0.81,0.739,0.81,0.739,0,100.327
1.06,0,0.49,0.86,0.789,0.86,0.789,0,100.327
1.06,0,0.61,0.91,0.84,0.91,0.84,0,100.327
1.06,0,0.74,0.961,0.89,0.961,0.89,0,100.327
1.06,0,0.86,1.011,0.94,1.011,0.94,0,100.327
1.06,0,1,1.069,0.999,1.069,0.999,0,100.327
1.07,0,0,0.657,0.587,0.657,0.587,0,100.462
1.07,0,0.12,0.708,0.637,0.708,0.637,0,100.462
1.07,0,0.25,0.758,0.688,0.758,0.688,0,100.462
1.07,0,0.37,0.809,0.738,0.809,0.738,0,100.462
1.07,0,0.49,0.859,0.789,0.859,0.789,0,100.462
1.07,0,0.61,0.91,0.839,0.91,0.839,0,100.462
1.07,0,0.74,0.96,0.89,0.96,0.89,0,100.462
1.07,0,0.86,1.011,0.94,1.011,0.94,0,100.462
1.07,0,1,1.069,0.999,1.069,0.999,0,100.462
1.08,0,0,0.655,0.585,0.655,0.585,0,100.588
1.08,0,0.12,0.706,0.636,0.706,0.636,0,100.588
1.08,0,0.25,0.757,0.687,0.757,0.687,0,100.588
1.08,0,0.37,0.808,0.737,0.808,0.737,0,100.588
1.08,0,0.49,0.858,0.788,0.858,0.788,0,100.588
1.08,0,0.61,0.909,0.839,0.909,0.839,0,100.588
1.08,0,0.74,0.96,0.89,0.96,0.89,0,100.588
1.08,0,0.86,1.01,0.94,1.01,0.94,0,100.588
1.08,0,1,1.069,0.999,1.069,0.999,0,100.588
1.09,0,0,0.654,0.584,0.654,0.584,0,100.706
1.09,0,0.12,0.705,0.635,0.705,0.635,0,100.706
1.09,0,0.25,0.756,0.686,0.756,0.686,0,100.706
1.09,0,0.37,0.807,0.737,0.807,0.737,0,100.706
1.09,0,0.49,0.858,0.788,0.858,0.788,0,100.706
1.09,0,0.61,0.908,0.839,0.908,0.839,0,100.706
1.09,0,0.74,0.959,0.89,0.959,0.89,0,100.706
1.09,0,0.86,1.01,0.941,1.01,0.941,0,100.706
1.09,0,1,1.069,1,1.069,1,0,100.706
1.1,0,0,0.652,0.583,0.652,0.583,0,100.817
1.1,0,0.12,0.703,0.634,0.703,0.634,0,100.817
1.1,0,0.25,0.754,0.685,0.754,0.685,0,100.817
1.1,0,0.37,0.806,0.736,0.806,0.736,0,100.817
1.1,0,0.49,0.857,0.787,0.857,0.787,0,100.817
1.1,0,0.61,0.908,0.838,0.908,0.838,0,100.817
1.1,0,0.74,0.959,0.89,0.959,0.89,0,100.817
1.1,0,0.86,1.01,0.941,1.01,0.941,0,100.817
1.1,0,1,1.069,1,1.069,1,0,100.817
1.11,0,0,0.651,0.581,0.651,0.581,0,100.923
1.11,0,0.12,0.702,0.633,0.702,0.633,0,100.923
1.11,0,0.25,0.753,0.684,0.753,0.684,0,100.923
1.11,0,0.37,0.805,0.735,0.805,0.735,0,100.923
1.11,0,0.49,0.856,0.787,0.856,0.787,0,100.923
1.11,0,0.61,0.907,0.838,0.907,0.838,0,100.923
1.11,0,0.74,0.959,0.889,0.959,0.889,0,100.923
1.11,0,0.86,1.01,0.941,1.01,0.941,0,100.923
1.11,0,1,1.069,1,1.069,1,0,100.923
1.12,0,0,0.649,0.58,0.649,0.58,0,101.024
1.12,0,0.12,0.701,0.632,0.701,0.632,0,101.024
1.12,0,0.25,0.752,0.683,0.752,0.683,0,101.024
1.12,0,0.37,0.804,0.735,0.804,0.735,0,101.024
1.12,0,0.49,0.855,0.786,0.855,0.786,0,101.024
1.12,0,0.61,0.907,0.838,0.907,0.838,0,101.024
1.12,0,0.74,0.958,0.889,0.958,0.889,0,101.024
1.12,0,0.86,1.01,0.941,1.01,0.941,0,101.024
1.12,0,1,1.07,1.001,1.07,1.001,0,101.024
1.13,0,0,0.648,0.579,0.648,0.579,0,101.121
1.13,0,0.12,0.699,0.631,0.699,0.631,0,101.121
1.13,0,0.25,0.751,0.682,0.751,0.682,0,101.121
1.13,0,0.37,0.803,0.734,0.803,0.734,0,101.121
1.13,0,0.49,0.854,0.786,0.854,0.786,0,101.121
1.13,0,0.61,0.906,0.838,0.906,0.838,0,101.121
1.13,0,0.74,0.958,0.889,0.958,0.889,0,101.121
1.13,0,0.86,1.01,0.941,1.01,0.941,0,101.121
1.13,0,1,1.07,1.001,1.07,1.001,0,101.121
1.14,0,0,0.646,0.578,0.646,0.578,0,101.214
1.14,0,0.12,0.698,0.63,0.698,0.63,0,101.214
1.14,0,0.25,0.75,0.682,0.75,0.682,0,101.214
1.14,0,0.37,0.802,0.734,0.802,0.734,0,101.214
1.14,0,0.49,0.854,0.785,0.854,0.785,0,101.214
1.14,0,0.61,0.906,0.837,0.906,0.837,0,101.214
1.14,0,0.74,0.958,0.889,0.958,0.889,0,101.214
1.14,0,0.86,1.01,0.941,1.01,0.941,0,101.214
1.14,0,1,1.07,1.001,1.07,1.001,0,101.214
1.15,0,0,0.645,0.577,0.645,0.577,0,101.304
1.15,0,0.12,0.697,0.629,0.697,0.629,0,101.304
1.15,0,0.25,0.749,0.681,0.749,0.681,0,101.304
1.15,0,0.37,0.801,0.733,0.801,0.733,0,101.304
1.15,0,0.49,0.853,0.785,0.853,0.785,0,101.304
1.15,0,0.61,0.905,0.837,0.905,0.837,0,101.304
1.15,0,0.74,0.957,0.889,0.957,0.889,0,101.304
1.15,0,0.86,1.009,0.941,1.009,0.941,0,101.304
1.15,0,1,1.07,1.002,1.07,1.002,0,101.304
1.16,0,0,0.642,0.575,0.642,0.575,0,101.391
1.16,0,0.12,0.695,0.627,0.695,0.627,0,101.391
1.16,0,0.25,0.747,0.679,0.747,0.679,0,101.391
1.16,0,0.37,0.799,0.731,0.799,0.731,0,101.391
1.16,0,0.49,0.851,0.784,0.851,0.784,0,101.391
1.16,0,0.61,0.904,0.836,0.904,0.836,0,101.391
1.16,0,0.74,0.956,0.888,0.956,0.888,0,101.391
1.16,0,0.86,1.008,0.941,1.008,0.941,0,101.391
1.16,0,1,1.069,1.001,1.069,1.001,0,101.391
1.17,0,0,0.64,0.572,0.64,0.572,0,101.476
1.17,0,0.12,0.692,0.625,0.692,0.625,0,101.476
1.17,0,0.25,0.745,0.677,0.745,0.677,0,101.476
1.17,0,0.37,0.797,0.73,0.797,0.73,0,101.476
1.17,0,0.49,0.85,0.782,0.85,0.782,0,101.476
1.17,0,0.61,0.902,0.835,0.902,0.835,0,101.476
1.17,0,0.74,0.955,0.887,0.955,0.887,0,101.476
1.17,0,0.86,1.007,0.94,1.007,0.94,0,101.476
1.17,0,1,1.068,1.001,1.068,1.001,0,101.476
1.18,0,0,0.637,0.57,0.637,0.57,0,101.558
1.18,0,0.12,0.69,0.623,0.69,0.623,0,101.558
1.18,0,0.25,0.743,0.676,0.743,0.676,0,101.558
1.18,0,0.37,0.796,0.728,0.796,0.728,0,101.558
1.18,0,0.49,0.848,0.781,0.848,0.781,0,101.558
1.18,0,0.61,0.901,0.834,0.901,0.834,0,101.558
1.18,0,0.74,0.954,0.886,0.954,0.886,0,101.558
1.18,0,0.86,1.006,0.939,1.006,0.939,0,101.558
1.18,0,1,1.067,1,1.067,1,0,101.558
1.19,0,0,0.635,0.568,0.635,0.568,0,101.638
1.19,0,0.12,0.688,0.621,0.688,0.621,0,101.638
1.19,0,0.25,0.741,0.674,0.741,0.674,0,101.638
1.19,0,0.37,0.794,0.727,0.794,0.727,0,101.638
1.19,0,0.49,0.846,0.78,0.846,0.78,0,101.638
1.19,0,0.61,0.899,0.832,0.899,0.832,0,101.638
1.19,0,0.74,0.952,0.885,0.952,0.885,0,101.638
1.19,0,0.86,1.005,0.938,1.005,0.938,0,101.638
1.19,0,1,1.066,0.999,1.066,0.999,0,101.638
1.2,0,0,0.632,0.566,0.632,0.566,0,101.715
1.2,0,0.12,0.685,0.619,0.685,0.619,0,101.715
1.2,0,0.25,0.738,0.672,0.738,0.672,0,101.715
1.2,0,0.37,0.791,0.725,0.791,0.725,0,101.715
1.2,0,0.49,0.844,0.778,0.844,0.778,0,101.715
1.2,0,0.61,0.897,0.83,0.897,0.83,0,101.715
1.2,0,0.74,0.95,0.883,0.95,0.883,0,101.715
1.2,0,0.86,1.003,0.936,1.003,0.936,0,101.715
1.2,0,1,1.064,0.998,1.064,0.998,0,101.715
1.21,0,0,0.63,0.563,0.63,0.563,0,101.791
1.21,0,0.12,0.683,0.616,0.683,0.616,0,101.791
1.21,0,0.25,0.736,0.669,0.736,0.669,0,101.791
1.21,0,0.37,0.789,0.722,0.789,0.722,0,101.791
1.21,0,0.49,0.842,0.775,0.842,0.775,0,101.791
1.21,0,0.61,0.895,0.828,0.895,0.828,0,101.791
1.21,0,0.74,0.948,0.881,0.948,0.881,0,101.791
1.21,0,0.86,1.001,0.935,1.001,0.935,0,101.791
1.21,0,1,1.063,0.996,1.063,0.996,0,101.791
1.22,0,0,0.627,0.56,0.627,0.56,0,101.865
1.22,0,0.12,0.68,0.614,0.68,0.614,0,101.865
1.22,0,0.25,0.733,0.667,0.733,0.667,0,101.865
1.22,0,0.37,0.787,0.72,0.787,0.72,0,101.865
1.22,0,0.49,0.84,0.773,0.84,0.773,0,101.865
1.22,0,0.61,0.893,0.826,0.893,0.826,0,101.865
1.22,0,0.74,0.946,0.88,0.946,0.88,0,101.865
1.22,0,0.86,0.999,0.933,0.999,0.933,0,101.865
1.22,0,1,1.061,0.994,1.061,0.994,0,101.865
1.23,0,0,0.624,0.558,0.624,0.558,0,101.938
1.23,0,0.12,0.678,0.611,0.678,0.611,0,101.938
1.23,0,0.25,0.731,0.664,0.731,0.664,0,101.938
1.23,0,0.37,0.784,0.718,0.784,0.718,0,101.938
1.23,0,0.49,0.838,0.771,0.838,0.771,0,101.938
1.23,0,0.61,0.891,0.824,0.891,0.824,0,101.938
1.23,0,0.74,0.944,0.878,0.944,0.878,0,101.938
1.23,0,0.86,0.998,0.931,0.998,0.931,0,101.938
1.23,0,1,1.059,0.993,1.059,0.993,0,101.938
1.24,0,0,0.622,0.555,0.622,0.555,0,102.009
1.24,0,0.12,0.675,0.609,0.675,0.609,0,102.009
1.24,0,0.25,0.729,0.662,0.729,0.662,0,102.009
1.24,0,0.37,0.782,0.715,0.782,0.715,0,102.009
1.24,0,0.49,0.835,0.769,0.835,0.769,0,102.009
1.24,0,0.61,0.889,0.822,0.889,0.822,0,102.009
1.24,0,0.74,0.942,0.876,0.942,0.876,0,102.009
1.24,0,0.86,0.996,0.929,0.996,0.929,0,102.009
1.24,0,1,1.058,0.991,1.058,0.991,0,102.009
1.25,0,0,0.619,0.553,0.619,0.553,0,102.052
1.25,0,0.12,0.673,0.606,0.673,0.606,0,102.052
1.25,0,0.25,0.726,0.66,0.726,0.66,0,102.052
1.25,0,0.37,0.78,0.713,0.78,0.713,0,102.052
1.25,0,0.49,0.833,0.767,0.833,0.767,0,102.052
1.25,0,0.61,0.887,0.82,0.887,0.82,0,102.052
1.25,0,0.74,0.94,0.874,0.94,0.874,0,102.052
1.25,0,0.86,0.994,0.927,0.994,0.927,0,102.052
1.25,0,1,1.056,0.989,1.056,0.989,0,102.052
1.26,0,0,0.617,0.55,0.617,0.55,0,102.005
1.26,0,0.12,0.67,0.604,0.67,0.604,0,102.005
1.26,0,0.25,0.724,0.657,0.724,0.657,0,102.005
1.26,0,0.37,0.778,0.711,0.778,0.711,0,102.005
1.26,0,0.49,0.831,0.764,0.831,0.764,0,102.005
1.26,0,0.61,0.885,0.818,0.885,0.818,0,102.005
1.26,0,0.74,0.938,0.872,0.938,0.872,0,102.005
1.26,0,0.86,0.992,0.925,0.992,0.925,0,102.005
1.26,0,1,1.054,0.988,1.054,0.988,0,102.005
1.27,0,0,0.614,0.547,0.614,0.547,0,101.959
1.27,0,0.12,0.668,0.601,0.668,0.601,0,101.959
1.27,0,0.25,0.722,0.655,0.722,0.655,0,101.959
1.27,0,0.37,0.775,0.709,0.775,0.709,0,101.959
1.27,0,0.49,0.829,0.762,0.829,0.762,0,101.959
1.27,0,0.61,0.883,0.816,0.883,0.816,0,101.959
1.27,0,0.74,0.936,0.87,0.936,0.87,0,101.959
1.27,0,0.86,0.99,0.924,0.99,0.924,0,101.959
1.27,0,1,1.053,0.986,1.053,0.986,0,101.959
1.28,0,0,0.612,0.545,0.612,0.545,0,101.914
1.28,0,0.12,0.665,0.599,0.665,0.599,0,101.914
1.28,0,0.25,0.719,0.653,0.719,0.653,0,101.914
1.28,0,0.37,0.773,0.706,0.773,0.706,0,101.914
1.28,0,0.49,0.827,0.76,0.827,0.76,0,101.914
1.28,0,0.61,0.881,0.814,0.881,0.814,0,101.914
1.28,0,0.74,0.935,0.868,0.935,0.868,0,101.914
1.28,0,0.86,0.988,0.922,0.988,0.922,0,101.914
1.28,0,1,1.051,0.984,1.051,0.984,0,101.914
1.29,0,0,0.609,0.542,0.609,0.542,0,101.868
1.29,0,0.12,0.663,0.596,0.663,0.596,0,101.868
1.29,0,0.25,0.717,0.65,0.717,0.65,0,101.868
1.29,0,0.37,0.771,0.704,0.771,0.704,0,101.868
1.29,0,0.49,0.825,0.758,0.825,0.758,0,101.868
1.29,0,0.61,0.879,0.812,0.879,0.812,0,101.868
1.29,0,0.74,0.933,0.866,0.933,0.866,0,101.868
1.29,0,0.86,0.987,0.92,0.987,0.92,0,101.868
1.29,0,1,1.049,0.982,1.049,0.982,0,101.868
1.3,0,0,0.607,0.54,0.607,0.54,0,101.823
1.3,0,0.12,0.661,0.594,0.661,0.594,0,101.823
1.3,0,0.25,0.715,0.648,0.715,0.648,0,101.823
1.3,0,0.37,0.769,0.702,0.769,0.702,0,101.823
1.3,0,0.49,0.823,0.756,0.823,0.756,0,101.823
1.3,0,0.61,0.877,0.81,0.877,0.81,0,101.823
1.3,0,0.74,0.931,0.864,0.931,0.864,0,101.823
1.3,0,0.86,0.985,0.918,0.985,0.918,0,101.823
1.3,0,1,1.047,0.981,1.047,0.981,0,101.823
1.31,0,0,0.604,0.537,0.604,0.537,0,101.778
1.31,0,0.12,0.658,0.592,0.658,0.592,0,101.778
1.31,0,0.25,0.712,0.646,0.712,0.646,0,101.778
1.31,0,0.37,0.766,0.7,0.766,0.7,0,101.778
1.31,0,0.49,0.821,0.754,0.821,0.754,0,101.778
1.31,0,0.61,0.875,0.808,0.875,0.808,0,101.778
1.31,0,0.74,0.929,0.862,0.929,0.862,0,101.778
1.31,0,0.86,0.983,0.916,0.983,0.916,0,101.778
1.31,0,1,1.046,0.979,1.046,0.979,0,101.778
1.32,0,0,0.602,0.535,0.602,0.535,0,101.734
1.32,0,0.12,0.656,0.589,0.656,0.589,0,101.734
1.32,0,0.25,0.71,0.643,0.71,0.643,0,101.734
1.32,0,0.37,0.764,0.698,0.764,0.698,0,101.734
1.32,0,0.49,0.819,0.752,0.819,0.752,0,101.734
1.32,0,0.61,0.873,0.806,0.873,0.806,0,101.734
1.32,0,0.74,0.927,0.86,0.927,0.86,0,101.734
1.32,0,0.86,0.981,0.915,0.981,0.915,0,101.734
1.32,0,1,1.044,0.977,1.044,0.977,0,101.734
1.33,0,0,0.599,0.533,0.599,0.533,0,101.69
1.33,0,0.12,0.654,0.587,0.654,0.587,0,101.69
1.33,0,0.25,0.708,0.641,0.708,0.641,0,101.69
1.33,0,0.37,0.762,0.695,0.762,0.695,0,101.69
1.33,0,0.49,0.816,0.75,0.816,0.75,0,101.69
1.33,0,0.61,0.871,0.804,0.871,0.804,0,101.69
1.33,0,0.74,0.925,0.858,0.925,0.858,0,101.69
1.33,0,0.86,0.979,0.913,0.979,0.913,0,101.69
1.33,0,1,1.042,0.976,1.042,0.976,0,101.69
1.34,0,0,0.597,0.53,0.597,0.53,0,101.646
1.34,0,0.12,0.651,0.585,0.651,0.585,0,101.646
1.34,0,0.25,0.706,0.639,0.706,0.639,0,101.646
1.34,0,0.37,0.76,0.693,0.76,0.693,0,101.646
1.34,0,0.49,0.814,0.748,0.814,0.748,0,101.646
1.34,0,0.61,0.869,0.802,0.869,0.802,0,101.646
1.34,0,0.74,0.923,0.857,0.923,0.857,0,101.646
1.34,0,0.86,0.978,0.911,0.978,0.911,0,101.646
1.34,0,1,1.041,0.974,1.041,0.974,0,101.646
1.35,0,0,0.594,0.528,0.594,0.528,0,101.602
1.35,0,0.12,0.649,0.582,0.649,0.582,0,101.602
1.35,0,0.25,0.703,0.637,0.703,0.637,0,101.602
1.35,0,0.37,0.758,0.691,0.758,0.691,0,101.602
1.35,0,0.49,0.812,0.746,0.812,0.746,0,101.602
1.35,0,0.61,0.867,0.8,0.867,0.8,0,101.602
1.35,0,0.74,0.921,0.855,0.921,0.855,0,101.602
1.35,0,0.86,0.976,0.909,0.976,0.909,0,101.602
1.35,0,1,1.039,0.972,1.039,0.972,0,101.602
1.36,0,0,0.592,0.525,0.592,0.525,0,101.559
1.36,0,0.12,0.647,0.58,0.647,0.58,0,101.559
1.36,0,0.25,0.701,0.635,0.701,0.635,0,101.559
1.36,0,0.37,0.756,0.689,0.756,0.689,0,101.559
1.36,0,0.49,0.81,0.744,0.81,0.744,0,101.559
1.36,0,0.61,0.865,0.798,0.865,0.798,0,101.559
1.36,0,0.74,0.92,0.853,0.92,0.853,0,101.559
1.36,0,0.86,0.974,0.908,0.974,0.908,0,101.559
1.36,0,1,1.037,0.971,1.037,0.971,0,101.559
1.37,0,0,0.59,0.523,0.59,0.523,0,101.515
1.37,0,0.12,0.644,0.578,0.644,0.578,0,101.515
1.37,0,0.25,0.699,0.632,0.699,0.632,0,101.515
1.37,0,0.37,0.754,0.687,0.754,0.687,0,101.515
1.37,0,0.49,0.808,0.742,0.808,0.742,0,101.515
1.37,0,0.61,0.863,0.796,0.863,0.796,0,101.515
1.37,0,0.74,0.918,0.851,0.918,0.851,0,101.515
1.37,0,0.86,0.972,0.906,0.972,0.906,0,101.515
1.37,0,1,1.036,0.969,1.036,0.969,0,101.515
1.38,0,0,0.587,0.521,0.587,0.521,0,101.472
1.38,0,0.12,0.642,0.575,0.642,0.575,0,101.472
1.38,0,0.25,0.697,0.63,0.697,0.63,0,101.472
1.38,0,0.37,0.752,0.685,0.752,0.685,0,101.472
1.38,0,0.49,0.806,0.74,0.806,0.74,0,101.472
1.38,0,0.61,0.861,0.794,0.861,0.794,0,101.472
1.38,0,0.74,0.916,0.849,0.916,0.849,0,101.472
1.38,0,0.86,0.971,0.904,0.971,0.904,0,101.472
1.38,0,1,1.034,0.968,1.034,0.968,0,101.472
1.39,0,0,0.585,0.518,0.585,0.518,0,101.429
1.39,0,0.12,0.64,0.573,0.64,0.573,0,101.429
1.39,0,0.25,0.695,0.628,0.695,0.628,0,101.429
1.39,0,0.37,0.75,0.683,0.75,0.683,0,101.429
1.39,0,0.49,0.804,0.738,0.804,0.738,0,101.429
1.39,0,0.61,0.859,0.793,0.859,0.793,0,101.429
1.39,0,0.74,0.914,0.847,0.914,0.847,0,101.429
1.39,0,0.86,0.969,0.902,0.969,0.902,0,101.429
1.39,0,1,1.033,0.966,1.033,0.966,0,101.429
1.4,0,0,0.583,0.516,0.583,0.516,0,101.386
1.4,0,0.12,0.638,0.571,0.638,0.571,0,101.386
1.4,0,0.25,0.693,0.626,0.693,0.626,0,101.386
1.4,0,0.37,0.748,0.681,0.748,0.681,0,101.386
1.4,0,0.49,0.802,0.736,0.802,0.736,0,101.386
1.4,0,0.61,0.857,0.791,0.857,0.791,0,101.386
1.4,0,0.74,0.912,0.846,0.912,0.846,0,101.386
1.4,0,0.86,0.967,0.901,0.967,0.901,0,101.386
1.4,0,1,1.031,0.964,1.031,0.964,0,101.386
1.41,0,0,0.58,0.514,0.58,0.514,0,101.343
1.41,0,0.12,0.635,0.569,0.635,0.569,0,101.343
1.41,0,0.25,0.69,0.624,0.69,0.624,0,101.343
1.41,0,0.37,0.745,0.679,0.745,0.679,0,101.343
1.41,0,0.49,0.8,0.734,0.8,0.734,0,101.343
1.41,0,0.61,0.856,0.789,0.856,0.789,0,101.343
1.41,0,0.74,0.911,0.844,0.911,0.844,0,101.343
1.41,0,0.86,0.966,0.899,0.966,0.899,0,101.343
1.41,0,1,1.029,0.963,1.029,0.963,0,101.343
1.42,0,0,0.578,0.512,0.578,0.512,0,101.301
1.42,0,0.12,0.633,0.567,0.633,0.567,0,101.301
1.42,0,0.25,0.688,0.622,0.688,0.622,0,101.301
1.42,0,0.37,0.743,0.677,0.743,0.677,0,101.301
1.42,0,0.49,0.799,0.732,0.799,0.732,0,101.301
1.42,0,0.61,0.854,0.787,0.854,0.787,0,101.301
1.42,0,0.74,0.909,0.842,0.909,0.842,0,101.301
1.42,0,0.86,0.964,0.897,0.964,0.897,0,101.301
1.42,0,1,1.028,0.961,1.028,0.961,0,101.301
1.43,0,0,0.576,0.509,0.576,0.509,0,101.258
1.43,0,0.12,0.631,0.564,0.631,0.564,0,101.258
1.43,0,0.25,0.686,0.62,0.686,0.62,0,101.258
1.43,0,0.37,0.741,0.675,0.741,0.675,0,101.258
1.43,0,0.49,0.797,0.73,0.797,0.73,0,101.258
1.43,0,0.61,0.852,0.785,0.852,0.785,0,101.258
1.43,0,0.74,0.907,0.84,0.907,0.84,0,101.258
1.43,0,0.86,0.962,0.895,0.962,0.895,0,101.258
1.43,0,1,1.026,0.959,1.026,0.959,0,101.258
1.44,0,0,0.574,0.507,0.574,0.507,0,101.216
1.44,0,0.12,0.629,0.562,0.629,0.562,0,101.216
1.44,0,0.25,0.684,0.618,0.684,0.618,0,101.216
1.44,0,0.37,0.739,0.673,0.739,0.673,0,101.216
1.44,0,0.49,0.795,0.728,0.795,0.728,0,101.216
1.44,0,0.61,0.85,0.783,0.85,0.783,0,101.216
1.44,0,0.74,0.905,0.838,0.905,0.838,0,101.216
1.44,0,0.86,0.96,0.894,0.96,0.894,0,101.216
1.44,0,1,1.024,0.958,1.024,0.958,0,101.216
1.45,0,0,0.572,0.505,0.572,0.505,0,101.173
1.45,0,0.12,0.627,0.56,0.627,0.56,0,101.173
1.45,0,0.25,0.682,0.615,0.682,0.615,0,101.173
1.45,0,0.37,0.737,0.671,0.737,0.671,0,101.173
1.45,0,0.49,0.793,0.726,0.793,0.726,0,101.173
1.45,0,0.61,0.848,0.781,0.848,0.781,0,101.173
1.45,0,0.74,0.903,0.837,0.903,0.837,0,101.173
1.45,0,0.86,0.959,0.892,0.959,0.892,0,101.173
1.45,0,1,1.023,0.956,1.023,0.956,0,101.173
1.46,0,0,0.569,0.503,0.569,0.503,0,101.131
1.46,0,0.12,0.625,0.558,0.625,0.558,0,101.131
1.46,0,0.25,0.68,0.613,0.68,0.613,0,101.131
1.46,0,0.37,0.735,0.669,0.735,0.669,0,101.131
1.46,0,0.49,0.791,0.724,0.791,0.724,0,101.131
1.46,0,0.61,0.846,0.78,0.846,0.78,0,101.131
1.46,0,0.74,0.902,0.835,0.902,0.835,0,101.131
1.46,0,0.86,0.957,0.89,0.957,0.89,0,101.131
1.46,0,1,1.021,0.955,1.021,0.955,0,101.131
1.47,0,0,0.567,0.5,0.567,0.5,0,101.089
1.47,0,0.12,0.623,0.556,0.623,0.556,0,101.089
1.47,0,0.25,0.678,0.611,0.678,0.611,0,101.089
1.47,0,0.37,0.734,0.667,0.734,0.667,0,101.089
1.47,0,0.49,0.789,0.722,0.789,0.722,0,101.089
1.47,0,0.61,0.844,0.778,0.844,0.778,0,101.089
1.47,0,0.74,0.9,0.833,0.9,0.833,0,101.089
1.47,0,0.86,0.955,0.889,0.955,0.889,0,101.089
1.47,0,1,1.02,0.953,1.02,0.953,0,101.089
1.48,0,0,0.565,0.498,0.565,0.498,0,101.047
1.48,0,0.12,0.62,0.554,0.62,0.554,0,101.047
1.48,0,0.25,0.676,0.609,0.676,0.609,0,101.047
1.48,0,0.37,0.732,0.665,0.732,0.665,0,101.047
1.48,0,0.49,0.787,0.72,0.787,0.72,0,101.047
1.48,0,0.61,0.843,0.776,0.843,0.776,0,101.047
1.48,0,0.74,0.898,0.831,0.898,0.831,0,101.047
1.48,0,0.86,0.954,0.887,0.954,0.887,0,101.047
1.48,0,1,1.018,0.951,1.018,0.951,0,101.047
1.49,0,0,0.563,0.496,0.563,0.496,0,101.005
1.49,0,0.12,0.618,0.552,0.618,0.552,0,101.005
1.49,0,0.25,0.674,0.607,0.674,0.607,0,101.005
1.49,0,0.37,0.73,0.663,0.73,0.663,0,101.005
1.49,0,0.49,0.785,0.719,0.785,0.719,0,101.005
1.49,0,0.61,0.841,0.774,0.841,0.774,0,101.005
1.49,0,0.74,0.896,0.83,0.896,0.83,0,101.005
1.49,0,0.86,0.952,0.885,0.952,0.885,0,101.005
1.49,0,1,1.016,0.95,1.016,0.95,0,101.005
1.5,0,0,0.561,0.494,0.561,0.494,0,100.963
1.5,0,0.12,0.616,0.55,0.616,0.55,0,100.963
1.5,0,0.25,0.672,0.605,0.672,0.605,0,100.963
1.5,0,0.37,0.728,0.661,0.728,0.661,0,100.963
1.5,0,0.49,0.783,0.717,0.783,0.717,0,100.963
1.5,0,0.61,0.839,0.772,0.839,0.772,0,100.963
1.5,0,0.74,0.895,0.828,0.895,0.828,0,100.963
1.5,0,0.86,0.95,0.884,0.95,0.884,0,100.963
1.5,0,1,1.015,0.948,1.015,0.948,0,100.963
1.51,0,0,0.559,0.492,0.559,0.492,0,100.904
1.51,0,0.12,0.614,0.548,0.614,0.548,0,100.904
1.51,0,0.25,0.67,0.603,0.67,0.603,0,100.904
1.51,0,0.37,0.726,0.659,0.726,0.659,0,100.904
1.51,0,0.49,0.781,0.715,0.781,0.715,0,100.904
1.51,0,0.61,0.837,0.771,0.837,0.771,0,100.904
1.51,0,0.74,0.893,0.826,0.893,0.826,0,100.904
1.51,0,0.86,0.949,0.882,0.949,0.882,0,100.904
1.51,0,1,1.013,0.947,1.013,0.947,0,100.904
1.52,0,0,0.556,0.49,0.556,0.49,0,100.842
1.52,0,0.12,0.612,0.546,0.612,0.546,0,100.842
1.52,0,0.25,0.668,0.601,0.668,0.601,0,100.842
1.52,0,0.37,0.724,0.657,0.724,0.657,0,100.842
1.52,0,0.49,0.78,0.713,0.78,0.713,0,100.842
1.52,0,0.61,0.835,0.769,0.835,0.769,0,100.842
1.52,0,0.74,0.891,0.825,0.891,0.825,0,100.842
1.52,0,0.86,0.947,0.88,0.947,0.88,0,100.842
1.52,0,1,1.012,0.945,1.012,0.945,0,100.842
1.53,0,0,0.554,0.488,0.554,0.488,0,100.781
1.53,0,0.12,0.61,0.544,0.61,0.544,0,100.781
1.53,0,0.25,0.666,0.599,0.666,0.599,0,100.781
1.53,0,0.37,0.722,0.655,0.722,0.655,0,100.781
1.53,0,0.49,0.778,0.711,0.778,0.711,0,100.781
1.53,0,0.61,0.834,0.767,0.834,0.767,0,100.781
1.53,0,0.74,0.889,0.823,0.889,0.823,0,100.781
1.53,0,0.86,0.945,0.879,0.945,0.879,0,100.781
1.53,0,1,1.01,0.943,1.01,0.943,0,100.781
1.54,0,0,0.552,0.486,0.552,0.486,0,100.72
1.54,0,0.12,0.608,0.542,0.608,0.542,0,100.72
1.54,0,0.25,0.664,0.597,0.664,0.597,0,100.72
1.54,0,0.37,0.72,0.653,0.72,0.653,0,100.72
1.54,0,0.49,0.776,0.709,0.776,0.709,0,100.72
1.54,0,0.61,0.832,0.765,0.832,0.765,0,100.72
1.54,0,0.74,0.888,0.821,0.888,0.821,0,100.72
1.54,0,0.86,0.944,0.877,0.944,0.877,0,100.72
1.54,0,1,1.009,0.942,1.009,0.942,0,100.72
1.55,0,0,0.55,0.484,0.55,0.484,0,100.659
1.55,0,0.12,0.606,0.54,0.606,0.54,0,100.659
1.55,0,0.25,0.662,0.595,0.662,0.595,0,100.659
1.55,0,0.37,0.718,0.651,0.718,0.651,0,100.659
1.55,0,0.49,0.774,0.707,0.774,0.707,0,100.659
1.55,0,0.61,0.83,0.763,0.83,0.763,0,100.659
1.55,0,0.74,0.886,0.819,0.886,0.819,0,100.659
1.55,0,0.86,0.942,0.875,0.942,0.875,0,100.659
1.55,0,1,1.007,0.94,1.007,0.94,0,100.659
1.56,0,0,0.548,0.481,0.548,0.481,0,100.598
1.56,0,0.12,0.604,0.538,0.604,0.538,0,100.598
1.56,0,0.25,0.66,0.594,0.66,0.594,0,100.598
1.56,0,0.37,0.716,0.65,0.716,0.65,0,100.598
1.56,0,0.49,0.772,0.706,0.772,0.706,0,100.598
1.56,0,0.61,0.828,0.762,0.828,0.762,0,100.598
1.56,0,0.74,0.884,0.818,0.884,0.818,0,100.598
1.56,0,0.86,0.94,0.874,0.94,0.874,0,100.598
1.56,0,1,1.005,0.939,1.005,0.939,0,100.598
1.57,0,0,0.546,0.479,0.546,0.479,0,100.537
1.57,0,0.12,0.602,0.536,0.602,0.536,0,100.537
1.57,0,0.25,0.658,0.592,0.658,0.592,0,100.537
1.57,0,0.37,0.714,0.648,0.714,0.648,0,100.537
1.57,0,0.49,0.771,0.704,0.771,0.704,0,100.537
1.57,0,0.61,0.827,0.76,0.827,0.76,0,100.537
1.57,0,0.74,0.883,0.816,0.883,0.816,0,100.537
1.57,0,0.86,0.939,0.872,0.939,0.872,0,100.537
1.57,0,1,1.004,0.937,1.004,0.937,0,100.537
1.58,0,0,0.544,0.477,0.544,0.477,0,100.476
1.58,0,0.12,0.6,0.534,0.6,0.534,0,100.476
1.58,0,0.25,0.656,0.59,0.656,0.59,0,100.476
1.58,0,0.37,0.713,0.646,0.713,0.646,0,100.476
1.58,0,0.49,0.769,0.702,0.769,0.702,0,100.476
1.58,0,0.61,0.825,0.758,0.825,0.758,0,100.476
1.58,0,0.74,0.881,0.814,0.881,0.814,0,100.476
1.58,0,0.86,0.937,0.871,0.937,0.871,0,100.476
1.58,0,1,1.002,0.936,1.002,0.936,0,100.476
1.59,0,0,0.542,0.475,0.542,0.475,0,100.416
1.59,0,0.12,0.598,0.532,0.598,0.532,0,100.416
1.59,0,0.25,0.654,0.588,0.654,0.588,0,100.416
1.59,0,0.37,0.711,0.644,0.711,0.644,0,100.416
1.59,0,0.49,0.767,0.7,0.767,0.7,0,100.416
1.59,0,0.61,0.823,0.756,0.823,0.756,0,100.416
1.59,0,0.74,0.879,0.813,0.879,0.813,0,100.416
1.59,0,0.86,0.936,0.869,0.936,0.869,0,100.416
1.59,0,1,1.001,0.934,1.001,0.934,0,100.416
1.6,0,0,0.54,0.473,0.54,0.473,0,100.355
1.6,0,0.12,0.596,0.53,0.596,0.53,0,100.355
1.6,0,0.25,0.653,0.586,0.653,0.586,0,100.355
1.6,0,0.37,0.709,0.642,0.709,0.642,0,100.355
1.6,0,0.49,0.765,0.698,0.765,0.698,0,100.355
1.6,0,0.61,0.821,0.755,0.821,0.755,0,100.355
1.6,0,0.74,0.878,0.811,0.878,0.811,0,100.355
1.6,0,0.86,0.934,0.867,0.934,0.867,0,100.355
1.6,0,1,0.999,0.933,0.999,0.933,0,100.355
1.61,0,0,0.538,0.471,0.538,0.471,0,100.294
1.61,0,0.12,0.594,0.528,0.594,0.528,0,100.294
1.61,0,0.25,0.651,0.584,0.651,0.584,0,100.294
1.61,0,0.37,0.707,0.64,0.707,0.64,0,100.294
1.61,0,0.49,0.763,0.697,0.763,0.697,0,100.294
1.61,0,0.61,0.82,0.753,0.82,0.753,0,100.294
1.61,0,0.74,0.876,0.809,0.876,0.809,0,100.294
1.61,0,0.86,0.932,0.866,0.932,0.866,0,100.294
1.61,0,1,0.998,0.931,0.998,0.931,0,100.294
1.62,0,0,0.536,0.469,0.536,0.469,0,100.234
1.62,0,0.12,0.592,0.526,0.592,0.526,0,100.234
1.62,0,0.25,0.649,0.582,0.649,0.582,0,100.234
1.62,0,0.37,0.705,0.639,0.705,0.639,0,100.234
1.62,0,0.49,0.762,0.695,0.762,0.695,0,100.234
1.62,0,0.61,0.818,0.751,0.818,0.751,0,100.234
1.62,0,0.74,0.874,0.808,0.874,0.808,0,100.234
1.62,0,0.86,0.931,0.864,0.931,0.864,0,100.234
1.62,0,1,0.996,0.929,0.996,0.929,0,100.234
1.63,0,0,0.534,0.467,0.534,0.467,0,100.173
1.63,0,0.12,0.591,0.524,0.591,0.524,0,100.173
1.63,0,0.25,0.647,0.58,0.647,0.58,0,100.173
1.63,0,0.37,0.703,0.637,0.703,0.637,0,100.173
1.63,0,0.49,0.76,0.693,0.76,0.693,0,100.173
1.63,0,0.61,0.816,0.75,0.816,0.75,0,100.173
1.63,0,0.74,0.873,0.806,0.873,0.806,0,100.173
1.63,0,0.86,0.929,0.862,0.929,0.862,0,100.173
1.63,0,1,0.995,0.928,0.995,0.928,0,100.173
1.64,0,0,0.532,0.466,0.532,0.466,0,100.112
1.64,0,0.12,0.589,0.522,0.589,0.522,0,100.112
1.64,0,0.25,0.645,0.578,0.645,0.578,0,100.112
1.64,0,0.37,0.702,0.635,0.702,0.635,0,100.112
1.64,0,0.49,0.758,0.691,0.758,0.691,0,100.112
1.64,0,0.61,0.815,0.748,0.815,0.748,0,100.112
1.64,0,0.74,0.871,0.804,0.871,0.804,0,100.112
1.64,0,0.86,0.928,0.861,0.928,0.861,0,100.112
1.64,0,1,0.993,0.926,0.993,0.926,0,100.112
1.65,0,0,0.53,0.464,0.53,0.464,0,100.052
1.65,0,0.12,0.587,0.52,0.587,0.52,0,100.052
1.65,0,0.25,0.643,0.577,0.643,0.577,0,100.052
1.65,0,0.37,0.7,0.633,0.7,0.633,0,100.052
1.65,0,0.49,0.756,0.69,0.756,0.69,0,100.052
1.65,0,0.61,0.813,0.746,0.813,0.746,0,100.052
1.65,0,0.74,0.869,0.803,0.869,0.803,0,100.052
1.65,0,0.86,0.926,0.859,0.926,0.859,0,100.052
1.65,0,1,0.992,0.925,0.992,0.925,0,100.052
1.66,0,0,0.528,0.462,0.528,0.462,0,99.991
1.66,0,0.12,0.585,0.518,0.585,0.518,0,99.991
1.66,0,0.25,0.641,0.575,0.641,0.575,0,99.991
1.66,0,0.37,0.698,0.631,0.698,0.631,0,99.991
1.66,0,0.49,0.755,0.688,0.755,0.688,0,99.991
1.66,0,0.61,0.811,0.745,0.811,0.745,0,99.991
1.66,0,0.74,0.868,0.801,0.868,0.801,0,99.991
1.66,0,0.86,0.924,0.858,0.924,0.858,0,99.991
1.66,0,1,0.99,0.923,0.99,0.923,0,99.991
1.67,0,0,0.526,0.46,0.526,0.46,0,99.931
1.67,0,0.12,0.583,0.516,0.583,0.516,0,99.931
1.67,0,0.25,0.64,0.573,0.64,0.573,0,99.931
1.67,0,0.37,0.696,0.63,0.696,0.63,0,99.931
1.67,0,0.49,0.753,0.686,0.753,0.686,0,99.931
1.67,0,0.61,0.81,0.743,0.81,0.743,0,99.931
1.67,0,0.74,0.866,0.8,0.866,0.8,0,99.931
1.67,0,0.86,0.923,0.856,0.923,0.856,0,99.931
1.67,0,1,0.988,0.922,0.988,0.922,0,99.931
1.68,0,0,0.525,0.458,0.525,0.458,0,99.87
1.68,0,0.12,0.581,0.515,0.581,0.515,0,99.87
1.68,0,0.25,0.638,0.571,0.638,0.571,0,99.87
1.68,0,0.37,0.695,0.628,0.695,0.628,0,99.87
1.68,0,0.49,0.751,0.685,0.751,0.685,0,99.87
1.68,0,0.61,0.808,0.741,0.808,0.741,0,99.87
1.68,0,0.74,0.865,0.798,0.865,0.798,0,99.87
1.68,0,0.86,0.921,0.855,0.921,0.855,0,99.87
1.68,0,1,0.987,0.92,0.987,0.92,0,99.87
1.69,0,0,0.523,0.456,0.523,0.456,0,99.81
1.69,0,0.12,0.579,0.513,0.579,0.513,0,99.81
1.69,0,0.25,0.636,0.569,0.636,0.569,0,99.81
1.69,0,0.37,0.693,0.626,0.693,0.626,0,99.81
1.69,0,0.49,0.75,0.683,0.75,0.683,0,99.81
1.69,0,0.61,0.806,0.74,0.806,0.74,0,99.81
1.69,0,0.74,0.863,0.796,0.863,0.796,0,99.81
1.69,0,0.86,0.92,0.853,0.92,0.853,0,99.81
1.69,0,1,0.985,0.919,0.985,0.919,0,99.81
1.7,0,0,0.521,0.454,0.521,0.454,0,99.749
1.7,0,0.12,0.578,0.511,0.578,0.511,0,99.749
1.7,0,0.25,0.634,0.568,0.634,0.568,0,99.749
1.7,0,0.37,0.691,0.624,0.691,0.624,0,99.749
1.7,0,0.49,0.748,0.681,0.748,0.681,0,99.749
1.7,0,0.61,0.805,0.738,0.805,0.738,0,99.749
1.7,0,0.74,0.861,0.795,0.861,0.795,0,99.749
1.7,0,0.86,0.918,0.851,0.918,0.851,0,99.749
1.7,0,1,0.984,0.917,0.984,0.917,0,99.749
1.71,0,0,0.519,0.452,0.519,0.452,0,99.688
1.71,0,0.12,0.576,0.509,0.576,0.509,0,99.688
1.71,0,0.25,0.633,0.566,0.633,0.566,0,99.688
1.71,0,0.37,0.689,0.623,0.689,0.623,0,99.688
1.71,0,0.49,0.746,0.679,0.746,0.679,0,99.688
1.71,0,0.61,0.803,0.736,0.803,0.736,0,99.688
1.71,0,0.74,0.86,0.793,0.86,0.793,0,99.688
1.71,0,0.86,0.917,0.85,0.917,0.85,0,99.688
1.71,0,1,0.982,0.916,0.982,0.916,0,99.688
1.72,0,0,0.517,0.45,0.517,0.45,0,99.628
1.72,0,0.12,0.574,0.507,0.574,0.507,0,99.628
1.72,0,0.25,0.631,0.564,0.631,0.564,0,99.628
1.72,0,0.37,0.688,0.621,0.688,0.621,0,99.628
1.72,0,0.49,0.744,0.678,0.744,0.678,0,99.628
1.72,0,0.61,0.801,0.735,0.801,0.735,0,99.628
1.72,0,0.74,0.858,0.791,0.858,0.791,0,99.628
1.72,0,0.86,0.915,0.848,0.915,0.848,0,99.628
1.72,0,1,0.981,0.914,0.981,0.914,0,99.628
1.73,0,0,0.515,0.449,0.515,0.449,0,99.567
1.73,0,0.12,0.572,0.505,0.572,0.505,0,99.567
1.73,0,0.25,0.629,0.562,0.629,0.562,0,99.567
1.73,0,0.37,0.686,0.619,0.686,0.619,0,99.567
1.73,0,0.49,0.743,0.676,0.743,0.676,0,99.567
1.73,0,0.61,0.8,0.733,0.8,0.733,0,99.567
1.73,0,0.74,0.857,0.79,0.857,0.79,0,99.567
1.73,0,0.86,0.913,0.847,0.913,0.847,0,99.567
1.73,0,1,0.979,0.913,0.979,0.913,0,99.567
1.74,0,0,0.513,0.447,0.513,0.447,0,99.507
1.74,0,0.12,0.57,0.504,0.57,0.504,0,99.507
1.74,0,0.25,0.627,0.561,0.627,0.561,0,99.507
1.74,0,0.37,0.684,0.618,0.684,0.618,0,99.507
1.74,0,0.49,0.741,0.674,0.741,0.674,0,99.507
1.74,0,0.61,0.798,0.731,0.798,0.731,0,99.507
1.74,0,0.74,0.855,0.788,0.855,0.788,0,99.507
1.74,0,0.86,0.912,0.845,0.912,0.845,0,99.507
1.74,0,1,0.978,0.911,0.978,0.911,0,99.507
1.75,0,0,0.512,0.445,0.512,0.445,0,99.446
1.75,0,0.12,0.569,0.502,0.569,0.502,0,99.446
1.75,0,0.25,0.626,0.559,0.626,0.559,0,99.446
1.75,0,0.37,0.682,0.616,0.682,0.616,0,99.446
1.75,0,0.49,0.739,0.673,0.739,0.673,0,99.446
1.75,0,0.61,0.796,0.73,0.796,0.73,0,99.446
1.75,0,0.74,0.853,0.787,0.853,0.787,0,99.446
1.75,0,0.86,0.91,0.844,0.91,0.844,0,99.446
1.75,0,1,0.976,0.91,0.976,0.91,0,99.446
1.76,0,0,0.51,0.443,0.51,0.443,0,99.385
1.76,0,0.12,0.567,0.5,0.567,0.5,0,99.385
1.76,0,0.25,0.624,0.557,0.624,0.557,0,99.385
1.76,0,0.37,0.681,0.614,0.681,0.614,0,99.385
1.76,0,0.49,0.738,0.671,0.738,0.671,0,99.385
1.76,0,0.61,0.795,0.728,0.795,0.728,0,99.385
1.76,0,0.74,0.852,0.785,0.852,0.785,0,99.385
1.76,0,0.86,0.909,0.842,0.909,0.842,0,99.385
1.76,0,1,0.975,0.908,0.975,0.908,0,99.385
1.77,0,0,0.508,0.441,0.508,0.441,0,99.324
1.77,0,0.12,0.565,0.498,0.565,0.498,0,99.324
1.77,0,0.25,0.622,0.555,0.622,0.555,0,99.324
1.77,0,0.37,0.679,0.612,0.679,0.612,0,99.324
1.77,0,0.49,0.736,0.67,0.736,0.67,0,99.324
1.77,0,0.61,0.793,0.727,0.793,0.727,0,99.324
1.77,0,0.74,0.85,0.784,0.85,0.784,0,99.324
1.77,0,0.86,0.907,0.841,0.907,0.841,0,99.324
1.77,0,1,0.974,0.907,0.974,0.907,0,99.324
1.78,0,0,0.506,0.439,0.506,0.439,0,99.264
1.78,0,0.12,0.563,0.497,0.563,0.497,0,99.264
1.78,0,0.25,0.62,0.554,0.62,0.554,0,99.264
1.78,0,0.37,0.677,0.611,0.677,0.611,0,99.264
1.78,0,0.49,0.735,0.668,0.735,0.668,0,99.264
1.78,0,0.61,0.792,0.725,0.792,0.725,0,99.264
1.78,0,0.74,0.849,0.782,0.849,0.782,0,99.264
1.78,0,0.86,0.906,0.839,0.906,0.839,0,99.264
1.78,0,1,0.972,0.905,0.972,0.905,0,99.264
1.79,0,0,0.504,0.438,0.504,0.438,0,99.203
1.79,0,0.12,0.562,0.495,0.562,0.495,0,99.203
1.79,0,0.25,0.619,0.552,0.619,0.552,0,99.203
1.79,0,0.37,0.676,0.609,0.676,0.609,0,99.203
1.79,0,0.49,0.733,0.666,0.733,0.666,0,99.203
1.79,0,0.61,0.79,0.723,0.79,0.723,0,99.203
1.79,0,0.74,0.847,0.781,0.847,0.781,0,99.203
1.79,0,0.86,0.904,0.838,0.904,0.838,0,99.203
1.79,0,1,0.971,0.904,0.971,0.904,0,99.203
1.8,0,0,0.503,0.436,0.503,0.436,0,99.142
1.8,0,0.12,0.56,0.493,0.56,0.493,0,99.142
1.8,0,0.25,0.617,0.55,0.617,0.55,0,99.142
1.8,0,0.37,0.674,0.607,0.674,0.607,0,99.142
1.8,0,0.49,0.731,0.665,0.731,0.665,0,99.142
1.8,0,0.61,0.788,0.722,0.788,0.722,0,99.142
1.8,0,0.74,0.846,0.779,0.846,0.779,0,99.142
1.8,0,0.86,0.903,0.836,0.903,0.836,0,99.142
1.8,0,1,0.969,0.902,0.969,0.902,0,99.142
1.81,0,0,0.501,0.434,0.501,0.434,0,99.081
1.81,0,0.12,0.558,0.491,0.558,0.491,0,99.081
1.81,0,0.25,0.615,0.549,0.615,0.549,0,99.081
1.81,0,0.37,0.672,0.606,0.672,0.606,0,99.081
1.81,0,0.49,0.73,0.663,0.73,0.663,0,99.081
1.81,0,0.61,0.787,0.72,0.787,0.72,0,99.081
1.81,0,0.74,0.844,0.777,0.844,0.777,0,99.081
1.81,0,0.86,0.901,0.835,0.901,0.835,0,99.081
1.81,0,1,0.968,0.901,0.968,0.901,0,99.081
1.82,0,0,0.499,0.432,0.499,0.432,0,99.02
1.82,0,0.12,0.556,0.49,0.556,0.49,0,99.02
1.82,0,0.25,0.614,0.547,0.614,0.547,0,99.02
1.82,0,0.37,0.671,0.604,0.671,0.604,0,99.02
1.82,0,0.49,0.728,0.661,0.728,0.661,0,99.02
1.82,0,0.61,0.785,0.719,0.785,0.719,0,99.02
1.82,0,0.74,0.843,0.776,0.843,0.776,0,99.02
1.82,0,0.86,0.9,0.833,0.9,0.833,0,99.02
1.82,0,1,0.966,0.9,0.966,0.9,0,99.02
1.83,0,0,0.497,0.431,0.497,0.431,0,98.959
1.83,0,0.12,0.555,0.488,0.555,0.488,0,98.959
1.83,0,0.25,0.612,0.545,0.612,0.545,0,98.959
1.83,0,0.37,0.669,0.603,0.669,0.603,0,98.959
1.83,0,0.49,0.727,0.66,0.727,0.66,0,98.959
1.83,0,0.61,0.784,0.717,0.784,0.717,0,98.959
1.83,0,0.74,0.841,0.774,0.841,0.774,0,98.959
1.83,0,0.86,0.898,0.832,0.898,0.832,0,98.959
1.83,0,1,0.965,0.898,0.965,0.898,0,98.959
1.84,0,0,0.496,0.429,0.496,0.429,0,98.898
1.84,0,0.12,0.553,0.486,0.553,0.486,0,98.898
1.84,0,0.25,0.61,0.544,0.61,0.544,0,98.898
1.84,0,0.37,0.668,0.601,0.668,0.601,0,98.898
1.84,0,0.49,0.725,0.658,0.725,0.658,0,98.898
1.84,0,0.61,0.782,0.716,0.782,0.716,0,98.898
1.84,0,0.74,0.84,0.773,0.84,0.773,0,98.898
1.84,0,0.86,0.897,0.83,0.897,0.83,0,98.898
1.84,0,1,0.963,0.897,0.963,0.897,0,98.898
1.85,0,0,0.494,0.427,0.494,0.427,0,98.837
1.85,0,0.12,0.551,0.485,0.551,0.485,0,98.837
1.85,0,0.25,0.609,0.542,0.609,0.542,0,98.837
1.85,0,0.37,0.666,0.599,0.666,0.599,0,98.837
1.85,0,0.49,0.723,0.657,0.723,0.657,0,98.837
1.85,0,0.61,0.781,0.714,0.781,0.714,0,98.837
1.85,0,0.74,0.838,0.771,0.838,0.771,0,98.837
1.85,0,0.86,0.895,0.829,0.895,0.829,0,98.837
1.85,0,1,0.962,0.895,0.962,0.895,0,98.837
1.86,0,0,0.492,0.426,0.492,0.426,0,98.776
1.86,0,0.12,0.55,0.483,0.55,0.483,0,98.776
1.86,0,0.25,0.607,0.54,0.607,0.54,0,98.776
1.86,0,0.37,0.664,0.598,0.664,0.598,0,98.776
1.86,0,0.49,0.722,0.655,0.722,0.655,0,98.776
1.86,0,0.61,0.779,0.712,0.779,0.712,0,98.776
1.86,0,0.74,0.837,0.77,0.837,0.77,0,98.776
1.86,0,0.86,0.894,0.827,0.894,0.827,0,98.776
1.86,0,1,0.96,0.894,0.96,0.894,0,98.776
1.87,0,0,0.491,0.424,0.491,0.424,0,98.715
1.87,0,0.12,0.548,0.481,0.548,0.481,0,98.715
1.87,0,0.25,0.605,0.539,0.605,0.539,0,98.715
1.87,0,0.37,0.663,0.596,0.663,0.596,0,98.715
1.87,0,0.49,0.72,0.654,0.72,0.654,0,98.715
1.87,0,0.61,0.778,0.711,0.778,0.711,0,98.715
1.87,0,0.74,0.835,0.768,0.835,0.768,0,98.715
1.87,0,0.86,0.892,0.826,0.892,0.826,0,98.715
1.87,0,1,0.959,0.892,0.959,0.892,0,98.715
1.88,0,0,0.489,0.422,0.489,0.422,0,98.653
1.88,0,0.12,0.546,0.48,0.546,0.48,0,98.653
1.88,0,0.25,0.604,0.537,0.604,0.537,0,98.653
1.88,0,0.37,0.661,0.595,0.661,0.595,0,98.653
1.88,0,0.49,0.719,0.652,0.719,0.652,0,98.653
1.88,0,0.61,0.776,0.709,0.776,0.709,0,98.653
1.88,0,0.74,0.834,0.767,0.834,0.767,0,98.653
1.88,0,0.86,0.891,0.824,0.891,0.824,0,98.653
1.88,0,1,0.958,0.891,0.958,0.891,0,98.653
1.89,0,0,0.487,0.421,0.487,0.421,0,98.592
1.89,0,0.12,0.545,0.478,0.545,0.478,0,98.592
1.89,0,0.25,0.602,0.535,0.602,0.535,0,98.592
1.89,0,0.37,0.66,0.593,0.66,0.593,0,98.592
1.89,0,0.49,0.717,0.65,0.717,0.65,0,98.592
1.89,0,0.61,0.775,0.708,0.775,0.708,0,98.592
1.89,0,0.74,0.832,0.765,0.832,0.765,0,98.592
1.89,0,0.86,0.89,0.823,0.89,0.823,0,98.592
1.89,0,1,0.956,0.89,0.956,0.89,0,98.592
1.9,0,0,0.486,0.419,0.486,0.419,0,98.531
1.9,0,0.12,0.543,0.476,0.543,0.476,0,98.531
1.9,0,0.25,0.601,0.534,0.601,0.534,0,98.531
1.9,0,0.37,0.658,0.591,0.658,0.591,0,98.531
1.9,0,0.49,0.716,0.649,0.716,0.649,0,98.531
1.9,0,0.61,0.773,0.706,0.773,0.706,0,98.531
1.9,0,0.74,0.831,0.764,0.831,0.764,0,98.531
1.9,0,0.86,0.888,0.821,0.888,0.821,0,98.531
1.9,0,1,0.955,0.888,0.955,0.888,0,98.531
1.91,0,0,0.484,0.417,0.484,0.417,0,98.469
1.91,0,0.12,0.541,0.475,0.541,0.475,0,98.469
1.91,0,0.25,0.599,0.532,0.599,0.532,0,98.469
1.91,0,0.37,0.656,0.59,0.656,0.59,0,98.469
1.91,0,0.49,0.714,0.647,0.714,0.647,0,98.469
1.91,0,0.61,0.772,0.705,0.772,0.705,0,98.469
1.91,0,0.74,0.829,0.762,0.829,0.762,0,98.469
1.91,0,0.86,0.887,0.82,0.887,0.82,0,98.469
1.91,0,1,0.953,0.887,0.953,0.887,0,98.469
1.92,0,0,0.482,0.416,0.482,0.416,0,98.408
1.92,0,0.12,0.54,0.473,0.54,0.473,0,98.408
1.92,0,0.25,0.597,0.531,0.597,0.531,0,98.408
1.92,0,0.37,0.655,0.588,0.655,0.588,0,98.408
1.92,0,0.49,0.713,0.646,0.713,0.646,0,98.408
1.92,0,0.61,0.77,0.703,0.77,0.703,0,98.408
1.92,0,0.74,0.828,0.761,0.828,0.761,0,98.408
1.92,0,0.86,0.885,0.819,0.885,0.819,0,98.408
1.92,0,1,0.952,0.885,0.952,0.885,0,98.408
1.93,0,0,0.481,0.414,0.481,0.414,0,98.346
1.93,0,0.12,0.538,0.471,0.538,0.471,0,98.346
1.93,0,0.25,0.596,0.529,0.596,0.529,0,98.346
1.93,0,0.37,0.653,0.587,0.653,0.587,0,98.346
1.93,0,0.49,0.711,0.644,0.711,0.644,0,98.346
1.93,0,0.61,0.769,0.702,0.769,0.702,0,98.346
1.93,0,0.74,0.826,0.76,0.826,0.76,0,98.346
1.93,0,0.86,0.884,0.817,0.884,0.817,0,98.346
1.93,0,1,0.951,0.884,0.951,0.884,0,98.346
1.94,0,0,0.479,0.412,0.479,0.412,0,98.284
1.94,0,0.12,0.537,0.47,0.537,0.47,0,98.284
1.94,0,0.25,0.594,0.528,0.594,0.528,0,98.284
1.94,0,0.37,0.652,0.585,0.652,0.585,0,98.284
1.94,0,0.49,0.709,0.643,0.709,0.643,0,98.284
1.94,0,0.61,0.767,0.7,0.767,0.7,0,98.284
1.94,0,0.74,0.825,0.758,0.825,0.758,0,98.284
1.94,0,0.86,0.882,0.816,0.882,0.816,0,98.284
1.94,0,1,0.949,0.883,0.949,0.883,0,98.284
1.95,0,0,0.477,0.411,0.477,0.411,0,98.222
1.95,0,0.12,0.535,0.468,0.535,0.468,0,98.222
1.95,0,0.25,0.593,0.526,0.593,0.526,0,98.222
1.95,0,0.37,0.65,0.584,0.65,0.584,0,98.222
1.95,0,0.49,0.708,0.641,0.708,0.641,0,98.222
1.95,0,0.61,0.766,0.699,0.766,0.699,0,98.222
1.95,0,0.74,0.823,0.757,0.823,0.757,0,98.222
1.95,0,0.86,0.881,0.814,0.881,0.814,0,98.222
1.95,0,1,0.948,0.881,0.948,0.881,0,98.222
1.96,0,0,0.476,0.409,0.476,0.409,0,98.16
1.96,0,0.12,0.533,0.467,0.533,0.467,0,98.16
1.96,0,0.25,0.591,0.524,0.591,0.524,0,98.16
1.96,0,0.37,0.649,0.582,0.649,0.582,0,98.16
1.96,0,0.49,0.706,0.64,0.706,0.64,0,98.16
1.96,0,0.61,0.764,0.697,0.764,0.697,0,98.16
1.96,0,0.74,0.822,0.755,0.822,0.755,0,98.16
1.96,0,0.86,0.88,0.813,0.88,0.813,0,98.16
1.96,0,1,0.946,0.88,0.946,0.88,0,98.16
1.97,0,0,0.474,0.407,0.474,0.407,0,98.098
1.97,0,0.12,0.532,0.465,0.532,0.465,0,98.098
1.97,0,0.25,0.59,0.523,0.59,0.523,0,98.098
1.97,0,0.37,0.647,0.581,0.647,0.581,0,98.098
1.97,0,0.49,0.705,0.638,0.705,0.638,0,98.098
1.97,0,0.61,0.763,0.696,0.763,0.696,0,98.098
1.97,0,0.74,0.82,0.754,0.82,0.754,0,98.098
1.97,0,0.86,0.878,0.811,0.878,0.811,0,98.098
1.97,0,1,0.945,0.878,0.945,0.878,0,98.098
1.98,0,0,0.472,0.406,0.472,0.406,0,98.036
1.98,0,0.12,0.53,0.463,0.53,0.463,0,98.036
1.98,0,0.25,0.588,0.521,0.588,0.521,0,98.036
1.98,0,0.37,0.646,0.579,0.646,0.579,0,98.036
1.98,0,0.49,0.703,0.637,0.703,0.637,0,98.036
1.98,0,0.61,0.761,0.694,0.761,0.694,0,98.036
1.98,0,0.74,0.819,0.752,0.819,0.752,0,98.036
1.98,0,0.86,0.877,0.81,0.877,0.81,0,98.036
1.98,0,1,0.944,0.877,0.944,0.877,0,98.036
1.99,0,0,0.471,0.404,0.471,0.404,0,97.974
1.99,0,0.12,0.529,0.462,0.529,0.462,0,97.974
1.99,0,0.25,0.586,0.519,0.586,0.519,0,97.974
1.99,0,0.37,0.644,0.577,0.644,0.577,0,97.974
1.99,0,0.49,0.702,0.635,0.702,0.635,0,97.974
1.99,0,0.61,0.76,0.693,0.76,0.693,0,97.974
1.99,0,0.74,0.818,0.751,0.818,0.751,0,97.974
1.99,0,0.86,0.875,0.808,0.875,0.808,0,97.974
1.99,0,1,0.942,0.875,0.942,0.875,0,97.974
2,0,0,0.469,0.402,0.469,0.402,0,97.912
2,0,0.12,0.527,0.46,0.527,0.46,0,97.912
2,0,0.25,0.585,0.518,0.585,0.518,0,97.912
2,0,0.37,0.643,0.576,0.643,0.576,0,97.912
2,0,0.49,0.701,0.633,0.701,0.633,0,97.912
2,0,0.61,0.758,0.691,0.758,0.691,0,97.912
2,0,0.74,0.816,0.749,0.816,0.749,0,97.912
2,0,0.86,0.874,0.807,0.874,0.807,0,97.912
2,0,1,0.941,0.874,0.941,0.874,0,97.912
2.01,0,0,0.468,0.401,0.468,0.401,0,97.85
2.01,0,0.12,0.526,0.459,0.526,0.459,0,97.85
2.01,0,0.25,0.584,0.516,0.584,0.516,0,97.85
2.01,0,0.37,0.642,0.574,0.642,0.574,0,97.85
2.01,0,0.49,0.699,0.632,0.699,0.632,0,97.85
2.01,0,0.61,0.757,0.69,0.757,0.69,0,97.85
2.01,0,0.74,0.815,0.748,0.815,0.748,0,97.85
2.01,0,0.86,0.873,0.805,0.873,0.805,0,97.85
2.01,0,1,0.94,0.873,0.94,0.873,0,97.85
2.02,0,0,0.467,0.399,0.467,0.399,0,97.787
2.02,0,0.12,0.525,0.457,0.525,0.457,0,97.787
2.02,0,0.25,0.582,0.515,0.582,0.515,0,97.787
2.02,0,0.37,0.64,0.573,0.64,0.573,0,97.787
2.02,0,0.49,0.698,0.631,0.698,0.631,0,97.787
2.02,0,0.61,0.756,0.688,0.756,0.688,0,97.787
2.02,0,0.74,0.814,0.746,0.814,0.746,0,97.787
2.02,0,0.86,0.872,0.804,0.872,0.804,0,97.787
2.02,0,1,0.939,0.871,0.939,0.871,0,97.787
2.03,0,0,0.465,0.398,0.465,0.398,0,97.725
2.03,0,0.12,0.523,0.456,0.523,0.456,0,97.725
2.03,0,0.25,0.581,0.514,0.581,0.514,0,97.725
2.03,0,0.37,0.639,0.571,0.639,0.571,0,97.725
2.03,0,0.49,0.697,0.629,0.697,0.629,0,97.725
2.03,0,0.61,0.755,0.687,0.755,0.687,0,97.725
2.03,0,0.74,0.813,0.745,0.813,0.745,0,97.725
2.03,0,0.86,0.871,0.803,0.871,0.803,0,97.725
2.03,0,1,0.938,0.87,0.938,0.87,0,97.725
2.04,0,0,0.464,0.396,0.464,0.396,0,97.662
2.04,0,0.12,0.522,0.454,0.522,0.454,0,97.662
2.04,0,0.25,0.58,0.512,0.58,0.512,0,97.662
2.04,0,0.37,0.638,0.57,0.638,0.57,0,97.662
2.04,0,0.49,0.696,0.628,0.696,0.628,0,97.662
2.04,0,0.61,0.754,0.686,0.754,0.686,0,97.662
2.04,0,0.74,0.812,0.744,0.812,0.744,0,97.662
2.04,0,0.86,0.87,0.802,0.87,0.802,0,97.662
2.04,0,1,0.937,0.869,0.937,0.869,0,97.662
2.05,0,0,0.463,0.395,0.463,0.395,0,97.599
2.05,0,0.12,0.521,0.453,0.521,0.453,0,97.599
2.05,0,0.25,0.579,0.511,0.579,0.511,0,97.599
2.05,0,0.37,0.637,0.569,0.637,0.569,0,97.599
2.05,0,0.49,0.695,0.627,0.695,0.627,0,97.599
2.05,0,0.61,0.753,0.685,0.753,0.685,0,97.599
2.05,0,0.74,0.81,0.742,0.81,0.742,0,97.599
2.05,0,0.86,0.868,0.8,0.868,0.8,0,97.599
2.05,0,1,0.936,0.868,0.936,0.868,0,97.599
2.06,0,0,0.462,0.393,0.462,0.393,0,97.536
2.06,0,0.12,0.52,0.451,0.52,0.451,0,97.536
2.06,0,0.25,0.578,0.509,0.578,0.509,0,97.536
2.06,0,0.37,0.636,0.567,0.636,0.567,0,97.536
2.06,0,0.49,0.693,0.625,0.693,0.625,0,97.536
2.06,0,0.61,0.751,0.683,0.751,0.683,0,97.536
2.06,0,0.74,0.809,0.741,0.809,0.741,0,97.536
2.06,0,0.86,0.867,0.799,0.867,0.799,0,97.536
2.06,0,1,0.935,0.866,0.935,0.866,0,97.536
2.07,0,0,0.46,0.392,0.46,0.392,0,97.473
2.07,0,0.12,0.518,0.45,0.518,0.45,0,97.473
2.07,0,0.25,0.576,0.508,0.576,0.508,0,97.473
2.07,0,0.37,0.634,0.566,0.634,0.566,0,97.473
2.07,0,0.49,0.692,0.624,0.692,0.624,0,97.473
2.07,0,0.61,0.75,0.682,0.75,0.682,0,97.473
2.07,0,0.74,0.808,0.74,0.808,0.74,0,97.473
2.07,0,0.86,0.866,0.798,0.866,0.798,0,97.473
2.07,0,1,0.933,0.865,0.933,0.865,0,97.473
2.08,0,0,0.459,0.391,0.459,0.391,0,97.41
2.08,0,0.12,0.517,0.449,0.517,0.449,0,97.41
2.08,0,0.25,0.575,0.507,0.575,0.507,0,97.41
2.08,0,0.37,0.633,0.565,0.633,0.565,0,97.41
2.08,0,0.49,0.691,0.623,0.691,0.623,0,97.41
2.08,0,0.61,0.749,0.681,0.749,0.681,0,97.41
2.08,0,0.74,0.807,0.739,0.807,0.739,0,97.41
2.08,0,0.86,0.865,0.797,0.865,0.797,0,97.41
2.08,0,1,0.932,0.864,0.932,0.864,0,97.41
2.09,0,0,0.458,0.389,0.458,0.389,0,97.347
2.09,0,0.12,0.516,0.447,0.516,0.447,0,97.347
2.09,0,0.25,0.574,0.505,0.574,0.505,0,97.347
2.09,0,0.37,0.632,0.563,0.632,0.563,0,97.347
2.09,0,0.49,0.69,0.621,0.69,0.621,0,97.347
2.09,0,0.61,0.748,0.679,0.748,0.679,0,97.347
2.09,0,0.74,0.806,0.737,0.806,0.737,0,97.347
2.09,0,0.86,0.864,0.795,0.864,0.795,0,97.347
2.09,0,1,0.931,0.863,0.931,0.863,0,97.347
2.1,0,0,0.457,0.388,0.457,0.388,0,97.284
2.1,0,0.12,0.515,0.446,0.515,0.446,0,97.284
2.1,0,0.25,0.573,0.504,0.573,0.504,0,97.284
2.1,0,0.37,0.631,0.562,0.631,0.562,0,97.284
2.1,0,0.49,0.689,0.62,0.689,0.62,0,97.284
2.1,0,0.61,0.747,0.678,0.747,0.678,0,97.284
2.1,0,0.74,0.805,0.736,0.805,0.736,0,97.284
2.1,0,0.86,0.863,0.794,0.863,0.794,0,97.284
2.1,0,1,0.93,0.861,0.93,0.861,0,97.284
2.11,0,0,0.455,0.386,0.455,0.386,0,97.22
2.11,0,0.12,0.514,0.444,0.514,0.444,0,97.22
2.11,0,0.25,0.572,0.503,0.572,0.503,0,97.22
2.11,0,0.37,0.63,0.561,0.63,0.561,0,97.22
2.11,0,0.49,0.688,0.619,0.688,0.619,0,97.22
2.11,0,0.61,0.746,0.677,0.746,0.677,0,97.22
2.11,0,0.74,0.804,0.735,0.804,0.735,0,97.22
2.11,0,0.86,0.862,0.793,0.862,0.793,0,97.22
2.11,0,1,0.929,0.86,0.929,0.86,0,97.22
2.12,0,0,0.454,0.385,0.454,0.385,0,97.16
2.12,0,0.12,0.512,0.443,0.512,0.443,0,97.16
2.12,0,0.25,0.57,0.501,0.57,0.501,0,97.16
2.12,0,0.37,0.628,0.559,0.628,0.559,0,97.16
2.12,0,0.49,0.687,0.617,0.687,0.617,0,97.16
2.12,0,0.61,0.745,0.675,0.745,0.675,0,97.16
2.12,0,0.74,0.803,0.734,0.803,0.734,0,97.16
2.12,0,0.86,0.861,0.792,0.861,0.792,0,97.16
2.12,0,1,0.928,0.859,0.928,0.859,0,97.16
2.13,0,0,0.453,0.383,0.453,0.383,0,97.103
2.13,0,0.12,0.511,0.442,0.511,0.442,0,97.103
2.13,0,0.25,0.569,0.5,0.569,0.5,0,97.103
2.13,0,0.37,0.627,0.558,0.627,0.558,0,97.103
2.13,0,0.49,0.685,0.616,0.685,0.616,0,97.103
2.13,0,0.61,0.743,0.674,0.743,0.674,0,97.103
2.13,0,0.74,0.802,0.732,0.802,0.732,0,97.103
2.13,0,0.86,0.86,0.79,0.86,0.79,0,97.103
2.13,0,1,0.927,0.858,0.927,0.858,0,97.103
2.14,0,0,0.451,0.382,0.451,0.382,0,97.045
2.14,0,0.12,0.51,0.44,0.51,0.44,0,97.045
2.14,0,0.25,0.568,0.498,0.568,0.498,0,97.045
2.14,0,0.37,0.626,0.556,0.626,0.556,0,97.045
2.14,0,0.49,0.684,0.614,0.684,0.614,0,97.045
2.14,0,0.61,0.742,0.673,0.742,0.673,0,97.045
2.14,0,0.74,0.8,0.731,0.8,0.731,0,97.045
2.14,0,0.86,0.858,0.789,0.858,0.789,0,97.045
2.14,0,1,0.926,0.856,0.926,0.856,0,97.045
2.15,0,0,0.45,0.38,0.45,0.38,0,96.986
2.15,0,0.12,0.508,0.439,0.508,0.439,0,96.986
2.15,0,0.25,0.566,0.497,0.566,0.497,0,96.986
2.15,0,0.37,0.625,0.555,0.625,0.555,0,96.986
2.15,0,0.49,0.683,0.613,0.683,0.613,0,96.986
2.15,0,0.61,0.741,0.671,0.741,0.671,0,96.986
2.15,0,0.74,0.799,0.729,0.799,0.729,0,96.986
2.15,0,0.86,0.857,0.787,0.857,0.787,0,96.986
2.15,0,1,0.925,0.855,0.925,0.855,0,96.986
2.16,0,0,0.449,0.379,0.449,0.379,0,96.926
2.16,0,0.12,0.507,0.437,0.507,0.437,0,96.926
2.16,0,0.25,0.565,0.495,0.565,0.495,0,96.926
2.16,0,0.37,0.623,0.553,0.623,0.553,0,96.926
2.16,0,0.49,0.682,0.612,0.682,0.612,0,96.926
2.16,0,0.61,0.74,0.67,0.74,0.67,0,96.926
2.16,0,0.74,0.798,0.728,0.798,0.728,0,96.926
2.16,0,0.86,0.856,0.786,0.856,0.786,0,96.926
2.16,0,1,0.923,0.854,0.923,0.854,0,96.926
2.17,0,0,0.447,0.377,0.447,0.377,0,96.865
2.17,0,0.12,0.506,0.436,0.506,0.436,0,96.865
2.17,0,0.25,0.564,0.494,0.564,0.494,0,96.865
2.17,0,0.37,0.622,0.552,0.622,0.552,0,96.865
2.17,0,0.49,0.68,0.61,0.68,0.61,0,96.865
2.17,0,0.61,0.738,0.668,0.738,0.668,0,96.865
2.17,0,0.74,0.797,0.727,0.797,0.727,0,96.865
2.17,0,0.86,0.855,0.785,0.855,0.785,0,96.865
2.17,0,1,0.922,0.852,0.922,0.852,0,96.865
2.18,0,0,0.446,0.376,0.446,0.376,0,96.802
2.18,0,0.12,0.504,0.434,0.504,0.434,0,96.802
2.18,0,0.25,0.563,0.492,0.563,0.492,0,96.802
2.18,0,0.37,0.621,0.551,0.621,0.551,0,96.802
2.18,0,0.49,0.679,0.609,0.679,0.609,0,96.802
2.18,0,0.61,0.737,0.667,0.737,0.667,0,96.802
2.18,0,0.74,0.795,0.725,0.795,0.725,0,96.802
2.18,0,0.86,0.854,0.783,0.854,0.783,0,96.802
2.18,0,1,0.921,0.851,0.921,0.851,0,96.802
2.19,0,0,0.445,0.374,0.445,0.374,0,96.739
2.19,0,0.12,0.503,0.433,0.503,0.433,0,96.739
2.19,0,0.25,0.561,0.491,0.561,0.491,0,96.739
2.19,0,0.37,0.62,0.549,0.62,0.549,0,96.739
2.19,0,0.49,0.678,0.607,0.678,0.607,0,96.739
2.19,0,0.61,0.736,0.666,0.736,0.666,0,96.739
2.19,0,0.74,0.794,0.724,0.794,0.724,0,96.739
2.19,0,0.86,0.852,0.782,0.852,0.782,0,96.739
2.19,0,1,0.92,0.85,0.92,0.85,0,96.739
2.2,0,0,0.443,0.373,0.443,0.373,0,96.675
2.2,0,0.12,0.502,0.431,0.502,0.431,0,96.675
2.2,0,0.25,0.56,0.489,0.56,0.489,0,96.675
2.2,0,0.37,0.618,0.548,0.618,0.548,0,96.675
2.2,0,0.49,0.677,0.606,0.677,0.606,0,96.675
2.2,0,0.61,0.735,0.664,0.735,0.664,0,96.675
2.2,0,0.74,0.793,0.722,0.793,0.722,0,96.675
2.2,0,0.86,0.851,0.781,0.851,0.781,0,96.675
2.2,0,1,0.919,0.848,0.919,0.848,0,96.675
2.21,0,0,0.442,0.371,0.442,0.371,0,96.61
2.21,0,0.12,0.5,0.43,0.5,0.43,0,96.61
2.21,0,0.25,0.559,0.488,0.559,0.488,0,96.61
2.21,0,0.37,0.617,0.546,0.617,0.546,0,96.61
2.21,0,0.49,0.675,0.605,0.675,0.605,0,96.61
2.21,0,0.61,0.734,0.663,0.734,0.663,0,96.61
2.21,0,0.74,0.792,0.721,0.792,0.721,0,96.61
2.21,0,0.86,0.85,0.779,0.85,0.779,0,96.61
2.21,0,1,0.918,0.847,0.918,0.847,0,96.61
2.22,0,0,0.441,0.37,0.441,0.37,0,96.544
2.22,0,0.12,0.499,0.428,0.499,0.428,0,96.544
2.22,0,0.25,0.557,0.487,0.557,0.487,0,96.544
2.22,0,0.37,0.616,0.545,0.616,0.545,0,96.544
2.22,0,0.49,0.674,0.603,0.674,0.603,0,96.544
2.22,0,0.61,0.732,0.661,0.732,0.661,0,96.544
2.22,0,0.74,0.791,0.72,0.791,0.72,0,96.544
2.22,0,0.86,0.849,0.778,0.849,0.778,0,96.544
2.22,0,1,0.917,0.846,0.917,0.846,0,96.544
2.23,0,0,0.44,0.368,0.44,0.368,0,96.477
2.23,0,0.12,0.498,0.427,0.498,0.427,0,96.477
2.23,0,0.25,0.556,0.485,0.556,0.485,0,96.477
2.23,0,0.37,0.615,0.543,0.615,0.543,0,96.477
2.23,0,0.49,0.673,0.602,0.673,0.602,0,96.477
2.23,0,0.61,0.731,0.66,0.731,0.66,0,96.477
2.23,0,0.74,0.789,0.718,0.789,0.718,0,96.477
2.23,0,0.86,0.848,0.777,0.848,0.777,0,96.477
2.23,0,1,0.915,0.844,0.915,0.844,0,96.477
2.24,0,0,0.438,0.367,0.438,0.367,0,96.41
2.24,0,0.12,0.497,0.425,0.497,0.425,0,96.41
2.24,0,0.25,0.555,0.484,0.555,0.484,0,96.41
2.24,0,0.37,0.613,0.542,0.613,0.542,0,96.41
2.24,0,0.49,0.672,0.6,0.672,0.6,0,96.41
2.24,0,0.61,0.73,0.659,0.73,0.659,0,96.41
2.24,0,0.74,0.788,0.717,0.788,0.717,0,96.41
2.24,0,0.86,0.847,0.775,0.847,0.775,0,96.41
2.24,0,1,0.914,0.843,0.914,0.843,0,96.41
2.25,0,0,0.437,0.366,0.437,0.366,0,96.342
2.25,0,0.12,0.495,0.424,0.495,0.424,0,96.342
2.25,0,0.25,0.554,0.482,0.554,0.482,0,96.342
2.25,0,0.37,0.612,0.541,0.612,0.541,0,96.342
2.25,0,0.49,0.67,0.599,0.67,0.599,0,96.342
2.25,0,0.61,0.729,0.657,0.729,0.657,0,96.342
2.25,0,0.74,0.787,0.716,0.787,0.716,0,96.342
2.25,0,0.86,0.845,0.774,0.845,0.774,0,96.342
2.25,0,1,0.913,0.842,0.913,0.842,0,96.342
2.26,0,0,0.436,0.364,0.436,0.364,0,96.273
2.26,0,0.12,0.494,0.422,0.494,0.422,0,96.273
2.26,0,0.25,0.552,0.481,0.552,0.481,0,96.273
2.26,0,0.37,0.611,0.539,0.611,0.539,0,96.273
2.26,0,0.49,0.669,0.598,0.669,0.598,0,96.273
2.26,0,0.61,0.728,0.656,0.728,0.656,0,96.273
2.26,0,0.74,0.786,0.714,0.786,0.714,0,96.273
2.26,0,0.86,0.844,0.773,0.844,0.773,0,96.273
2.26,0,1,0.912,0.84,0.912,0.84,0,96.273
2.27,0,0,0.434,0.363,0.434,0.363,0,96.203
2.27,0,0.12,0.493,0.421,0.493,0.421,0,96.203
2.27,0,0.25,0.551,0.479,0.551,0.479,0,96.203
2.27,0,0.37,0.61,0.538,0.61,0.538,0,96.203
2.27,0,0.49,0.668,0.596,0.668,0.596,0,96.203
2.27,0,0.61,0.726,0.655,0.726,0.655,0,96.203
2.27,0,0.74,0.785,0.713,0.785,0.713,0,96.203
2.27,0,0.86,0.843,0.771,0.843,0.771,0,96.203
2.27,0,1,0.911,0.839,0.911,0.839,0,96.203
2.28,0,0,0.433,0.361,0.433,0.361,0,96.133
2.28,0,0.12,0.492,0.42,0.492,0.42,0,96.133
2.28,0,0.25,0.55,0.478,0.55,0.478,0,96.133
2.28,0,0.37,0.608,0.536,0.608,0.536,0,96.133
2.28,0,0.49,0.667,0.595,0.667,0.595,0,96.133
2.28,0,0.61,0.725,0.653,0.725,0.653,0,96.133
2.28,0,0.74,0.784,0.712,0.784,0.712,0,96.133
2.28,0,0.86,0.842,0.77,0.842,0.77,0,96.133
2.28,0,1,0.91,0.838,0.91,0.838,0,96.133
2.29,0,0,0.432,0.36,0.432,0.36,0,96.062
2.29,0,0.12,0.49,0.418,0.49,0.418,0,96.062
2.29,0,0.25,0.549,0.477,0.549,0.477,0,96.062
2.29,0,0.37,0.607,0.535,0.607,0.535,0,96.062
2.29,0,0.49,0.666,0.593,0.666,0.593,0,96.062
2.29,0,0.61,0.724,0.652,0.724,0.652,0,96.062
2.29,0,0.74,0.782,0.71,0.782,0.71,0,96.062
2.29,0,0.86,0.841,0.769,0.841,0.769,0,96.062
2.29,0,1,0.909,0.836,0.909,0.836,0,96.062
2.3,0,0,0.431,0.358,0.431,0.358,0,95.99
2.3,0,0.12,0.489,0.417,0.489,0.417,0,95.99
2.3,0,0.25,0.548,0.475,0.548,0.475,0,95.99
2.3,0,0.37,0.606,0.534,0.606,0.534,0,95.99
2.3,0,0.49,0.664,0.592,0.664,0.592,0,95.99
2.3,0,0.61,0.723,0.651,0.723,0.651,0,95.99
2.3,0,0.74,0.781,0.709,0.781,0.709,0,95.99
2.3,0,0.86,0.84,0.767,0.84,0.767,0,95.99
2.3,0,1,0.908,0.835,0.908,0.835,0,95.99
2.31,0,0,0.429,0.357,0.429,0.357,0,95.918
2.31,0,0.12,0.488,0.415,0.488,0.415,0,95.918
2.31,0,0.25,0.546,0.474,0.546,0.474,0,95.918
2.31,0,0.37,0.605,0.532,0.605,0.532,0,95.918
2.31,0,0.49,0.663,0.591,0.663,0.591,0,95.918
2.31,0,0.61,0.722,0.649,0.722,0.649,0,95.918
2.31,0,0.74,0.78,0.708,0.78,0.708,0,95.918
2.31,0,0.86,0.839,0.766,0.839,0.766,0,95.918
2.31,0,1,0.906,0.834,0.906,0.834,0,95.918
2.32,0,0,0.428,0.356,0.428,0.356,0,95.846
2.32,0,0.12,0.487,0.414,0.487,0.414,0,95.846
2.32,0,0.25,0.545,0.472,0.545,0.472,0,95.846
2.32,0,0.37,0.604,0.531,0.604,0.531,0,95.846
2.32,0,0.49,0.662,0.589,0.662,0.589,0,95.846
2.32,0,0.61,0.721,0.648,0.721,0.648,0,95.846
2.32,0,0.74,0.779,0.706,0.779,0.706,0,95.846
2.32,0,0.86,0.838,0.765,0.838,0.765,0,95.846
2.32,0,1,0.905,0.833,0.905,0.833,0,95.846
2.33,0,0,0.427,0.354,0.427,0.354,0,95.773
2.33,0,0.12,0.485,0.413,0.485,0.413,0,95.773
2.33,0,0.25,0.544,0.471,0.544,0.471,0,95.773
2.33,0,0.37,0.602,0.53,0.602,0.53,0,95.773
2.33,0,0.49,0.661,0.588,0.661,0.588,0,95.773
2.33,0,0.61,0.719,0.647,0.719,0.647,0,95.773
2.33,0,0.74,0.778,0.705,0.778,0.705,0,95.773
2.33,0,0.86,0.836,0.764,0.836,0.764,0,95.773
2.33,0,1,0.904,0.831,0.904,0.831,0,95.773
2.34,0,0,0.426,0.353,0.426,0.353,0,95.699
2.34,0,0.12,0.484,0.411,0.484,0.411,0,95.699
2.34,0,0.25,0.543,0.47,0.543,0.47,0,95.699
2.34,0,0.37,0.601,0.528,0.601,0.528,0,95.699
2.34,0,0.49,0.66,0.587,0.66,0.587,0,95.699
2.34,0,0.61,0.718,0.645,0.718,0.645,0,95.699
2.34,0,0.74,0.777,0.704,0.777,0.704,0,95.699
2.34,0,0.86,0.835,0.762,0.835,0.762,0,95.699
2.34,0,1,0.903,0.83,0.903,0.83,0,95.699
2.35,0,0,0.425,0.351,0.425,0.351,0,95.625
2.35,0,0.12,0.483,0.41,0.483,0.41,0,95.625
2.35,0,0.25,0.542,0.468,0.542,0.468,0,95.625
2.35,0,0.37,0.6,0.527,0.6,0.527,0,95.625
2.35,0,0.49,0.659,0.585,0.659,0.585,0,95.625
2.35,0,0.61,0.717,0.644,0.717,0.644,0,95.625
2.35,0,0.74,0.776,0.702,0.776,0.702,0,95.625
2.35,0,0.86,0.834,0.761,0.834,0.761,0,95.625
2.35,0,1,0.902,0.829,0.902,0.829,0,95.625
2.36,0,0,0.423,0.35,0.423,0.35,0,95.55
2.36,0,0.12,0.482,0.409,0.482,0.409,0,95.55
2.36,0,0.25,0.54,0.467,0.54,0.467,0,95.55
2.36,0,0.37,0.599,0.526,0.599,0.526,0,95.55
2.36,0,0.49,0.657,0.584,0.657,0.584,0,95.55
2.36,0,0.61,0.716,0.643,0.716,0.643,0,95.55
2.36,0,0.74,0.775,0.701,0.775,0.701,0,95.55
2.36,0,0.86,0.833,0.76,0.833,0.76,0,95.55
2.36,0,1,0.901,0.828,0.901,0.828,0,95.55
2.37,0,0,0.422,0.349,0.422,0.349,0,95.475
2.37,0,0.12,0.481,0.407,0.481,0.407,0,95.475
2.37,0,0.25,0.539,0.466,0.539,0.466,0,95.475
2.37,0,0.37,0.598,0.524,0.598,0.524,0,95.475
2.37,0,0.49,0.656,0.583,0.656,0.583,0,95.475
2.37,0,0.61,0.715,0.641,0.715,0.641,0,95.475
2.37,0,0.74,0.773,0.7,0.773,0.7,0,95.475
2.37,0,0.86,0.832,0.758,0.832,0.758,0,95.475
2.37,0,1,0.9,0.826,0.9,0.826,0,95.475
2.38,0,0,0.421,0.347,0.421,0.347,0,95.399
2.38,0,0.12,0.479,0.406,0.479,0.406,0,95.399
2.38,0,0.25,0.538,0.464,0.538,0.464,0,95.399
2.38,0,0.37,0.597,0.523,0.597,0.523,0,95.399
2.38,0,0.49,0.655,0.581,0.655,0.581,0,95.399
2.38,0,0.61,0.714,0.64,0.714,0.64,0,95.399
2.38,0,0.74,0.772,0.699,0.772,0.699,0,95.399
2.38,0,0.86,0.831,0.757,0.831,0.757,0,95.399
2.38,0,1,0.899,0.825,0.899,0.825,0,95.399
2.39,0,0,0.42,0.346,0.42,0.346,0,95.324
2.39,0,0.12,0.478,0.404,0.478,0.404,0,95.324
2.39,0,0.25,0.537,0.463,0.537,0.463,0,95.324
2.39,0,0.37,0.595,0.522,0.595,0.522,0,95.324
2.39,0,0.49,0.654,0.58,0.654,0.58,0,95.324
2.39,0,0.61,0.713,0.639,0.713,0.639,0,95.324
2.39,0,0.74,0.771,0.697,0.771,0.697,0,95.324
2.39,0,0.86,0.83,0.756,0.83,0.756,0,95.324
2.39,0,1,0.898,0.824,0.898,0.824,0,95.324
2.4,0,0,0.419,0.344,0.419,0.344,0,95.247
2.4,0,0.12,0.477,0.403,0.477,0.403,0,95.247
2.4,0,0.25,0.536,0.462,0.536,0.462,0,95.247
2.4,0,0.37,0.594,0.52,0.594,0.52,0,95.247
2.4,0,0.49,0.653,0.579,0.653,0.579,0,95.247
2.4,0,0.61,0.712,0.637,0.712,0.637,0,95.247
2.4,0,0.74,0.77,0.696,0.77,0.696,0,95.247
2.4,0,0.86,0.829,0.755,0.829,0.755,0,95.247
2.4,0,1,0.897,0.823,0.897,0.823,0,95.247
2.41,0,0,0.417,0.343,0.417,0.343,0,95.17
2.41,0,0.12,0.476,0.402,0.476,0.402,0,95.17
2.41,0,0.25,0.535,0.46,0.535,0.46,0,95.17
2.41,0,0.37,0.593,0.519,0.593,0.519,0,95.17
2.41,0,0.49,0.652,0.578,0.652,0.578,0,95.17
2.41,0,0.61,0.71,0.636,0.71,0.636,0,95.17
2.41,0,0.74,0.769,0.695,0.769,0.695,0,95.17
2.41,0,0.86,0.828,0.753,0.828,0.753,0,95.17
2.41,0,1,0.896,0.821,0.896,0.821,0,95.17
2.42,0,0,0.416,0.342,0.416,0.342,0,95.093
2.42,0,0.12,0.475,0.4,0.475,0.4,0,95.093
2.42,0,0.25,0.533,0.459,0.533,0.459,0,95.093
2.42,0,0.37,0.592,0.518,0.592,0.518,0,95.093
2.42,0,0.49,0.651,0.576,0.651,0.576,0,95.093
2.42,0,0.61,0.709,0.635,0.709,0.635,0,95.093
2.42,0,0.74,0.768,0.694,0.768,0.694,0,95.093
2.42,0,0.86,0.827,0.752,0.827,0.752,0,95.093
2.42,0,1,0.895,0.82,0.895,0.82,0,95.093
2.43,0,0,0.415,0.34,0.415,0.34,0,95.016
2.43,0,0.12,0.474,0.399,0.474,0.399,0,95.016
2.43,0,0.25,0.532,0.458,0.532,0.458,0,95.016
2.43,0,0.37,0.591,0.516,0.591,0.516,0,95.016
2.43,0,0.49,0.65,0.575,0.65,0.575,0,95.016
2.43,0,0.61,0.708,0.634,0.708,0.634,0,95.016
2.43,0,0.74,0.767,0.692,0.767,0.692,0,95.016
2.43,0,0.86,0.825,0.751,0.825,0.751,0,95.016
2.43,0,1,0.893,0.819,0.893,0.819,0,95.016
2.44,0,0,0.414,0.339,0.414,0.339,0,94.938
2.44,0,0.12,0.472,0.398,0.472,0.398,0,94.938
2.44,0,0.25,0.531,0.456,0.531,0.456,0,94.938
2.44,0,0.37,0.59,0.515,0.59,0.515,0,94.938
2.44,0,0.49,0.648,0.574,0.648,0.574,0,94.938
2.44,0,0.61,0.707,0.632,0.707,0.632,0,94.938
2.44,0,0.74,0.766,0.691,0.766,0.691,0,94.938
2.44,0,0.86,0.824,0.75,0.824,0.75,0,94.938
2.44,0,1,0.892,0.818,0.892,0.818,0,94.938
2.45,0,0,0.413,0.338,0.413,0.338,0,94.86
2.45,0,0.12,0.471,0.396,0.471,0.396,0,94.86
2.45,0,0.25,0.53,0.455,0.53,0.455,0,94.86
2.45,0,0.37,0.589,0.514,0.589,0.514,0,94.86
2.45,0,0.49,0.647,0.572,0.647,0.572,0,94.86
2.45,0,0.61,0.706,0.631,0.706,0.631,0,94.86
2.45,0,0.74,0.765,0.69,0.765,0.69,0,94.86
2.45,0,0.86,0.823,0.748,0.823,0.748,0,94.86
2.45,0,1,0.891,0.816,0.891,0.816,0,94.86
2.46,0,0,0.411,0.337,0.411,0.337,0,94.782
2.46,0,0.12,0.47,0.396,0.47,0.396,0,94.782
2.46,0,0.25,0.529,0.454,0.529,0.454,0,94.782
2.46,0,0.37,0.588,0.513,0.588,0.513,0,94.782
2.46,0,0.49,0.646,0.572,0.646,0.572,0,94.782
2.46,0,0.61,0.705,0.63,0.705,0.63,0,94.782
2.46,0,0.74,0.764,0.689,0.764,0.689,0,94.782
2.46,0,0.86,0.822,0.748,0.822,0.748,0,94.782
2.46,0,1,0.89,0.816,0.89,0.816,0,94.782
2.47,0,0,0.41,0.336,0.41,0.336,0,94.703
2.47,0,0.12,0.469,0.395,0.469,0.395,0,94.703
2.47,0,0.25,0.528,0.454,0.528,0.454,0,94.703
2.47,0,0.37,0.586,0.512,0.586,0.512,0,94.703
2.47,0,0.49,0.645,0.571,0.645,0.571,0,94.703
2.47,0,0.61,0.704,0.63,0.704,0.63,0,94.703
2.47,0,0.74,0.763,0.688,0.763,0.688,0,94.703
2.47,0,0.86,0.821,0.747,0.821,0.747,0,94.703
2.47,0,1,0.889,0.815,0.889,0.815,0,94.703
2.48,0,0,0.409,0.335,0.409,0.335,0,94.624
2.48,0,0.12,0.468,0.394,0.468,0.394,0,94.624
2.48,0,0.25,0.527,0.453,0.527,0.453,0,94.624
2.48,0,0.37,0.585,0.511,0.585,0.511,0,94.624
2.48,0,0.49,0.644,0.57,0.644,0.57,0,94.624
2.48,0,0.61,0.703,0.629,0.703,0.629,0,94.624
2.48,0,0.74,0.761,0.688,0.761,0.688,0,94.624
2.48,0,0.86,0.82,0.746,0.82,0.746,0,94.624
2.48,0,1,0.888,0.814,0.888,0.814,0,94.624
2.49,0,0,0.408,0.335,0.408,0.335,0,94.545
2.49,0,0.12,0.467,0.393,0.467,0.393,0,94.545
2.49,0,0.25,0.525,0.452,0.525,0.452,0,94.545
2.49,0,0.37,0.584,0.511,0.584,0.511,0,94.545
2.49,0,0.49,0.643,0.569,0.643,0.569,0,94.545
2.49,0,0.61,0.702,0.628,0.702,0.628,0,94.545
2.49,0,0.74,0.76,0.687,0.76,0.687,0,94.545
2.49,0,0.86,0.819,0.746,0.819,0.746,0,94.545
2.49,0,1,0.887,0.814,0.887,0.814,0,94.545
2.5,0,0,0.407,0.334,0.407,0.334,0,94.465
2.5,0,0.12,0.466,0.392,0.466,0.392,0,94.465
2.5,0,0.25,0.524,0.451,0.524,0.451,0,94.465
2.5,0,0.37,0.583,0.51,0.583,0.51,0,94.465
2.5,0,0.49,0.642,0.569,0.642,0.569,0,94.465
2.5,0,0.61,0.701,0.627,0.701,0.627,0,94.465
2.5,0,0.74,0.759,0.686,0.759,0.686,0,94.465
2.5,0,0.86,0.818,0.745,0.818,0.745,0,94.465
2.5,0,1,0.886,0.813,0.886,0.813,0,94.465
