Time,Altitude,Vertical_velocity
0,0,0
0.01,0,0
0.02,5.306e-4,0.10613
0.03,0.0028031,0.34839
0.04,0.0081791,0.72684
0.05,0.018021,1.2416
0.06,0.033692,1.8926
0.07,0.056556,2.6801
0.08,0.087977,3.6041
0.09,0.12911,4.6222
0.1,0.18045,5.6467
0.11,0.24206,6.6751
0.12,0.31397,7.7073
0.13,0.39622,8.7433
0.14,0.48886,9.7833
0.15,0.59191,10.827
0.15924,0.69637,11.795
0.16771,0.80015,12.686
0.1756,0.90343,13.517
0.183,1.0063,14.299
0.19409,1.1715,15.476
0.21074,1.4439,17.25
0.23571,1.9081,19.931
0.27316,2.7306,23.991
0.32316,4.0665,29.45
0.37316,5.6765,34.95
0.42316,7.5624,40.492
0.47316,9.7264,46.068
0.52316,12.17,51.673
0.57316,14.894,57.308
0.62316,17.901,62.968
0.67316,21.191,68.646
0.72316,24.766,74.341
0.77316,28.626,80.053
0.82316,32.772,85.781
0.87316,37.204,91.524
0.92316,41.924,97.282
0.97316,46.933,103.06
1.0232,52.23,108.84
1.0732,57.817,114.64
1.1232,63.695,120.46
1.1732,69.863,126.29
1.2232,76.324,132.14
1.2732,83.077,137.99
1.3232,90.123,143.86
1.3732,97.463,149.73
1.4232,105.1,155.61
1.4732,113.02,161.49
1.5232,121.25,167.38
1.5732,129.76,173.26
1.6232,138.57,179.15
1.6732,147.68,185.04
1.7232,157.08,190.93
1.7732,166.77,196.82
1.8232,176.76,202.7
1.8732,187.04,208.58
1.9232,197.62,214.46
1.9732,208.48,220.32
2.0232,219.65,226.16
2.0732,231.1,231.99
2.1232,242.85,237.8
2.1732,254.88,243.58
2.2232,267.2,249.33
2.2732,279.81,255.04
2.3232,292.71,260.72
2.3732,305.88,266.35
2.4232,319.34,271.93
2.4732,333.07,277.47
2.5232,347.08,282.95
2.5732,361.37,288.37
2.6232,375.92,293.74
2.6732,390.74,299.06
2.7232,405.83,304.32
2.7732,421.17,309.52
2.8232,436.78,314.67
2.8732,452.64,319.76
2.9232,468.75,324.8
2.9732,485.12,329.77
3.0232,501.73,334.69
3.0732,518.58,339.56
3.1232,535.68,344.35
3.1732,553.02,349.09
3.2232,570.59,353.77
3.2732,588.39,358.39
3.3232,606.42,362.69
3.3732,624.65,366.57
3.4232,643.07,370.05
3.4732,661.64,372.92
3.5232,680.34,374.95
3.5732,699.12,376.14
3.6232,717.93,376.56
3.6732,736.76,376.54
3.7232,755.58,376.11
3.7732,774.36,375.28
3.8232,793.1,374.24
3.8732,811.78,373.06
3.9232,830.4,371.74
3.9732,848.95,370.32
4.0232,867.43,368.86
4.0732,885.84,367.34
4.1232,904.17,365.79
4.1732,922.42,364.21
4.2232,940.59,362.63
4.2732,958.68,361.04
4.3232,976.69,359.46
4.3732,994.62,357.89
4.4232,1012.5,356.33
4.4732,1030.3,354.78
4.5232,1048,353.25
4.5732,1065.6,351.72
4.6232,1083.1,350.21
4.6732,1100.6,348.71
4.7232,1118,347.22
4.7732,1135.3,345.75
4.8232,1152.6,344.29
4.8732,1169.8,342.84
4.9232,1186.9,341.41
4.9732,1203.9,339.99
5.0232,1220.9,338.59
5.0732,1237.8,337.2
5.1232,1254.6,335.83
5.1732,1271.3,334.46
5.2232,1288,333.11
5.2732,1304.7,331.76
5.3232,1321.2,330.43
5.3732,1337.7,329.1
5.4232,1354.1,327.78
5.4732,1370.5,326.47
5.5232,1386.8,325.17
5.5732,1403,323.88
5.6232,1419.2,322.59
5.6732,1435.2,321.32
5.7232,1451.3,320.05
5.7732,1467.3,318.79
5.8232,1483.2,317.53
5.8732,1499,316.29
5.9232,1514.8,315.05
5.9732,1530.5,313.82
6.0232,1546.2,312.59
6.0732,1561.8,311.38
6.1232,1577.3,310.17
6.1732,1592.8,308.97
6.2232,1608.2,307.77
6.2732,1623.6,306.59
6.3232,1638.9,305.4
6.3732,1654.1,304.23
6.4232,1669.3,303.06
6.4732,1684.4,301.9
6.5232,1699.5,300.74
6.5732,1714.5,299.59
6.6232,1729.4,298.45
6.6732,1744.3,297.32
6.7232,1759.2,296.19
6.7732,1774,295.07
6.8232,1788.7,293.96
6.8732,1803.3,292.85
6.9232,1818,291.75
6.9732,1832.5,290.66
7.0232,1847,289.57
7.0732,1861.5,288.49
7.1232,1875.9,287.41
7.1732,1890.2,286.34
7.2232,1904.5,285.28
7.2732,1918.7,284.22
7.3232,1932.9,283.17
7.3732,1947.1,282.13
7.4232,1961.1,281.09
7.4732,1975.2,280.06
7.5232,1989.2,279.03
7.5732,2003.1,278.01
7.6232,2017,276.99
7.6732,2030.8,275.98
7.7232,2044.6,274.97
7.7732,2058.3,273.97
7.8232,2071.9,272.97
7.8732,2085.6,271.98
7.9232,2099.1,270.99
7.9732,2112.7,270.01
8.0232,2126.1,269.03
8.0732,2139.6,268.06
8.1232,2153,267.1
8.1732,2166.3,266.13
8.2232,2179.6,265.18
8.2732,2192.8,264.22
8.3232,2206,263.27
8.3732,2219.1,262.33
8.4232,2232.2,261.39
8.4732,2245.3,260.45
8.5232,2258.3,259.52
8.5732,2271.2,258.6
8.6232,2284.1,257.67
8.6732,2297,256.75
8.7232,2309.8,255.84
8.7732,2322.6,254.93
8.8232,2335.3,254.02
8.8732,2348,253.12
8.9232,2360.6,252.22
8.9732,2373.2,251.33
9.0232,2385.7,250.43
9.0732,2398.2,249.55
9.1232,2410.7,248.66
9.1732,2423.1,247.78
9.2232,2435.5,246.91
9.2732,2447.8,246.04
9.3232,2460.1,245.17
9.3732,2472.3,244.3
9.4232,2484.5,243.44
9.4732,2496.7,242.58
9.5232,2508.8,241.73
9.5732,2520.8,240.88
9.6232,2532.9,240.03
9.6732,2544.8,239.18
9.7232,2556.8,238.34
9.7732,2568.7,237.5
9.8232,2580.5,236.67
9.8732,2592.3,235.83
9.9232,2604.1,235.01
9.9732,2615.8,234.18
10.023,2627.5,233.36
10.073,2639.2,232.54
10.123,2650.8,231.72
10.173,2662.3,230.91
10.223,2673.9,230.1
10.273,2685.4,229.29
10.323,2696.8,228.48
10.373,2708.2,227.68
10.423,2719.6,226.88
10.473,2730.9,226.09
10.523,2742.2,225.29
10.573,2753.4,224.5
10.623,2764.6,223.71
10.673,2775.8,222.93
10.723,2786.9,222.15
10.773,2798,221.37
10.823,2809.1,220.59
10.873,2820.1,219.81
10.923,2831,219.04
10.973,2842,218.27
11.023,2852.9,217.5
11.073,2863.7,216.74
11.123,2874.5,215.97
11.173,2885.3,215.21
11.223,2896.1,214.46
11.273,2906.8,213.7
11.323,2917.4,212.95
11.373,2928.1,212.2
11.423,2938.6,211.45
11.473,2949.2,210.71
11.523,2959.7,209.96
11.573,2970.2,209.22
11.623,2980.6,208.48
11.673,2991,207.75
11.723,3001.4,207.01
11.773,3011.7,206.28
11.823,3022,205.55
11.873,3032.3,204.82
11.923,3042.5,204.1
11.973,3052.7,203.37
12.023,3062.9,202.65
12.073,3073,201.93
12.123,3083.1,201.21
12.173,3093.1,200.5
12.223,3103.1,199.78
12.273,3113.1,199.07
12.323,3123,198.36
12.373,3132.9,197.65
12.423,3142.8,196.95
12.473,3152.6,196.25
12.523,3162.4,195.54
12.573,3172.2,194.84
12.623,3181.9,194.15
12.673,3191.6,193.45
12.723,3201.2,192.76
12.773,3210.9,192.06
12.823,3220.4,191.37
12.873,3230,190.68
12.923,3239.5,190
12.973,3249,189.31
13.023,3258.4,188.63
13.073,3267.8,187.94
13.123,3277.2,187.26
13.173,3286.6,186.58
13.223,3295.9,185.91
13.273,3305.2,185.23
13.323,3314.4,184.56
13.373,3323.6,183.89
13.423,3332.8,183.22
13.473,3341.9,182.55
13.523,3351.1,181.88
13.573,3360.1,181.21
13.623,3369.2,180.55
13.673,3378.2,179.89
13.723,3387.2,179.23
13.773,3396.1,178.57
13.823,3405,177.91
13.873,3413.9,177.26
13.923,3422.7,176.6
13.973,3431.6,175.95
14.023,3440.3,175.3
14.073,3449.1,174.65
14.123,3457.8,174
14.173,3466.5,173.35
14.223,3475.1,172.7
14.273,3483.8,172.06
14.323,3492.3,171.41
14.373,3500.9,170.77
14.423,3509.4,170.13
14.473,3517.9,169.49
14.523,3526.4,168.85
14.573,3534.8,168.22
14.623,3543.2,167.58
14.673,3551.6,166.95
14.723,3559.9,166.32
14.773,3568.2,165.69
14.823,3576.5,165.06
14.873,3584.7,164.43
14.923,3592.9,163.8
14.973,3601.1,163.17
15.023,3609.2,162.55
15.073,3617.3,161.93
15.123,3625.4,161.3
15.173,3633.5,160.68
15.223,3641.5,160.06
15.273,3649.5,159.44
15.323,3657.4,158.82
15.373,3665.4,158.21
15.423,3673.2,157.59
15.473,3681.1,156.98
15.523,3688.9,156.37
15.573,3696.7,155.75
15.623,3704.5,155.14
15.673,3712.3,154.53
15.723,3720,153.93
15.773,3727.7,153.32
15.823,3735.3,152.71
15.873,3742.9,152.11
15.923,3750.5,151.5
15.973,3758.1,150.9
16.023,3765.6,150.3
16.073,3773.1,149.69
16.123,3780.6,149.09
16.173,3788,148.5
16.223,3795.4,147.9
16.273,3802.8,147.3
16.323,3810.2,146.71
16.373,3817.5,146.11
16.423,3824.8,145.52
16.473,3832,144.92
16.523,3839.3,144.33
16.573,3846.5,143.74
16.623,3853.6,143.15
16.673,3860.8,142.56
16.723,3867.9,141.97
16.773,3875,141.39
16.823,3882,140.8
16.873,3889.1,140.22
16.923,3896,139.63
16.973,3903,139.05
17.023,3910,138.47
17.073,3916.9,137.88
17.123,3923.7,137.3
17.173,3930.6,136.72
17.223,3937.4,136.15
17.273,3944.2,135.57
17.323,3951,134.99
17.373,3957.7,134.41
17.423,3964.4,133.84
17.473,3971.1,133.26
17.523,3977.7,132.69
17.573,3984.4,132.12
17.623,3990.9,131.54
17.673,3997.5,130.97
17.723,4004,130.4
17.773,4010.6,129.83
17.823,4017,129.26
17.873,4023.5,128.7
17.923,4029.9,128.13
17.973,4036.3,127.56
18.023,4042.7,127
18.073,4049,126.43
18.123,4055.3,125.87
18.173,4061.6,125.3
18.223,4067.8,124.74
18.273,4074.1,124.18
18.323,4080.2,123.62
18.373,4086.4,123.06
18.423,4092.6,122.5
18.473,4098.7,121.94
18.523,4104.7,121.38
18.573,4110.8,120.82
18.623,4116.8,120.26
18.673,4122.8,119.71
18.723,4128.8,119.15
18.773,4134.7,118.6
18.823,4140.7,118.04
18.873,4146.5,117.49
18.923,4152.4,116.94
18.973,4158.2,116.38
19.023,4164,115.83
19.073,4169.8,115.28
19.123,4175.6,114.73
19.173,4181.3,114.18
19.223,4187,113.63
19.273,4192.7,113.09
19.323,4198.3,112.54
19.373,4203.9,111.99
19.423,4209.5,111.44
19.473,4215.1,110.9
19.523,4220.6,110.35
19.573,4226.1,109.81
19.623,4231.6,109.27
19.673,4237,108.72
19.723,4242.4,108.18
19.773,4247.8,107.64
19.823,4253.2,107.1
19.873,4258.5,106.55
19.923,4263.9,106.01
19.973,4269.2,105.48
20.023,4274.4,104.94
20.073,4279.6,104.4
20.123,4284.9,103.86
20.173,4290,103.32
20.223,4295.2,102.78
20.273,4300.3,102.25
20.323,4305.4,101.71
20.373,4310.5,101.18
20.423,4315.5,100.64
20.473,4320.5,100.11
20.523,4325.5,99.574
20.573,4330.5,99.04
20.623,4335.4,98.508
20.673,4340.4,97.975
20.723,4345.2,97.443
20.773,4350.1,96.912
20.823,4354.9,96.381
20.873,4359.7,95.85
20.923,4364.5,95.32
20.973,4369.3,94.791
21.023,4374,94.262
21.073,4378.7,93.733
21.123,4383.4,93.205
21.173,4388,92.677
21.223,4392.6,92.15
21.273,4397.2,91.624
21.323,4401.8,91.097
21.373,4406.3,90.572
21.423,4410.9,90.046
21.473,4415.3,89.521
21.523,4419.8,88.997
21.573,4424.2,88.473
21.623,4428.7,87.95
21.673,4433,87.427
21.723,4437.4,86.905
21.773,4441.7,86.383
21.823,4446,85.861
21.873,4450.3,85.34
21.923,4454.6,84.819
21.973,4458.8,84.299
22.023,4463,83.779
22.073,4467.2,83.26
22.123,4471.3,82.741
22.173,4475.4,82.222
22.223,4479.5,81.704
22.273,4483.6,81.186
22.323,4487.7,80.669
22.373,4491.7,80.152
22.423,4495.7,79.635
22.473,4499.6,79.119
22.523,4503.6,78.603
22.573,4507.5,78.088
22.623,4511.4,77.572
22.673,4515.3,77.058
22.723,4519.1,76.543
22.773,4522.9,76.029
22.823,4526.7,75.515
22.873,4530.5,75.002
22.923,4534.2,74.489
22.973,4537.9,73.977
23.023,4541.6,73.464
23.073,4545.3,72.952
23.123,4548.9,72.441
23.173,4552.5,71.929
23.223,4556.1,71.419
23.273,4559.7,70.908
23.323,4563.2,70.398
23.373,4566.7,69.888
23.423,4570.2,69.378
23.473,4573.6,68.868
23.523,4577.1,68.359
23.573,4580.5,67.85
23.623,4583.8,67.342
23.673,4587.2,66.834
23.723,4590.5,66.326
23.773,4593.8,65.818
23.823,4597.1,65.311
23.873,4600.4,64.803
23.923,4603.6,64.297
23.973,4606.8,63.79
24.023,4610,63.284
24.073,4613.1,62.778
24.123,4616.2,62.272
24.173,4619.4,61.766
24.223,4622.4,61.261
24.273,4625.5,60.756
24.323,4628.5,60.251
24.373,4631.5,59.747
24.423,4634.5,59.243
24.473,4637.4,58.739
24.523,4640.4,58.235
24.573,4643.2,57.732
24.623,4646.1,57.228
24.673,4649,56.726
24.723,4651.8,56.223
24.773,4654.6,55.72
24.823,4657.4,55.218
24.873,4660.1,54.716
24.923,4662.8,54.215
24.973,4665.5,53.713
25.023,4668.2,53.212
25.073,4670.9,52.711
25.123,4673.5,52.21
25.173,4676.1,51.709
25.223,4678.7,51.209
25.273,4681.2,50.709
25.323,4683.7,50.209
25.373,4686.2,49.709
25.423,4688.7,49.21
25.473,4691.1,48.711
25.523,4693.6,48.212
25.573,4696,47.713
25.623,4698.3,47.215
25.673,4700.7,46.716
25.723,4703,46.218
25.773,4705.3,45.72
25.823,4707.6,45.222
25.873,4709.8,44.725
25.923,4712.1,44.227
25.973,4714.3,43.73
26.023,4716.4,43.233
26.073,4718.6,42.736
26.123,4720.7,42.24
26.173,4722.8,41.743
26.223,4724.9,41.247
26.273,4726.9,40.751
26.323,4728.9,40.255
26.373,4730.9,39.759
26.423,4732.9,39.263
26.473,4734.9,38.768
26.523,4736.8,38.272
26.573,4738.7,37.777
26.623,4740.6,37.282
26.673,4742.4,36.788
26.723,4744.3,36.293
26.773,4746.1,35.799
26.823,4747.8,35.304
26.873,4749.6,34.81
26.923,4751.3,34.316
26.973,4753,33.822
27.023,4754.7,33.328
27.073,4756.4,32.835
27.123,4758,32.341
27.173,4759.6,31.848
27.223,4761.2,31.355
27.273,4762.7,30.862
27.323,4764.3,30.369
27.373,4765.8,29.876
27.423,4767.2,29.384
27.473,4768.7,28.891
27.523,4770.1,28.399
27.573,4771.5,27.907
27.623,4772.9,27.414
27.673,4774.3,26.922
27.723,4775.6,26.431
27.773,4776.9,25.939
27.823,4778.2,25.447
27.873,4779.5,24.955
27.923,4780.7,24.464
27.973,4781.9,23.973
28.023,4783.1,23.481
28.073,4784.3,22.99
28.123,4785.4,22.499
28.173,4786.5,22.008
28.223,4787.6,21.517
28.273,4788.7,21.027
28.323,4789.7,20.536
28.373,4790.7,20.046
28.423,4791.7,19.555
28.473,4792.7,19.065
28.523,4793.6,18.575
28.573,4794.5,18.085
28.623,4795.4,17.595
28.673,4796.3,17.105
28.723,4797.1,16.615
28.773,4798,16.125
28.823,4798.7,15.635
28.873,4799.5,15.146
28.923,4800.3,14.656
28.973,4801,14.167
29.023,4801.7,13.677
29.073,4802.4,13.188
29.123,4803,12.699
29.173,4803.6,12.209
29.223,4804.2,11.72
29.273,4804.8,11.231
29.323,4805.3,10.742
29.373,4805.9,10.254
29.423,4806.4,9.7652
29.473,4806.8,9.2766
29.523,4807.3,8.7882
29.573,4807.7,8.2998
29.623,4808.1,7.8116
29.673,4808.5,7.3235
29.723,4808.9,6.8355
29.773,4809.2,6.3477
29.823,4809.5,5.8601
29.873,4809.8,5.3726
29.923,4810,4.8853
29.973,4810.3,4.3981
30.023,4810.5,3.911
30.073,4810.7,3.4239
30.123,4810.8,2.937
30.173,4810.9,2.4489
30.223,4811.1,1.9605
30.273,4811.1,1.4721
30.323,4811.2,0.9838
30.373,4811.2,0.49554
30.423,4811.3,0.0073252
30.473,4811.2,-0.48087
30.523,4811.2,-0.96896
30.573,4811.1,-1.457
30.623,4811.1,-1.9449
30.673,4810.9,-2.4328
30.723,4810.8,-2.9204
30.773,4810.7,-3.408
30.823,4810.5,-3.8954
30.873,4810.3,-4.3825
30.923,4810,-4.8695
30.973,4809.8,-5.3563
31.023,4809.5,-5.8426
31.073,4809.2,-6.3286
31.123,4808.9,-6.8143
31.173,4808.5,-7.2995
31.223,4808.1,-7.7844
31.273,4807.7,-8.2688
31.323,4807.3,-8.7524
31.373,4806.9,-9.2356
31.423,4806.4,-9.718
31.473,4805.9,-10.2
31.523,4805.4,-10.68
31.573,4804.8,-11.16
31.623,4804.3,-11.639
31.673,4803.7,-12.116
31.723,4803,-12.593
31.773,4802.4,-13.068
31.823,4801.7,-13.542
31.873,4801,-14.014
31.923,4800.3,-14.484
31.973,4799.6,-14.953
32.023,4798.8,-15.419
32.073,4798.1,-15.885
32.123,4797.2,-16.349
32.173,4796.4,-16.811
32.223,4795.6,-17.272
32.273,4794.7,-17.731
32.323,4793.8,-18.189
32.373,4792.9,-18.645
32.423,4791.9,-19.099
32.473,4791,-19.553
32.523,4790,-20.005
32.573,4789,-20.456
32.623,4787.9,-20.905
32.673,4786.9,-21.352
32.723,4785.8,-21.798
32.773,4784.7,-22.242
32.823,4783.6,-22.685
32.873,4782.4,-23.125
32.923,4781.3,-23.564
32.973,4780.1,-24
33.023,4778.9,-24.435
33.073,4777.6,-24.867
33.123,4776.4,-25.297
33.173,4775.1,-25.724
33.223,4773.8,-26.148
33.273,4772.5,-26.571
33.323,4771.1,-26.991
33.373,4769.8,-27.407
33.423,4768.4,-27.821
33.473,4767,-28.231
33.523,4765.6,-28.638
33.573,4764.1,-29.041
33.623,4762.7,-29.441
33.673,4761.2,-29.837
33.723,4759.7,-30.229
33.773,4758.2,-30.617
33.823,4756.6,-31
33.873,4755.1,-31.378
33.923,4753.5,-31.751
33.973,4751.9,-32.119
34.023,4750.3,-32.482
34.073,4748.6,-32.84
34.123,4747,-33.193
34.173,4745.3,-33.541
34.223,4743.6,-33.883
34.273,4741.9,-34.221
34.323,4740.2,-34.552
34.373,4738.5,-34.878
34.423,4736.7,-35.198
34.473,4735,-35.51
34.523,4733.2,-35.814
34.573,4731.4,-36.111
34.623,4729.6,-36.401
34.673,4727.7,-36.684
34.723,4725.9,-36.959
34.773,4724,-37.227
34.823,4722.2,-37.486
34.873,4720.3,-37.738
34.923,4718.4,-37.981
34.973,4716.5,-38.216
35.023,4714.6,-38.442
35.073,4712.7,-38.659
35.123,4710.7,-38.867
35.173,4708.8,-39.067
35.223,4706.8,-39.257
35.273,4704.8,-39.438
35.323,4702.9,-39.608
35.373,4700.9,-39.77
35.423,4698.9,-39.923
35.473,4696.9,-40.066
35.523,4694.9,-40.201
35.573,4692.9,-40.326
35.623,4690.9,-40.443
35.673,4688.8,-40.55
35.723,4686.8,-40.647
35.773,4684.8,-40.736
35.823,4682.7,-40.816
35.873,4680.7,-40.887
35.923,4678.6,-40.949
35.973,4676.6,-41.002
36.023,4674.5,-41.046
36.073,4672.5,-41.083
36.123,4670.4,-41.112
36.173,4668.4,-41.133
36.223,4666.3,-41.146
36.273,4664.3,-41.152
36.323,4662.2,-41.151
36.373,4660.1,-41.143
36.423,4658.1,-41.128
36.473,4656,-41.106
36.523,4654,-41.079
36.573,4651.9,-41.046
36.623,4649.9,-41.008
36.673,4647.8,-40.964
36.723,4645.8,-40.914
36.773,4643.7,-40.861
36.823,4641.7,-40.803
36.873,4639.6,-40.742
36.923,4637.6,-40.676
36.973,4635.6,-40.608
37.023,4633.6,-40.536
37.073,4631.5,-40.462
37.123,4629.5,-40.386
37.173,4627.5,-40.309
37.223,4625.5,-40.23
37.273,4623.5,-40.149
37.323,4621.5,-40.069
37.373,4619.5,-39.987
37.423,4617.5,-39.906
37.473,4615.5,-39.824
37.523,4613.5,-39.743
37.573,4611.5,-39.662
37.623,4609.5,-39.582
37.673,4607.5,-39.503
37.723,4605.6,-39.426
37.773,4603.6,-39.349
37.823,4601.6,-39.274
37.873,4599.7,-39.201
37.923,4597.7,-39.13
37.973,4595.8,-39.061
38.023,4593.8,-38.994
38.073,4591.9,-38.929
38.123,4589.9,-38.866
38.173,4588,-38.806
38.223,4586,-38.749
38.273,4584.1,-38.695
38.323,4582.2,-38.644
38.373,4580.2,-38.596
38.423,4578.3,-38.551
38.473,4576.4,-38.51
38.523,4574.4,-38.472
38.573,4572.5,-38.437
38.623,4570.6,-38.405
38.673,4568.7,-38.377
38.723,4566.8,-38.353
38.773,4564.8,-38.331
38.823,4562.9,-38.314
38.873,4561,-38.301
38.923,4559.1,-38.292
38.973,4557.2,-38.285
39.023,4555.3,-38.282
39.073,4553.4,-38.283
39.123,4551.4,-38.287
39.173,4549.5,-38.296
39.223,4547.6,-38.308
39.273,4545.7,-38.323
39.323,4543.8,-38.341
39.373,4541.9,-38.362
39.423,4539.9,-38.387
39.473,4538,-38.415
39.523,4536.1,-38.448
39.573,4534.2,-38.484
39.623,4532.3,-38.522
39.673,4530.3,-38.564
39.723,4528.4,-38.61
39.773,4526.5,-38.661
39.823,4524.5,-38.715
39.873,4522.6,-38.772
39.923,4520.7,-38.832
39.973,4518.7,-38.895
40.023,4516.8,-38.962
40.073,4514.8,-39.032
40.123,4512.9,-39.106
40.173,4510.9,-39.183
40.223,4508.9,-39.264
40.273,4507,-39.347
40.323,4505,-39.432
40.373,4503,-39.521
40.423,4501.1,-39.614
40.473,4499.1,-39.711
40.523,4497.1,-39.81
40.573,4495.1,-39.913
40.623,4493.1,-40.02
40.673,4491.1,-40.13
40.723,4489.1,-40.245
40.773,4487.1,-40.364
40.823,4485,-40.485
40.873,4483,-40.609
40.923,4481,-40.737
40.973,4478.9,-40.87
41.023,4476.9,-41.008
41.073,4474.8,-41.149
41.123,4472.8,-41.295
41.173,4470.7,-41.444
41.223,4468.6,-41.599
41.273,4466.6,-41.758
41.323,4464.5,-41.923
41.373,4462.4,-42.094
41.423,4460.3,-42.269
41.473,4458.1,-42.451
41.523,4456,-42.637
41.573,4453.9,-42.832
41.623,4451.7,-43.032
41.673,4449.6,-43.238
41.723,4447.4,-43.45
41.773,4445.2,-43.667
41.823,4443,-43.89
41.873,4440.8,-44.121
41.923,4438.6,-44.36
41.973,4436.4,-44.607
42.023,4434.2,-44.862
42.073,4431.9,-45.127
42.123,4429.6,-45.399
42.173,4427.4,-45.682
42.223,4425.1,-45.974
42.273,4422.8,-46.276
42.323,4420.5,-46.585
42.373,4418.1,-46.904
42.423,4415.8,-47.233
42.473,4413.4,-47.572
42.523,4411,-47.919
42.573,4408.6,-48.277
42.623,4406.2,-48.645
42.673,4403.7,-49.022
42.723,4401.3,-49.41
42.773,4398.8,-49.808
42.823,4396.3,-50.216
42.873,4393.8,-50.635
42.923,4391.2,-51.063
42.973,4388.7,-51.501
43.023,4386.1,-51.947
43.073,4383.5,-52.401
43.123,4380.8,-52.862
43.173,4378.2,-53.328
43.223,4375.5,-53.798
43.273,4372.8,-54.271
43.323,4370.1,-54.746
43.373,4367.3,-55.222
43.423,4364.6,-55.699
43.473,4361.8,-56.175
43.523,4358.9,-56.651
43.573,4356.1,-57.125
43.623,4353.2,-57.598
43.673,4350.3,-58.068
43.723,4347.4,-58.534
43.773,4344.5,-58.997
43.823,4341.5,-59.454
43.873,4338.5,-59.907
43.923,4335.5,-60.353
43.973,4332.5,-60.794
44.023,4329.5,-61.228
44.073,4326.4,-61.657
44.123,4323.3,-62.08
44.173,4320.2,-62.498
44.223,4317,-62.912
44.273,4313.9,-63.323
44.323,4310.7,-63.731
44.373,4307.5,-64.139
44.423,4304.3,-64.546
44.473,4301.1,-64.955
44.523,4297.8,-65.366
44.573,4294.5,-65.78
44.623,4291.2,-66.198
44.673,4287.9,-66.622
44.723,4284.6,-67.051
44.773,4281.2,-67.486
44.823,4277.8,-67.926
44.873,4274.4,-68.373
44.923,4271,-68.824
44.973,4267.5,-69.28
45.023,4264,-69.74
45.073,4260.5,-70.202
45.123,4257,-70.667
45.173,4253.5,-71.133
45.223,4249.9,-71.6
45.273,4246.3,-72.066
45.323,4242.7,-72.531
45.373,4239.1,-72.993
45.423,4235.4,-73.453
45.473,4231.7,-73.908
45.523,4228,-74.357
45.573,4224.3,-74.8
45.623,4220.5,-75.235
45.673,4216.8,-75.663
45.723,4213,-76.082
45.773,4209.1,-76.494
45.823,4205.3,-76.898
45.873,4201.5,-77.295
45.923,4197.6,-77.687
45.973,4193.7,-78.074
46.023,4189.8,-78.459
46.073,4185.8,-78.842
46.123,4181.9,-79.226
46.173,4177.9,-79.611
46.223,4173.9,-80.001
46.273,4169.9,-80.395
46.323,4165.9,-80.796
46.373,4161.8,-81.203
46.423,4157.8,-81.618
46.473,4153.7,-82.04
46.523,4149.6,-82.469
46.573,4145.4,-82.905
46.623,4141.3,-83.347
46.673,4137.1,-83.795
46.723,4132.9,-84.246
46.773,4128.7,-84.7
46.823,4124.4,-85.156
46.873,4120.2,-85.612
46.923,4115.9,-86.068
46.973,4111.6,-86.524
47.023,4107.2,-86.977
47.073,4102.9,-87.428
47.123,4098.5,-87.876
47.173,4094.1,-88.32
47.223,4089.6,-88.76
47.273,4085.2,-89.196
47.323,4080.7,-89.629
47.373,4076.2,-90.057
47.423,4071.7,-90.484
47.473,4067.2,-90.908
47.523,4062.6,-91.331
47.573,4058,-91.754
47.623,4053.4,-92.178
47.673,4048.8,-92.605
47.723,4044.2,-93.033
47.773,4039.5,-93.465
47.823,4034.8,-93.9
47.873,4030.1,-94.339
47.923,4025.4,-94.78
47.973,4020.7,-95.223
48.023,4015.9,-95.668
48.073,4011.1,-96.114
48.123,4006.3,-96.56
48.173,4001.4,-97.006
48.223,3996.6,-97.45
48.273,3991.7,-97.892
48.323,3986.8,-98.33
48.373,3981.9,-98.764
48.423,3976.9,-99.192
48.473,3971.9,-99.615
48.523,3966.9,-100.03
48.573,3961.9,-100.44
48.623,3956.9,-100.85
48.673,3951.8,-101.25
48.723,3946.8,-101.65
48.773,3941.7,-102.05
48.823,3936.6,-102.45
48.873,3931.4,-102.85
48.923,3926.3,-103.25
48.973,3921.1,-103.66
49.023,3915.9,-104.07
49.073,3910.7,-104.49
49.123,3905.5,-104.91
49.173,3900.2,-105.34
49.223,3894.9,-105.77
49.273,3889.6,-106.2
49.323,3884.3,-106.64
49.373,3879,-107.07
49.423,3873.6,-107.51
49.473,3868.2,-107.94
49.523,3862.8,-108.37
49.573,3857.4,-108.8
49.623,3851.9,-109.23
49.673,3846.5,-109.66
49.723,3841,-110.08
49.773,3835.5,-110.5
49.823,3829.9,-110.92
49.873,3824.4,-111.33
49.923,3818.8,-111.75
49.973,3813.2,-112.16
50.023,3807.6,-112.58
50.073,3801.9,-112.99
50.123,3796.3,-113.41
50.173,3790.6,-113.83
50.223,3784.9,-114.25
50.273,3779.2,-114.68
50.323,3773.4,-115.1
50.373,3767.7,-115.53
50.423,3761.9,-115.95
50.473,3756.1,-116.38
50.523,3750.2,-116.8
50.573,3744.4,-117.21
50.623,3738.5,-117.63
50.673,3732.6,-118.04
50.723,3726.7,-118.44
50.773,3720.8,-118.84
50.823,3714.8,-119.24
50.873,3708.8,-119.63
50.923,3702.9,-120.02
50.973,3696.8,-120.41
51.023,3690.8,-120.81
51.073,3684.8,-121.2
51.123,3678.7,-121.6
51.173,3672.6,-122
51.223,3666.5,-122.4
51.273,3660.4,-122.81
51.323,3654.2,-123.22
51.373,3648,-123.63
51.423,3641.9,-124.05
51.473,3635.6,-124.46
51.523,3629.4,-124.87
51.573,3623.2,-125.28
51.623,3616.9,-125.69
51.673,3610.6,-126.1
51.723,3604.3,-126.51
51.773,3597.9,-126.91
51.823,3591.6,-127.31
51.873,3585.2,-127.7
51.923,3578.8,-128.1
51.973,3572.4,-128.5
52.023,3566,-128.9
52.073,3559.5,-129.3
52.123,3553,-129.7
52.173,3546.5,-130.1
52.223,3540,-130.5
52.273,3533.5,-130.91
52.323,3526.9,-131.31
52.373,3520.3,-131.71
52.423,3513.8,-132.11
52.473,3507.1,-132.51
52.523,3500.5,-132.9
52.573,3493.8,-133.29
52.623,3487.2,-133.68
52.673,3480.5,-134.06
52.723,3473.8,-134.44
52.773,3467,-134.82
52.823,3460.3,-135.19
52.873,3453.5,-135.57
52.923,3446.7,-135.95
52.973,3439.9,-136.33
53.023,3433.1,-136.72
53.073,3426.2,-137.1
53.123,3419.4,-137.49
53.173,3412.5,-137.89
53.223,3405.6,-138.28
53.273,3398.7,-138.67
53.323,3391.7,-139.06
53.373,3384.8,-139.45
53.423,3377.8,-139.84
53.473,3370.8,-140.22
53.523,3363.8,-140.6
53.573,3356.7,-140.98
53.623,3349.7,-141.36
53.673,3342.6,-141.74
53.723,3335.5,-142.12
53.773,3328.4,-142.5
53.823,3321.2,-142.88
53.873,3314.1,-143.27
53.923,3306.9,-143.65
53.973,3299.7,-144.03
54.023,3292.5,-144.41
54.073,3285.3,-144.79
54.123,3278,-145.17
54.173,3270.8,-145.54
54.223,3263.5,-145.92
54.273,3256.2,-146.28
54.323,3248.8,-146.65
54.373,3241.5,-147.01
54.423,3234.1,-147.37
54.473,3226.8,-147.74
54.523,3219.4,-148.1
54.573,3212,-148.46
54.623,3204.5,-148.82
54.673,3197.1,-149.19
54.723,3189.6,-149.56
54.773,3182.1,-149.93
54.823,3174.6,-150.3
54.873,3167.1,-150.67
54.923,3159.5,-151.04
54.973,3152,-151.4
55.023,3144.4,-151.77
55.073,3136.8,-152.13
55.123,3129.2,-152.5
55.173,3121.6,-152.86
55.223,3113.9,-153.22
55.273,3106.2,-153.58
55.323,3098.6,-153.94
55.373,3090.8,-154.3
55.423,3083.1,-154.66
55.473,3075.4,-155.02
55.523,3067.6,-155.38
55.573,3059.8,-155.74
55.623,3052,-156.1
55.673,3044.2,-156.45
55.723,3036.4,-156.8
55.773,3028.6,-157.15
55.823,3020.7,-157.5
55.873,3012.8,-157.85
55.923,3004.9,-158.19
55.973,2997,-158.53
56.023,2989,-158.87
56.073,2981.1,-159.22
56.123,2973.1,-159.56
56.173,2965.1,-159.91
56.223,2957.1,-160.26
56.273,2949.1,-160.61
56.323,2941.1,-160.95
56.373,2933,-161.3
56.423,2924.9,-161.65
56.473,2916.9,-161.99
56.523,2908.7,-162.34
56.573,2900.6,-162.68
56.623,2892.5,-163.02
56.673,2884.3,-163.36
56.723,2876.1,-163.7
56.773,2867.9,-164.04
56.823,2859.7,-164.38
56.873,2851.5,-164.71
56.923,2843.3,-165.05
56.973,2835,-165.39
57.023,2826.7,-165.73
57.073,2818.4,-166.06
57.123,2810.1,-166.39
57.173,2801.8,-166.72
57.223,2793.4,-167.05
57.273,2785.1,-167.38
57.323,2776.7,-167.7
57.373,2768.3,-168.02
57.423,2759.9,-168.35
57.473,2751.5,-168.67
57.523,2743,-169
57.573,2734.6,-169.32
57.623,2726.1,-169.65
57.673,2717.6,-169.98
57.723,2709.1,-170.3
57.773,2700.6,-170.63
57.823,2692,-170.95
57.873,2683.5,-171.28
57.923,2674.9,-171.6
57.973,2666.3,-171.92
58.023,2657.7,-172.24
58.073,2649.1,-172.55
58.123,2640.5,-172.87
58.173,2631.8,-173.19
58.223,2623.2,-173.51
58.273,2614.5,-173.83
58.323,2605.8,-174.14
58.373,2597.1,-174.46
58.423,2588.3,-174.77
58.473,2579.6,-175.08
58.523,2570.8,-175.39
58.573,2562,-175.69
58.623,2553.3,-176
58.673,2544.4,-176.3
58.723,2535.6,-176.61
58.773,2526.8,-176.91
58.823,2517.9,-177.22
58.873,2509.1,-177.52
58.923,2500.2,-177.83
58.973,2491.3,-178.13
59.023,2482.4,-178.44
59.073,2473.4,-178.74
59.123,2464.5,-179.04
59.173,2455.5,-179.34
59.223,2446.6,-179.64
59.273,2437.6,-179.94
59.323,2428.6,-180.24
59.373,2419.5,-180.54
59.423,2410.5,-180.84
59.473,2401.5,-181.13
59.523,2392.4,-181.43
59.573,2383.3,-181.72
59.623,2374.2,-182.02
59.673,2365.1,-182.31
59.723,2356,-182.6
59.773,2346.9,-182.88
59.823,2337.7,-183.17
59.873,2328.5,-183.46
59.923,2319.4,-183.74
59.973,2310.2,-184.02
60.023,2301,-184.31
60.073,2291.7,-184.59
60.123,2282.5,-184.88
60.173,2273.2,-185.16
60.223,2264,-185.45
60.273,2254.7,-185.73
60.323,2245.4,-186.01
60.373,2236.1,-186.29
60.423,2226.8,-186.57
60.473,2217.4,-186.85
60.523,2208.1,-187.13
60.573,2198.7,-187.4
60.623,2189.4,-187.68
60.673,2180,-187.96
60.723,2170.6,-188.23
60.773,2161.1,-188.51
60.823,2151.7,-188.78
60.873,2142.3,-189.05
60.923,2132.8,-189.32
60.973,2123.3,-189.58
61.023,2113.8,-189.85
61.073,2104.3,-190.11
61.123,2094.8,-190.38
61.173,2085.3,-190.64
61.223,2075.8,-190.91
61.273,2066.2,-191.17
61.323,2056.6,-191.44
61.373,2047.1,-191.7
61.423,2037.5,-191.97
61.473,2027.9,-192.23
61.523,2018.3,-192.49
61.573,2008.6,-192.75
61.623,1999,-193.01
61.673,1989.3,-193.26
61.723,1979.7,-193.52
61.773,1970,-193.78
61.823,1960.3,-194.03
61.873,1950.6,-194.29
61.923,1940.8,-194.54
61.973,1931.1,-194.79
62.023,1921.4,-195.04
62.073,1911.6,-195.29
62.123,1901.8,-195.54
62.173,1892.1,-195.79
62.223,1882.3,-196.03
62.273,1872.5,-196.28
62.323,1862.6,-196.52
62.373,1852.8,-196.77
62.423,1843,-197.01
62.473,1833.1,-197.26
62.523,1823.2,-197.5
62.573,1813.4,-197.74
62.623,1803.5,-197.98
62.673,1793.6,-198.22
62.723,1783.6,-198.46
62.773,1773.7,-198.7
62.823,1763.8,-198.94
62.873,1753.8,-199.17
62.923,1743.8,-199.41
62.973,1733.9,-199.64
63.023,1723.9,-199.88
63.073,1713.9,-200.11
63.123,1703.9,-200.34
63.173,1693.8,-200.57
63.223,1683.8,-200.8
63.273,1673.8,-201.02
63.323,1663.7,-201.25
63.373,1653.6,-201.48
63.423,1643.6,-201.7
63.473,1633.5,-201.93
63.523,1623.4,-202.15
63.573,1613.3,-202.38
63.623,1603.1,-202.6
63.673,1593,-202.82
63.723,1582.9,-203.04
63.773,1572.7,-203.26
63.823,1562.5,-203.48
63.873,1552.3,-203.7
63.923,1542.2,-203.92
63.973,1532,-204.14
64.023,1521.7,-204.35
64.073,1511.5,-204.56
64.123,1501.3,-204.78
64.173,1491,-204.99
64.223,1480.8,-205.2
64.273,1470.5,-205.41
64.323,1460.2,-205.62
64.373,1450,-205.83
64.423,1439.7,-206.03
64.473,1429.4,-206.24
64.523,1419,-206.45
64.573,1408.7,-206.65
64.623,1398.4,-206.86
64.673,1388,-207.06
64.723,1377.7,-207.26
64.773,1367.3,-207.47
64.823,1356.9,-207.67
64.873,1346.5,-207.87
64.923,1336.1,-208.07
64.973,1325.7,-208.27
65.023,1315.3,-208.46
65.073,1304.9,-208.66
65.123,1294.4,-208.85
65.173,1284,-209.04
65.223,1273.5,-209.24
65.273,1263.1,-209.43
65.323,1252.6,-209.62
65.373,1242.1,-209.81
65.423,1231.6,-210
65.473,1221.1,-210.19
65.523,1210.6,-210.38
65.573,1200.1,-210.56
65.623,1189.5,-210.75
65.673,1179,-210.94
65.723,1168.4,-211.12
65.773,1157.9,-211.31
65.823,1147.3,-211.49
65.873,1136.7,-211.67
65.923,1126.1,-211.85
65.973,1115.6,-212.03
66.023,1104.9,-212.21
66.073,1094.3,-212.39
66.123,1083.7,-212.56
66.173,1073.1,-212.74
66.223,1062.4,-212.91
66.273,1051.8,-213.09
66.323,1041.1,-213.26
66.373,1030.5,-213.43
66.423,1019.8,-213.61
66.473,1009.1,-213.78
66.523,998.4,-213.95
66.573,987.7,-214.12
66.623,976.99,-214.29
66.673,966.27,-214.46
66.723,955.55,-214.62
66.773,944.81,-214.79
66.823,934.07,-214.95
66.873,923.31,-215.12
66.923,912.55,-215.28
66.973,901.79,-215.44
67.023,891.01,-215.6
67.073,880.23,-215.76
67.123,869.43,-215.92
67.173,858.63,-216.08
67.223,847.83,-216.24
67.273,837.01,-216.39
67.323,826.19,-216.55
67.373,815.36,-216.71
67.423,804.52,-216.86
67.473,793.67,-217.01
67.523,782.81,-217.17
67.573,771.95,-217.32
67.623,761.08,-217.47
67.673,750.21,-217.62
67.723,739.32,-217.77
67.773,728.43,-217.92
67.823,717.53,-218.07
67.873,706.62,-218.21
67.923,695.71,-218.36
67.973,684.79,-218.5
68.023,673.86,-218.64
68.073,662.92,-218.79
68.123,651.98,-218.93
68.173,641.03,-219.07
68.223,630.07,-219.21
68.273,619.11,-219.35
68.323,608.14,-219.49
68.373,597.16,-219.63
68.423,586.18,-219.76
68.473,575.18,-219.9
68.523,564.19,-220.04
68.573,553.18,-220.17
68.623,542.17,-220.3
68.673,531.15,-220.44
68.723,520.12,-220.57
68.773,509.09,-220.7
68.823,498.05,-220.83
68.873,487.01,-220.96
68.923,475.96,-221.08
68.973,464.9,-221.21
69.023,453.84,-221.34
69.073,442.77,-221.46
69.123,431.69,-221.59
69.173,420.61,-221.71
69.223,409.52,-221.84
69.273,398.43,-221.96
69.323,387.32,-222.08
69.373,376.22,-222.21
69.423,365.1,-222.33
69.473,353.98,-222.44
69.523,342.86,-222.56
69.573,331.73,-222.68
69.623,320.59,-222.8
69.673,309.45,-222.91
69.723,298.3,-223.03
69.726,297.74,-222.53
69.726,297.73,-222.03
69.726,297.73,-221.53
69.726,297.72,-221.03
69.726,297.72,-220.53
69.726,297.71,-220.03
69.726,297.71,-219.53
69.726,297.7,-219.03
69.726,297.7,-218.53
69.726,297.69,-218.03
69.726,297.68,-217.53
69.726,297.68,-217.03
69.726,297.67,-216.53
69.726,297.67,-216.03
69.726,297.66,-215.53
69.726,297.66,-215.03
69.726,297.65,-214.54
69.726,297.65,-214.04
69.726,297.64,-213.54
69.726,297.64,-213.04
69.726,297.63,-212.54
69.726,297.63,-212.04
69.726,297.62,-211.54
69.726,297.61,-211.04
69.726,297.61,-210.54
69.726,297.6,-210.04
69.726,297.6,-209.54
69.726,297.59,-209.04
69.726,297.59,-208.54
69.726,297.58,-208.04
69.726,297.58,-207.54
69.726,297.57,-207.04
69.726,297.56,-206.54
69.727,297.56,-206.04
69.727,297.55,-205.54
69.727,297.55,-205.04
69.727,297.54,-204.54
69.727,297.54,-204.04
69.727,297.53,-203.54
69.727,297.53,-203.04
69.727,297.52,-202.54
69.727,297.51,-202.04
69.727,297.51,-201.54
69.727,297.5,-201.04
69.727,297.5,-200.54
69.727,297.49,-200.04
69.727,297.49,-199.54
69.727,297.48,-199.04
69.727,297.47,-198.54
69.727,297.47,-198.04
69.727,297.46,-197.54
69.727,297.46,-197.04
69.727,297.45,-196.54
69.727,297.44,-196.04
69.727,297.44,-195.54
69.727,297.43,-195.04
69.727,297.43,-194.54
69.727,297.42,-194.04
69.727,297.41,-193.54
69.727,297.41,-193.04
69.727,297.4,-192.54
69.727,297.4,-192.04
69.727,297.39,-191.54
69.727,297.38,-191.04
69.727,297.38,-190.54
69.727,297.37,-190.04
69.727,297.37,-189.54
69.728,297.36,-189.04
69.728,297.35,-188.54
69.728,297.35,-188.04
69.728,297.34,-187.54
69.728,297.34,-187.04
69.728,297.33,-186.54
69.728,297.32,-186.04
69.728,297.32,-185.54
69.728,297.31,-185.04
69.728,297.3,-184.54
69.728,297.3,-184.04
69.728,297.29,-183.54
69.728,297.29,-183.04
69.728,297.28,-182.54
69.728,297.27,-182.04
69.728,297.27,-181.54
69.728,297.26,-181.04
69.728,297.25,-180.54
69.728,297.25,-180.04
69.728,297.24,-179.54
69.728,297.23,-179.04
69.728,297.23,-178.54
69.728,297.22,-178.05
69.728,297.22,-177.55
69.728,297.21,-177.05
69.728,297.2,-176.55
69.728,297.2,-176.05
69.728,297.19,-175.55
69.729,297.18,-175.05
69.729,297.18,-174.55
69.729,297.17,-174.05
69.729,297.16,-173.55
69.729,297.16,-173.05
69.729,297.15,-172.55
69.729,297.14,-172.05
69.729,297.14,-171.55
69.729,297.13,-171.05
69.729,297.12,-170.55
69.729,297.12,-170.05
69.729,297.11,-169.55
69.729,297.1,-169.05
69.729,297.1,-168.55
69.729,297.09,-168.05
69.729,297.08,-167.55
69.729,297.07,-167.05
69.729,297.07,-166.55
69.729,297.06,-166.05
69.729,297.05,-165.55
69.729,297.05,-165.05
69.729,297.04,-164.55
69.729,297.03,-164.05
69.729,297.03,-163.55
69.729,297.02,-163.05
69.73,297.01,-162.55
69.73,297,-162.05
69.73,297,-161.55
69.73,296.99,-161.05
69.73,296.98,-160.55
69.73,296.98,-160.05
69.73,296.97,-159.55
69.73,296.96,-159.05
69.73,296.95,-158.55
69.73,296.95,-158.05
69.73,296.94,-157.55
69.73,296.93,-157.05
69.73,296.92,-156.55
69.73,296.92,-156.05
69.73,296.91,-155.55
69.73,296.9,-155.05
69.73,296.9,-154.55
69.73,296.89,-154.05
69.73,296.88,-153.55
69.73,296.87,-153.05
69.73,296.86,-152.55
69.73,296.86,-152.05
69.731,296.85,-151.55
69.731,296.84,-151.05
69.731,296.83,-150.55
69.731,296.83,-150.05
69.731,296.82,-149.55
69.731,296.81,-149.05
69.731,296.8,-148.55
69.731,296.8,-148.05
69.731,296.79,-147.55
69.731,296.78,-147.05
69.731,296.77,-146.55
69.731,296.76,-146.05
69.731,296.76,-145.55
69.731,296.75,-145.05
69.731,296.74,-144.55
69.731,296.73,-144.05
69.731,296.72,-143.55
69.731,296.72,-143.05
69.732,296.71,-142.55
69.732,296.7,-142.05
69.732,296.69,-141.55
69.732,296.68,-141.06
69.732,296.68,-140.56
69.732,296.67,-140.06
69.732,296.66,-139.56
69.732,296.65,-139.06
69.732,296.64,-138.56
69.732,296.63,-138.06
69.732,296.63,-137.56
69.732,296.62,-137.06
69.732,296.61,-136.56
69.732,296.6,-136.06
69.732,296.59,-135.56
69.732,296.58,-135.06
69.732,296.58,-134.56
69.733,296.57,-134.06
69.733,296.56,-133.56
69.733,296.55,-133.06
69.733,296.54,-132.56
69.733,296.53,-132.06
69.733,296.52,-131.56
69.733,296.51,-131.06
69.733,296.51,-130.56
69.733,296.5,-130.06
69.733,296.49,-129.56
69.733,296.48,-129.06
69.733,296.47,-128.56
69.733,296.46,-128.06
69.733,296.45,-127.56
69.733,296.44,-127.06
69.734,296.43,-126.56
69.734,296.42,-126.06
69.734,296.42,-125.56
69.734,296.41,-125.06
69.734,296.4,-124.56
69.734,296.39,-124.06
69.734,296.38,-123.56
69.734,296.37,-123.06
69.734,296.36,-122.56
69.734,296.35,-122.06
69.734,296.34,-121.56
69.734,296.33,-121.06
69.734,296.32,-120.56
69.735,296.31,-120.06
69.735,296.3,-119.56
69.735,296.29,-119.06
69.735,296.28,-118.56
69.735,296.27,-118.06
69.735,296.26,-117.56
69.735,296.25,-117.06
69.735,296.24,-116.56
69.735,296.23,-116.06
69.735,296.22,-115.56
69.735,296.21,-115.06
69.735,296.2,-114.56
69.736,296.19,-114.06
69.736,296.18,-113.56
69.736,296.17,-113.06
69.736,296.16,-112.56
69.736,296.15,-112.06
69.736,296.14,-111.56
69.736,296.13,-111.06
69.736,296.12,-110.56
69.736,296.11,-110.06
69.736,296.1,-109.56
69.736,296.09,-109.06
69.737,296.08,-108.56
69.737,296.07,-108.06
69.737,296.06,-107.56
69.737,296.05,-107.06
69.737,296.04,-106.56
69.737,296.03,-106.06
69.737,296.01,-105.56
69.737,296,-105.06
69.737,295.99,-104.57
69.737,295.98,-104.07
69.738,295.97,-103.57
69.738,295.96,-103.07
69.738,295.95,-102.57
69.738,295.94,-102.07
69.738,295.93,-101.57
69.738,295.91,-101.07
69.738,295.9,-100.57
69.738,295.89,-100.07
69.738,295.88,-99.566
69.739,295.87,-99.067
69.739,295.86,-98.567
69.739,295.84,-98.067
69.739,295.83,-97.567
69.739,295.82,-97.067
69.739,295.81,-96.567
69.739,295.8,-96.067
69.739,295.79,-95.568
69.74,295.77,-95.068
69.74,295.76,-94.568
69.74,295.75,-94.068
69.74,295.74,-93.568
69.74,295.72,-93.068
69.74,295.71,-92.568
69.74,295.7,-92.069
69.741,295.69,-91.569
69.741,295.67,-91.069
69.741,295.66,-90.569
69.741,295.65,-90.069
69.741,295.64,-89.569
69.741,295.62,-89.069
69.741,295.61,-88.569
69.742,295.6,-88.07
69.742,295.58,-87.57
69.742,295.57,-87.07
69.742,295.56,-86.57
69.742,295.54,-86.07
69.742,295.53,-85.57
69.742,295.52,-85.07
69.743,295.5,-84.571
69.743,295.49,-84.071
69.743,295.48,-83.571
69.743,295.46,-83.071
69.743,295.45,-82.571
69.743,295.43,-82.071
69.744,295.42,-81.571
69.744,295.41,-81.072
69.744,295.39,-80.572
69.744,295.38,-80.072
69.744,295.36,-79.572
69.745,295.35,-79.072
69.745,295.33,-78.572
69.745,295.32,-78.072
69.745,295.3,-77.572
69.745,295.29,-77.073
69.745,295.27,-76.573
69.746,295.26,-76.073
69.746,295.24,-75.573
69.746,295.23,-75.073
69.746,295.21,-74.573
69.746,295.2,-74.073
69.747,295.18,-73.574
69.747,295.17,-73.074
69.747,295.15,-72.574
69.747,295.13,-72.074
69.748,295.12,-71.574
69.748,295.1,-71.074
69.748,295.09,-70.574
69.748,295.07,-70.075
69.748,295.05,-69.575
69.749,295.04,-69.075
69.749,295.02,-68.575
69.749,295,-68.075
69.749,294.99,-67.575
69.75,294.97,-67.075
69.75,294.95,-66.575
69.75,294.93,-66.076
69.751,294.92,-65.576
69.751,294.9,-65.076
69.751,294.88,-64.576
69.751,294.86,-64.076
69.752,294.84,-63.576
69.752,294.83,-63.076
69.752,294.81,-62.577
69.752,294.79,-62.077
69.753,294.77,-61.577
69.753,294.75,-61.077
69.753,294.73,-60.577
69.754,294.71,-60.077
69.754,294.69,-59.577
69.754,294.68,-59.078
69.755,294.66,-58.578
69.755,294.64,-58.078
69.755,294.62,-57.578
69.756,294.6,-57.078
69.756,294.58,-56.578
69.756,294.55,-56.078
69.757,294.53,-55.578
69.757,294.51,-55.079
69.758,294.49,-54.579
69.758,294.47,-54.079
69.758,294.45,-53.579
69.759,294.43,-53.079
69.759,294.41,-52.579
69.76,294.38,-52.079
69.76,294.36,-51.58
69.761,294.34,-51.08
69.761,294.32,-50.58
69.761,294.29,-50.08
69.762,294.27,-49.58
69.762,294.25,-49.08
69.763,294.22,-48.58
69.763,294.2,-48.08
69.764,294.18,-47.581
69.764,294.15,-47.081
69.765,294.13,-46.581
69.765,294.1,-46.081
69.766,294.08,-45.581
69.767,294.05,-45.081
69.767,294.02,-44.581
69.768,294,-44.082
69.768,293.97,-43.582
69.769,293.95,-43.082
69.77,293.92,-42.582
69.77,293.89,-42.082
69.771,293.86,-41.582
69.772,293.84,-41.082
69.772,293.81,-40.583
69.773,293.78,-40.083
69.774,293.75,-39.583
69.774,293.72,-39.083
69.775,293.69,-38.583
69.776,293.66,-38.083
69.777,293.63,-37.583
69.778,293.6,-37.083
69.778,293.57,-36.584
69.779,293.53,-36.084
69.78,293.5,-35.584
69.781,293.47,-35.084
69.782,293.44,-34.584
69.783,293.4,-34.084
69.784,293.37,-33.584
69.785,293.33,-33.084
69.786,293.3,-32.585
69.787,293.26,-32.085
69.789,293.22,-31.585
69.79,293.19,-31.085
69.791,293.15,-30.585
69.792,293.11,-30.085
69.794,293.07,-29.585
69.795,293.03,-29.086
69.796,292.99,-28.586
69.798,292.95,-28.086
69.799,292.91,-27.586
69.801,292.87,-27.086
69.802,292.82,-26.586
69.804,292.78,-26.086
69.806,292.73,-25.586
69.808,292.69,-25.087
69.81,292.64,-24.587
69.812,292.59,-24.087
69.814,292.54,-23.587
69.816,292.49,-23.087
69.818,292.44,-22.587
69.82,292.39,-22.087
69.823,292.33,-21.588
69.826,292.28,-21.088
69.828,292.22,-20.588
69.831,292.16,-20.088
69.834,292.1,-19.588
69.837,292.04,-19.088
69.841,291.97,-18.588
69.844,291.91,-18.089
69.848,291.84,-17.589
69.852,291.77,-17.089
69.857,291.7,-16.589
69.861,291.62,-16.089
69.866,291.55,-15.589
69.871,291.47,-15.089
69.877,291.38,-14.59
69.883,291.29,-14.09
69.89,291.2,-13.59
69.897,291.11,-13.09
69.904,291.01,-12.59
69.913,290.9,-12.09
69.922,290.79,-11.59
69.933,290.68,-11.09
69.944,290.55,-10.59
69.957,290.42,-10.09
69.972,290.27,-9.5903
69.988,290.12,-9.0903
70.008,289.95,-8.5903
70.03,289.76,-8.0903
70.057,289.55,-7.5903
70.09,289.3,-7.0903
70.132,289.02,-6.5903
70.188,288.66,-6.0909
70.267,288.2,-5.5932
70.4,287.49,-5.0963
70.743,285.83,-4.603
71.243,283.45,-4.9157
71.743,281.08,-4.5767
72.243,278.7,-4.9411
72.743,276.32,-4.5534
73.243,273.95,-4.9548
73.743,271.57,-4.5299
74.243,269.2,-4.9824
74.724,266.91,-4.5166
75.224,264.53,-4.9922
75.699,262.28,-4.5121
76.179,260,-4.9723
76.65,257.76,-4.5309
77.15,255.39,-4.9709
77.602,253.24,-4.5453
78.102,250.86,-4.9598
78.602,248.49,-4.5187
79.102,246.12,-4.9805
79.601,243.75,-4.4916
80.085,241.46,-4.99
80.568,239.17,-4.4955
81.06,236.83,-4.9941
81.445,234.99,-4.5823
81.945,232.61,-4.9155
82.445,230.24,-4.5598
82.945,227.87,-4.9353
83.445,225.5,-4.5345
83.945,223.13,-4.9566
84.395,220.99,-4.5446
84.895,218.62,-4.9459
85.395,216.25,-4.5168
85.895,213.88,-4.9713
86.262,212.13,-4.6013
86.762,209.76,-4.8744
87.262,207.39,-4.5944
87.762,205.02,-4.8914
88.262,202.65,-4.5736
88.762,200.28,-4.9096
89.211,198.15,-4.5728
89.711,195.78,-4.9023
90.211,193.42,-4.5478
90.689,191.16,-4.9001
91.189,188.8,-4.5565
91.689,186.43,-4.9209
92.183,184.1,-4.5263
92.683,181.73,-4.943
93.183,179.37,-4.5017
93.683,177,-4.9707
94.179,174.66,-4.4722
94.653,172.42,-4.9693
95.06,170.48,-4.5513
95.56,168.12,-4.9158
96.06,165.76,-4.5218
96.56,163.39,-4.9431
97.06,161.03,-4.4906
97.56,158.67,-4.9719
98.034,156.42,-4.4828
98.53,154.08,-4.9736
99.009,151.82,-4.4741
99.489,149.55,-4.9639
99.978,147.25,-4.4726
100.41,145.23,-4.9055
100.91,142.87,-4.5218
101.41,140.51,-4.9313
101.88,138.29,-4.5145
102.38,135.93,-4.9406
102.87,133.63,-4.4885
103.34,131.37,-4.9384
103.84,129.02,-4.48
104.33,126.72,-4.9552
104.77,124.65,-4.517
105.27,122.29,-4.9233
105.74,120.07,-4.5115
106.24,117.71,-4.9362
106.72,115.44,-4.4911
107.22,113.08,-4.9537
107.69,110.86,-4.483
108.19,108.52,-4.9532
108.61,106.52,-4.5238
109.11,104.16,-4.9147
109.61,101.81,-4.4964
110.11,99.45,-4.9371
110.58,97.217,-4.4878
111.08,94.857,-4.9498
111.47,93.008,-4.5506
111.97,90.649,-4.8858
112.47,88.297,-4.5222
112.97,85.939,-4.9112
113.41,83.886,-4.5345
113.91,81.528,-4.8979
114.41,79.177,-4.5047
114.91,76.82,-4.9218
115.21,75.389,-4.6285
115.71,73.034,-4.7895
116.04,71.468,-4.6462
116.54,69.115,-4.7655
117.04,66.762,-4.6479
117.54,64.407,-4.7738
118.04,62.054,-4.6368
118.54,59.699,-4.7834
119.04,57.35,-4.6109
119.54,54.996,-4.8047
120.04,52.646,-4.5967
120.54,50.292,-4.8213
121.04,47.942,-4.576
121.54,45.591,-4.8292
122.04,43.242,-4.566
122.52,40.973,-4.8189
123.02,38.628,-4.5592
123.52,36.276,-4.8496
124.02,33.929,-4.5382
124.52,31.577,-4.8717
125.02,29.231,-4.5103
125.52,26.881,-4.8915
126.02,24.537,-4.4849
126.42,22.698,-4.8107
126.92,20.352,-4.5745
127.42,18.003,-4.8238
127.92,15.66,-4.5476
128.31,13.834,-4.7616
128.81,11.488,-4.623
129.31,9.139,-4.7714
129.81,6.7928,-4.6135
130.31,4.4435,-4.7836
130.81,2.0984,-4.5969
131.31,-0.25036,-4.7982
