time,pos_x,pos_y,pos_z,vel_x,vel_y,vel_z,accel_x,accel_y,accel_z
0,0.0,0.0,0.0,6.554570906890769,0.0,0.0,157.30818944272286,0.0,0.0
0.05,0.32772854534453844,0.0,0.0,14.483441933131402,0.0,0.0,158.8263172312808,0.0,0.0
0.1,1.0519006420011086,0.0,0.0,22.34085535711295,0.0,0.0,156.80465637517077,0.0,0.0
0.15000000000000002,2.168943409856756,0.0,0.0,30.227907156873066,0.0,0.0,157.91706544534483,0.0,0.0
0.2,3.68033876770041,0.0,0.0,38.17938121468622,0.0,0.0,159.2373600956347,0.0,0.0
0.25,5.589307828434721,0.0,0.0,46.197303327544674,0.0,0.0,160.56458268504733,0.0,0.0
0.3,7.899172994811954,0.0,0.0,54.28202159116225,0.0,0.0,161.89865719745572,0.0,0.0
0.35,10.613274074370066,0.0,0.0,62.43388026158865,0.0,0.0,163.2395049346902,0.0,0.0
0.39999999999999997,13.734968087449497,0.0,0.0,70.6546841287954,0.0,0.0,164.6221855709849,0.0,0.0
0.44999999999999996,17.267702293889265,0.0,0.0,78.94820939263926,0.0,0.0,166.0869872958128,0.0,0.0
0.49999999999999994,21.215112763521226,0.0,0.0,87.31546956580456,0.0,0.0,167.55955865490952,0.0,0.0
0.5499999999999999,25.580886241811456,0.0,0.0,95.7568551038665,0.0,0.0,169.03981361825572,0.0,0.0
0.6,30.36872899700478,0.0,0.0,104.27275211678746,0.0,0.0,170.52766318521577,0.0,0.0
0.65,35.58236660284416,0.0,0.0,112.86354222027106,0.0,0.0,172.02301542520644,0.0,0.0
0.7000000000000001,41.22554371385772,0.0,0.0,121.52960238924972,0.0,0.0,173.52577552489902,0.0,0.0
0.7500000000000001,47.302023833320206,0.0,0.0,130.27130481383867,0.0,0.0,175.03584584224615,0.0,0.0
0.8000000000000002,53.81558907401214,0.0,0.0,139.08901675810375,0.0,0.0,176.55312596763272,0.0,0.0
0.8500000000000002,60.77003991191732,0.0,0.0,147.9831004220056,0.0,0.0,178.07751279245375,0.0,0.0
0.9000000000000002,68.16919493301761,0.0,0.0,156.95391280689833,0.0,0.0,179.6089005854296,0.0,0.0
0.9500000000000003,76.01689057336252,0.0,0.0,166.00180558497607,0.0,0.0,181.1471810769733,0.0,0.0
1.0000000000000002,84.31698085261131,0.0,0.0,175.12712497307731,0.0,0.0,182.692243551931,0.0,0.0
1.0500000000000003,93.07333710126518,0.0,0.0,184.33021161127266,0.0,0.0,184.2439749510218,0.0,0.0
1.1000000000000003,102.28984768182882,0.0,0.0,193.6114004466782,0.0,0.0,185.80225998130734,0.0,0.0
1.1500000000000004,111.97041770416273,0.0,0.0,202.95034577102416,0.0,0.0,186.87109527778745,0.0,0.0
1.2000000000000004,122.11793499271393,0.0,0.0,212.33843283014335,0.0,0.0,187.83100932175947,0.0,0.0
1.2500000000000004,132.7348566342211,0.0,0.0,221.77472720147674,0.0,0.0,188.79017912448367,0.0,0.0
1.3000000000000005,143.82359299429493,0.0,0.0,231.259190442785,0.0,0.0,189.74847874192199,0.0,0.0
1.3500000000000005,155.38655251643416,0.0,0.0,240.79177780452426,0.0,0.0,190.70578311261102,0.0,0.0
1.4000000000000006,167.4261414066604,0.0,0.0,250.37243827658625,0.0,0.0,191.66196823194198,0.0,0.0
1.4500000000000006,179.9447633204897,0.0,0.0,260.00111464388345,0.0,0.0,192.61691133253476,0.0,0.0
1.5000000000000007,192.9448190526839,0.0,0.0,269.6777435510867,0.0,0.0,193.57049107077927,0.0,0.0
1.5500000000000007,206.42870623023822,0.0,0.0,279.4022555768267,0.0,0.0,194.52258771961797,0.0,0.0
1.6000000000000008,220.39881900907955,0.0,0.0,289.15551381906346,0.0,0.0,195.01603467721657,0.0,0.0
1.6500000000000008,234.8565947000327,0.0,0.0,298.9216441956669,0.0,0.0,195.2204388107569,0.0,0.0
1.7000000000000008,249.80267690981606,0.0,0.0,308.6978073711858,0.0,0.0,195.4144817410447,0.0,0.0
1.7500000000000009,265.23756727837537,0.0,0.0,318.4834806668382,0.0,0.0,195.59804997134623,0.0,0.0
1.800000000000001,281.1617413117173,0.0,0.0,328.27813573254934,0.0,0.0,195.77103406801598,0.0,0.0
1.850000000000001,297.57564809834474,0.0,0.0,338.0812387517685,0.0,0.0,195.9333287918491,0.0,0.0
1.900000000000001,314.4797100359331,0.0,0.0,347.8922506528291,0.0,0.0,196.08483322812762,0.0,0.0
1.950000000000001,331.87432256857454,0.0,0.0,357.7106273267824,0.0,0.0,196.22545091522255,0.0,0.0
2.000000000000001,349.7598539349137,0.0,0.0,367.5285071892446,0.0,0.0,196.1798034080043,0.0,0.0
2.0500000000000007,368.1362792943759,0.0,0.0,377.3102337156756,0.0,0.0,195.31670826683037,0.0,0.0
2.1000000000000005,387.0017909801597,0.0,0.0,387.0480522881762,0.0,0.0,194.4310547052955,0.0,0.0
2.1500000000000004,406.35419359456847,0.0,0.0,396.74082530487095,0.0,0.0,193.5227523632373,0.0,0.0
2.2,426.191234859812,0.0,0.0,406.3874105551868,0.0,0.0,192.59171462371367,0.0,0.0
2.25,446.5106053875714,0.0,0.0,415.98666140025546,0.0,0.0,191.63785843302253,0.0,0.0
2.3,467.3099384575841,0.0,0.0,425.537426943871,0.0,0.0,190.66110410662642,0.0,0.0
2.3499999999999996,488.5868098047777,0.0,0.0,435.0385521932827,0.0,0.0,189.66137512071754,0.0,0.0
2.3999999999999995,510.3387374144418,0.0,0.0,444.48887820908595,0.0,0.0,188.63859788914962,0.0,0.0
2.4499999999999993,532.5631813248962,0.0,0.0,453.8872422434634,0.0,0.0,187.5927015254621,0.0,0.0
2.499999999999999,555.2575434370693,0.0,0.0,463.23247786601075,0.0,0.0,186.52361758971122,0.0,0.0
2.549999999999999,578.4191673303698,0.0,0.0,472.5234150763683,0.0,0.0,185.4312798198156,0.0,0.0
2.5999999999999988,602.0453380841881,0.0,0.0,481.7588804028627,0.0,0.0,184.3156238471135,0.0,0.0
2.6499999999999986,626.1332821043312,0.0,0.0,490.6927293684709,0.0,0.0,177.3077955625215,0.0,0.0
2.6999999999999984,650.6679185727547,0.0,0.0,499.07792582824555,0.0,0.0,165.5580936170675,0.0,0.0
2.7499999999999982,675.621814864167,0.0,0.0,506.86868584727824,0.0,0.0,153.65867514020798,0.0,0.0
2.799999999999998,700.9652491565311,0.0,0.0,514.0574290419867,0.0,0.0,141.60855532928724,0.0,0.0
2.849999999999998,726.6681206086304,0.0,0.0,520.6365188354595,0.0,0.0,129.40652796562017,0.0,0.0
2.8999999999999977,752.6999465504033,0.0,0.0,526.5982509447717,0.0,0.0,117.05115174969097,0.0,0.0
2.9499999999999975,779.0298590976419,0.0,0.0,531.9348411656447,0.0,0.0,104.54073623937428,0.0,0.0
2.9999999999999973,805.626601155924,0.0,0.0,536.6384124327602,0.0,0.0,91.87332733253093,0.0,0.0
3.049999999999997,832.4585217775622,0.0,0.0,540.9069898702767,0.0,0.0,83.9808026319835,0.0,0.0
3.099999999999997,859.503871271076,0.0,0.0,544.8347570052829,0.0,0.0,77.39213635298773,0.0,0.0
3.149999999999997,886.7456091213402,0.0,0.0,548.4290604895517,0.0,0.0,70.71971486710395,0.0,0.0
3.1999999999999966,914.1670621458178,0.0,0.0,551.6414075951803,0.0,0.0,62.90293696653016,0.0,0.0
3.2499999999999964,941.7491325255768,0.0,0.0,554.2238123441188,0.0,0.0,49.37576784434612,0.0,0.0
3.2999999999999963,969.4603231427826,0.0,0.0,556.1213999727555,0.0,0.0,35.67356841316445,0.0,0.0
3.349999999999996,997.2663931414203,0.0,0.0,557.3470555850708,0.0,0.0,22.315174259467096,0.0,0.0
3.399999999999996,1025.1337459206738,0.0,0.0,557.9430797561037,0.0,0.0,9.901444459050587,0.0,0.0
3.4499999999999957,1053.0308999084791,0.0,0.0,557.8660909686049,0.0,0.0,-3.739359478778224,0.0,0.0
3.4999999999999956,1080.9242044569091,0.0,0.0,557.0600583144325,0.0,0.0,-18.47720371871989,0.0,0.0
3.5499999999999954,1108.777207372631,0.0,0.0,555.8122607034361,0.0,0.0,-26.117057698786184,0.0,0.0
3.599999999999995,1136.5678204078026,0.0,0.0,553.9844390718785,0.0,0.0,-38.48314762971177,0.0,0.0
3.649999999999995,1164.2670423613968,0.0,0.0,552.0652495056012,0.0,0.0,-38.206991694001225,0.0,0.0
3.699999999999995,1191.870304836677,0.0,0.0,550.1598016782663,0.0,0.0,-37.93443599213494,0.0,0.0
3.7499999999999947,1219.3782949205902,0.0,0.0,548.2679167619809,0.0,0.0,-37.66541799490191,0.0,0.0
3.7999999999999945,1246.7916907586891,0.0,0.0,546.3894190288185,0.0,0.0,-37.399876538422724,0.0,0.0
3.8499999999999943,1274.11116171013,0.0,0.0,544.5241357832604,0.0,0.0,-37.13775178828425,0.0,0.0
3.899999999999994,1301.337368499293,0.0,0.0,542.6718972964103,0.0,0.0,-36.87898520477365,0.0,0.0
3.949999999999994,1328.4709633641137,0.0,0.0,540.8325367419242,0.0,0.0,-36.62351950917401,0.0,0.0
3.999999999999994,1355.51259020121,0.0,0.0,539.0058901336057,0.0,0.0,-36.371298651083585,0.0,0.0
4.049999999999994,1382.4628847078902,0.0,0.0,537.1917962646155,0.0,0.0,-36.122267776723724,0.0,0.0
4.099999999999993,1409.322474521121,0.0,0.0,535.3900966482466,0.0,0.0,-35.87637319820156,0.0,0.0
4.149999999999993,1436.0919793535331,0.0,0.0,533.6006354602175,0.0,0.0,-35.63356236369389,0.0,0.0
4.199999999999993,1462.772011126544,0.0,0.0,531.8232594824386,0.0,0.0,-35.39378382852109,0.0,0.0
4.249999999999993,1489.3631741006657,0.0,0.0,530.0578180482081,0.0,0.0,-35.156987227081245,0.0,0.0
4.299999999999993,1515.866065003076,0.0,0.0,528.3041629887937,0.0,0.0,-34.923123245614164,0.0,0.0
4.3499999999999925,1542.281273152516,0.0,0.0,526.562148581361,0.0,0.0,-34.69214359576831,0.0,0.0
4.399999999999992,1568.609380581584,0.0,0.0,524.8316314982079,0.0,0.0,-34.46400098894294,0.0,0.0
4.449999999999992,1594.8509621564945,0.0,0.0,523.1124707572659,0.0,0.0,-34.23864911137985,0.0,0.0
4.499999999999992,1621.006585694358,0.0,0.0,521.404527673834,0.0,0.0,-34.01604259997957,0.0,0.0
4.549999999999992,1647.0768120780494,0.0,0.0,519.7076658135065,0.0,0.0,-33.79613701881796,0.0,0.0
4.599999999999992,1673.0621953687246,0.0,0.0,518.0217509462626,0.0,0.0,-33.57888883634004,0.0,0.0
4.6499999999999915,1698.9632829160378,0.0,0.0,516.3466510016817,0.0,0.0,-33.36425540320865,0.0,0.0
4.699999999999991,1724.780615466122,0.0,0.0,514.6822360252554,0.0,0.0,-33.152194930786855,0.0,0.0
4.749999999999991,1750.5147272673848,0.0,0.0,513.028378135762,0.0,0.0,-32.94266647023276,0.0,0.0
4.799999999999991,1776.1661461741728,0.0,0.0,511.3849514836747,0.0,0.0,-32.7356298921874,0.0,0.0
4.849999999999991,1801.7353937483567,0.0,0.0,509.7518322105746,0.0,0.0,-32.53104586703615,0.0,0.0
4.899999999999991,1827.2229853588856,0.0,0.0,508.1288984095387,0.0,0.0,-32.32887584572542,0.0,0.0
4.94999999999999,1852.6294302793626,0.0,0.0,506.5160300864769,0.0,0.0,-32.129082041116135,0.0,0.0
4.99999999999999,1877.9552317836865,0.0,0.0,504.91310912239106,0.0,0.0,-31.93162740985813,0.0,0.0
5.04999999999999,1903.200887239806,0.0,0.0,503.3200192365299,0.0,0.0,-31.736475634767384,0.0,0.0
5.09999999999999,1928.3668882016323,0.0,0.0,501.7366459504158,0.0,0.0,-31.543591107691054,0.0,0.0
5.14999999999999,1953.453720499153,0.0,0.0,500.1628765527188,0.0,0.0,-31.352938912844703,0.0,0.0
5.1999999999999895,1978.461864326789,0.0,0.0,498.5986000649546,0.0,0.0,-31.164484810606744,0.0,0.0
5.249999999999989,2003.3917943300366,0.0,0.0,497.0437072079843,0.0,0.0,-30.97819522175581,0.0,0.0
5.299999999999989,2028.243979690436,0.0,0.0,495.49809036929344,0.0,0.0,-30.794037212137294,0.0,0.0
5.349999999999989,2053.0188842089005,0.0,0.0,493.96164357102964,0.0,0.0,-30.611978477745538,0.0,0.0
5.399999999999989,2077.7169663874524,0.0,0.0,492.4342624387782,0.0,0.0,-30.431987330209086,0.0,0.0
5.449999999999989,2102.3386795093916,0.0,0.0,490.9158441710557,0.0,0.0,-30.254032682666303,0.0,0.0
5.4999999999999885,2126.884471717944,0.0,0.0,489.4062875095022,0.0,0.0,-30.078084036019355,0.0,0.0
5.549999999999988,2151.354786093419,0.0,0.0,487.90549270975356,0.0,0.0,-29.904111465555165,0.0,0.0
5.599999999999988,2175.750060728907,0.0,0.0,486.4133615129758,0.0,0.0,-29.73208560792212,0.0,0.0
5.649999999999988,2200.0707288045555,0.0,0.0,484.92979711804355,0.0,0.0,-29.561977648451553,0.0,0.0
5.699999999999988,2224.3172186604575,0.0,0.0,483.454704154346,0.0,0.0,-29.393759308813582,0.0,0.0
5.749999999999988,2248.4899538681743,0.0,0.0,481.98798865520365,0.0,0.0,-29.227402834997516,0.0,0.0
5.799999999999987,2272.5893533009344,0.0,0.0,480.5295580318798,0.0,0.0,-29.06288098560682,0.0,0.0
5.849999999999987,2296.6158312025286,0.0,0.0,479.0793210481712,0.0,0.0,-28.900167020459158,0.0,0.0
5.899999999999987,2320.5697972549374,0.0,0.0,477.63718779556297,0.0,0.0,-28.739234689482725,0.0,0.0
5.949999999999987,2344.451656644716,0.0,0.0,476.2030696689329,0.0,0.0,-28.58005822189992,0.0,0.0
5.999999999999987,2368.261810128163,0.0,0.0,474.77687934279135,0.0,0.0,-28.422612315689623,0.0,0.0
6.0499999999999865,2392.0006540953023,0.0,0.0,473.35853074804214,0.0,0.0,-28.266872127320415,0.0,0.0
6.099999999999986,2415.6685806327046,0.0,0.0,471.94793904925234,0.0,0.0,-28.112813261746204,0.0,0.0
6.149999999999986,2439.2659775851675,0.0,0.0,470.5450206224167,0.0,0.0,-27.960411762657056,0.0,0.0
6.199999999999986,2462.793228616288,0.0,0.0,469.1496930332048,0.0,0.0,-27.80964410297743,0.0,0.0
6.249999999999986,2486.250713267948,0.0,0.0,467.76187501567887,0.0,0.0,-27.660487175604924,0.0,0.0
6.299999999999986,2509.6388070187318,0.0,0.0,466.38148645146947,0.0,0.0,-27.512918284382426,0.0,0.0
6.349999999999985,2532.957881341305,0.0,0.0,465.00844834939875,0.0,0.0,-27.36691513529692,0.0,0.0
6.399999999999985,2556.208303758775,0.0,0.0,463.64268282553894,0.0,0.0,-27.22245582789863,0.0,0.0
6.449999999999985,2579.390437900052,0.0,0.0,462.28411308369607,0.0,0.0,-27.07951884693387,0.0,0.0
6.499999999999985,2602.5046435542367,0.0,0.0,460.9326633963076,0.0,0.0,-26.93808305418592,0.0,0.0
6.549999999999985,2625.551276724052,0.0,0.0,459.58825908574437,0.0,0.0,-26.79812768051777,0.0,0.0
6.5999999999999845,2648.530689678339,0.0,0.0,458.25082650600643,0.0,0.0,-26.65963231811086,0.0,0.0
6.649999999999984,2671.4432310036395,0.0,0.0,456.9202930248031,0.0,0.0,-26.522576912894905,0.0,0.0
6.699999999999984,2694.2892456548793,0.0,0.0,455.59658700600795,0.0,0.0,-26.38694175716262,0.0,0.0
6.749999999999984,2717.0690750051795,0.0,0.0,454.2796377924797,0.0,0.0,-26.252707482364855,0.0,0.0
6.799999999999984,2739.7830568948034,0.0,0.0,452.9693756892397,0.0,0.0,-26.119855052080727,0.0,0.0
6.849999999999984,2762.4315256792656,0.0,0.0,451.6657319469976,0.0,0.0,-25.988365755158103,0.0,0.0
6.8999999999999835,2785.0148122766154,0.0,0.0,450.36863874601687,0.0,0.0,-25.85822119901943,0.0,0.0
6.949999999999983,2807.5332442139165,0.0,0.0,449.07802918031183,0.0,0.0,-25.729403303128812,0.0,0.0
6.999999999999983,2829.987145672932,0.0,0.0,447.79383724216825,0.0,0.0,-25.601894292615416,0.0,0.0
7.049999999999983,2852.3768375350405,0.0,0.0,446.5159978069797,0.0,0.0,-25.475676692049174,0.0,0.0
7.099999999999983,2874.7026374253896,0.0,0.0,445.24444661839254,0.0,0.0,-25.3507333193647,0.0,0.0
7.149999999999983,2896.9648597563096,0.0,0.0,443.9791202737514,0.0,0.0,-25.227047279929145,0.0,0.0
7.199999999999982,2919.1638157699967,0.0,0.0,442.719956209839,0.0,0.0,-25.104601960750347,0.0,0.0
7.249999999999982,2941.2998135804887,0.0,0.0,441.4668926889026,0.0,0.0,-24.983381024821206,0.0,0.0
7.299999999999982,2963.3731582149335,0.0,0.0,440.21986878496085,0.0,0.0,-24.863368405597,0.0,0.0
7.349999999999982,2985.384151654181,0.0,0.0,438.9788243703841,0.0,0.0,-24.744548301601654,0.0,0.0
7.399999999999982,3007.3330928727005,0.0,0.0,437.7437001027419,0.0,0.0,-24.626905171159784,0.0,0.0
7.4499999999999815,3029.220277877838,0.0,0.0,436.51443741191184,0.0,0.0,-24.5104237272511,0.0,0.0
7.499999999999981,3051.0459997484336,0.0,0.0,435.2909784874429,0.0,0.0,-24.395088932483905,0.0,0.0
7.549999999999981,3072.810548672806,0.0,0.0,434.07326626616816,0.0,0.0,-24.280885994184565,0.0,0.0
7.599999999999981,3094.5142119861143,0.0,0.0,432.86124442006076,0.0,0.0,-24.167800359599855,0.0,0.0
7.649999999999981,3116.157274207117,0.0,0.0,431.65485734432764,0.0,0.0,-24.05581771120918,0.0,0.0
7.699999999999981,3137.7400170743335,0.0,0.0,430.45405014573544,0.0,0.0,-23.944923962144003,0.0,0.0
7.7499999999999805,3159.26271958162,0.0,0.0,429.2587686311636,0.0,0.0,-23.835105251711283,0.0,0.0
7.79999999999998,3180.7256580131784,0.0,0.0,428.0689592963792,0.0,0.0,-23.726347941018737,0.0,0.0
7.84999999999998,3202.1291059779974,0.0,0.0,426.88456931502867,0.0,0.0,-23.618638608698742,0.0,0.0
7.89999999999998,3223.4733344437486,0.0,0.0,425.70554652784125,0.0,0.0,-23.51196404672877,0.0,0.0
7.94999999999998,3244.7586117701408,0.0,0.0,424.53183943203993,0.0,0.0,-23.406311256345653,0.0,0.0
7.99999999999998,3265.9852037417427,0.0,0.0,423.36339717095467,0.0,0.0,-23.301667444051212,0.0,0.0
8.04999999999998,3287.1533736002907,0.0,0.0,422.20016952383355,0.0,0.0,-23.198020017707158,0.0,0.0
8.09999999999998,3308.2633820764827,0.0,0.0,421.0421068958478,0.0,0.0,-23.095356582716693,0.0,0.0
8.14999999999998,3329.3154874212755,0.0,0.0,419.8891603082856,0.0,0.0,-22.99366493829086,0.0,0.0
8.199999999999982,3350.3099454366898,0.0,0.0,418.7412813889317,0.0,0.0,-22.892933073797263,0.0,0.0
8.249999999999982,3371.2470095061367,0.0,0.0,417.5984223626273,0.0,0.0,-22.7931491651894,0.0,0.0
8.299999999999983,3392.126930624268,0.0,0.0,416.46053604200716,0.0,0.0,-22.694301571514103,0.0,0.0
8.349999999999984,3412.9499574263687,0.0,0.0,415.3275758184104,0.0,0.0,-22.59637883149563,0.0,0.0
8.399999999999984,3433.716336217289,0.0,0.0,414.1994956529598,0.0,0.0,-22.49936966019409,0.0,0.0
8.449999999999985,3454.426310999937,0.0,0.0,413.0762500678073,0.0,0.0,-22.40326294573673,0.0,0.0
8.499999999999986,3475.0801235033273,0.0,0.0,411.95779413754155,0.0,0.0,-22.30804774611975,0.0,0.0
8.549999999999986,3495.6780132102044,0.0,0.0,410.84408348075385,0.0,0.0,-22.2137132860795,0.0,0.0
8.599999999999987,3516.220217384242,0.0,0.0,409.7350742517592,0.0,0.0,-22.120248954030874,0.0,0.0
8.649999999999988,3536.7069710968303,0.0,0.0,408.63072313246954,0.0,0.0,-22.02764429907154,0.0,0.0
8.699999999999989,3557.1385072534536,0.0,0.0,407.530987324415,0.0,0.0,-21.93588902805012,0.0,0.0
8.74999999999999,3577.515056619674,0.0,0.0,406.43582454091086,0.0,0.0,-21.84497300269717,0.0,0.0
8.79999999999999,3597.8368478467196,0.0,0.0,405.3451929993669,0.0,0.0,-21.75488623681677,0.0,0.0
8.84999999999999,3618.1041074966884,0.0,0.0,404.2590514137355,0.0,0.0,-21.665618893538117,0.0,0.0
8.899999999999991,3638.317060067375,0.0,0.0,403.17735898709685,0.0,0.0,-21.577161282624814,0.0,0.0
8.949999999999992,3658.4759280167304,0.0,0.0,402.1000754043767,0.0,0.0,-21.48950385784104,0.0,0.0
8.999999999999993,3678.5809317869493,0.0,0.0,401.0271608251954,0.0,0.0,-21.40263721437301,0.0,0.0
9.049999999999994,3698.632289828209,0.0,0.0,399.9585758768444,0.0,0.0,-21.31655208630437,0.0,0.0
9.099999999999994,3718.6302186220514,0.0,0.0,398.89428164738854,0.0,0.0,-21.23123934414433,0.0,0.0
9.149999999999995,3738.574932704421,0.0,0.0,397.8342396788902,0.0,0.0,-21.146689992407207,0.0,0.0
9.199999999999996,3758.4666446883652,0.0,0.0,396.77841196075394,0.0,0.0,-21.062895167242235,0.0,0.0
9.249999999999996,3778.3055652864027,0.0,0.0,395.72676092318875,0.0,0.0,-20.979846134112332,0.0,0.0
9.299999999999997,3798.091903332562,0.0,0.0,394.67924943078526,0.0,0.0,-20.897534285520756,0.0,0.0
9.349999999999998,3817.825865804102,0.0,0.0,393.6358407762058,0.0,0.0,-20.815951138784516,0.0,0.0
9.399999999999999,3837.507657842912,0.0,0.0,392.5964986739848,0.0,0.0,-20.73508833385336,0.0,0.0
9.45,3857.1374827766117,0.0,0.0,391.5611872544377,0.0,0.0,-20.65493763117339,0.0,0.0
9.5,3876.715542139333,0.0,0.0,390.52987105767534,0.0,0.0,-20.575490909594212,0.0,0.0
9.55,3896.242035692217,0.0,0.0,389.50251502772267,0.0,0.0,-20.496740164318474,0.0,0.0
9.600000000000001,3915.7171614436033,0.0,0.0,388.4790845067389,0.0,0.0,-20.418677504893104,0.0,0.0
9.650000000000002,3935.1411156689405,0.0,0.0,387.45954522933744,0.0,0.0,-20.341295153240935,0.0,0.0
9.700000000000003,3954.5140929304075,0.0,0.0,386.44386331700326,0.0,0.0,-20.264585441732113,0.0,0.0
9.750000000000004,3973.8362860962575,0.0,0.0,385.4320052726063,0.0,0.0,-20.188540811294093,0.0,0.0
9.800000000000004,3993.107886359888,0.0,0.0,384.4239379750085,0.0,0.0,-20.113153809559535,0.0,0.0
9.850000000000005,4012.3290832586385,0.0,0.0,383.4196286737626,0.0,0.0,-20.038417089051073,0.0,0.0
9.900000000000006,4031.5000646923268,0.0,0.0,382.419044983901,0.0,0.0,-19.964323405402347,0.0,0.0
9.950000000000006,4050.621016941522,0.0,0.0,381.4221548808133,0.0,0.0,-19.890865615614103,0.0,0.0
10.000000000000007,4069.692124685563,0.0,0.0,380.42892669520984,0.0,0.0,-19.81803667634507,0.0,0.0
10.050000000000008,4088.7135710203233,0.0,0.0,379.4393291081703,0.0,0.0,-19.745829642236234,0.0,0.0
10.100000000000009,4107.6855374757315,0.0,0.0,378.45333114627556,0.0,0.0,-19.674237664268354,0.0,0.0
10.15000000000001,4126.608204033045,0.0,0.0,377.47090217682097,0.0,0.0,-19.603253988151472,0.0,0.0
10.20000000000001,4145.481749141886,0.0,0.0,376.4920119031093,0.0,0.0,-19.532871952746003,0.0,0.0
10.25000000000001,4164.306349737041,0.0,0.0,375.51663035982244,0.0,0.0,-19.463084988514638,0.0,0.0
10.300000000000011,4183.082181255032,0.0,0.0,374.54472790846984,0.0,0.0,-19.393886616004263,0.0,0.0
10.350000000000012,4201.8094176504555,0.0,0.0,373.57627523291194,0.0,0.0,-19.325270444357347,0.0,0.0
10.400000000000013,4220.488231412101,0.0,0.0,372.6112433349581,0.0,0.0,-19.257230169852132,0.0,0.0
10.450000000000014,4239.118793578848,0.0,0.0,371.64960353003625,0.0,0.0,-19.18975957447087,0.0,0.0
10.500000000000014,4257.70127375535,0.0,0.0,370.6913274429344,0.0,0.0,-19.122852524495716,0.0,0.0
10.550000000000015,4276.235840127497,0.0,0.0,369.73638700361107,0.0,0.0,-19.056502969131415,0.0,0.0
10.600000000000016,4294.722659477678,0.0,0.0,368.7847544430747,0.0,0.0,-18.99070493915435,0.0,0.0
10.650000000000016,4313.161897199831,0.0,0.0,367.8364022893296,0.0,0.0,-18.925452545587348,0.0,0.0
10.700000000000017,4331.5537173142975,0.0,0.0,366.8913033633883,0.0,0.0,-18.860739978399668,0.0,0.0
10.750000000000018,4349.898282482466,0.0,0.0,365.94943077534776,0.0,0.0,-18.796561505231665,0.0,0.0
10.800000000000018,4368.195754021234,0.0,0.0,365.0107579205293,0.0,0.0,-18.73291147014341,0.0,0.0
10.85000000000002,4386.446291917261,0.0,0.0,364.0752584756805,0.0,0.0,-18.66978429238713,0.0,0.0
10.90000000000002,4404.650054841045,0.0,0.0,363.1429063952384,0.0,0.0,-18.60717446520254,0.0,0.0
10.95000000000002,4422.807200160806,0.0,0.0,362.21367590765163,0.0,0.0,-18.54507655463476,0.0,0.0
11.000000000000021,4440.917883956189,0.0,0.0,361.28754151176224,0.0,0.0,-18.483485198374456,0.0,0.0
11.050000000000022,4458.982261031778,0.0,0.0,360.3644779732445,0.0,0.0,-18.42239510461949,0.0,0.0
11.100000000000023,4477.00048493044,0.0,0.0,359.4444603211004,0.0,0.0,-18.36180105095775,0.0,0.0
11.150000000000023,4494.972707946495,0.0,0.0,358.52746384421056,0.0,0.0,-18.30169788327072,0.0,0.0
11.200000000000024,4512.899081138706,0.0,0.0,357.6134640879396,0.0,0.0,-18.242080514657317,0.0,0.0
11.250000000000025,4530.779754343103,0.0,0.0,356.70243685079487,0.0,0.0,-18.18294392437753,0.0,0.0
11.300000000000026,4548.614876185643,0.0,0.0,355.79435818113797,0.0,0.0,-18.12428315681553,0.0,0.0
11.350000000000026,4566.404594094701,0.0,0.0,354.88920437394717,0.0,0.0,-18.066093320461796,0.0,0.0
11.400000000000027,4584.149054313398,0.0,0.0,353.98695196763094,0.0,0.0,-18.00836958691382,0.0,0.0
11.450000000000028,4601.84840191178,0.0,0.0,353.08757774089065,0.0,0.0,-17.951107189895055,0.0,0.0
11.500000000000028,4619.502780798824,0.0,0.0,352.19105870963233,0.0,0.0,-17.894301424291747,0.0,0.0
11.55000000000003,4637.112333734306,0.0,0.0,351.297372123926,0.0,0.0,-17.837947645207183,0.0,0.0
11.60000000000003,4654.677202340502,0.0,0.0,350.4064954650121,0.0,0.0,-17.782041267033097,0.0,0.0
11.65000000000003,4672.197527113752,0.0,0.0,349.5184064423541,0.0,0.0,-17.726577762537804,0.0,0.0
11.700000000000031,4689.67344743587,0.0,0.0,348.63308299073617,0.0,0.0,-17.67155266197077,0.0,0.0
11.750000000000032,4707.105101585407,0.0,0.0,347.7505032674055,0.0,0.0,-17.616961552183252,0.0,0.0
11.800000000000033,4724.492626748778,0.0,0.0,346.87064564925834,0.0,0.0,-17.562800075764663,0.0,0.0
11.850000000000033,4741.836159031241,0.0,0.0,345.9934887300685,0.0,0.0,-17.50906393019438,0.0,0.0
11.900000000000034,4759.135833467743,0.0,0.0,345.11901131775875,0.0,0.0,-17.455748867008673,0.0,0.0
11.950000000000035,4776.391784033632,0.0,0.0,344.2471924317127,0.0,0.0,-17.402850690982376,0.0,0.0
12.000000000000036,4793.604143655218,0.0,0.0,343.37801130012804,0.0,0.0,-17.35036525932509,0.0,0.0
12.050000000000036,4810.773044220224,0.0,0.0,342.51144735740945,0.0,0.0,-17.298288480891657,0.0,0.0
12.100000000000037,4827.898616588093,0.0,0.0,341.64748024160053,0.0,0.0,-17.246616315406417,0.0,0.0
12.150000000000038,4844.980990600173,0.0,0.0,340.7860897918545,0.0,0.0,-17.19534477270121,0.0,0.0
12.200000000000038,4862.0202950897665,0.0,0.0,339.9272560459427,0.0,0.0,-17.144469911966652,0.0,0.0
12.250000000000039,4879.016657892064,0.0,0.0,339.07095923780025,0.0,0.0,-17.093987841016652,0.0,0.0
12.30000000000004,4895.970205853954,0.0,0.0,338.21717979510817,0.0,0.0,-17.04389471556557,0.0,0.0
12.35000000000004,4912.881064843709,0.0,0.0,337.3658983369116,0.0,0.0,-16.994186738518074,0.0,0.0
12.400000000000041,4929.749359760554,0.0,0.0,336.5170956712731,0.0,0.0,-16.944860159271318,0.0,0.0
12.450000000000042,4946.575214544117,0.0,0.0,335.67075279296085,0.0,0.0,-16.89591127302915,0.0,0.0
12.500000000000043,4963.358752183766,0.0,0.0,334.82685088117046,0.0,0.0,-16.847336420128197,0.0,0.0
12.550000000000043,4980.100094727825,0.0,0.0,333.9853712972808,0.0,0.0,-16.799131985375542,0.0,0.0
12.600000000000044,4996.799363292689,0.0,0.0,333.1462955826424,0.0,0.0,-16.751294397397828,0.0,0.0
12.650000000000045,5013.4566780718205,0.0,0.0,332.30960545639823,0.0,0.0,-16.703820128001386,0.0,0.0
12.700000000000045,5030.07215834464,0.0,0.0,331.4752828133365,0.0,0.0,-16.65670569154349,0.0,0.0
12.750000000000046,5046.645922485307,0.0,0.0,330.64330972177424,0.0,0.0,-16.609947644314154,0.0,0.0
12.800000000000047,5063.178087971396,0.0,0.0,329.813668421472,0.0,0.0,-16.563542583928605,0.0,0.0
12.850000000000048,5079.66877139247,0.0,0.0,328.98634132157866,0.0,0.0,-16.51748714872987,0.0,0.0
12.900000000000048,5096.118088458549,0.0,0.0,328.16131099860564,0.0,0.0,-16.471778017201714,0.0,0.0
12.950000000000049,5112.52615400848,0.0,0.0,327.3385601944307,0.0,0.0,-16.426411907391245,0.0,0.0
13.00000000000005,5128.893082018202,0.0,0.0,326.5180718143302,0.0,0.0,-16.381385576341426,0.0,0.0
13.05000000000005,5145.218985608918,0.0,0.0,325.6998289250393,0.0,0.0,-16.33669581953303,0.0,0.0
13.100000000000051,5161.503977055169,0.0,0.0,324.8838147528405,0.0,0.0,-16.292339470335957,0.0,0.0
13.150000000000052,5177.748167792811,0.0,0.0,324.07001268167903,0.0,0.0,-16.248313399469755,0.0,0.0
13.200000000000053,5193.951668426896,0.0,0.0,323.25840625130485,0.0,0.0,-16.2046145144731,0.0,0.0
13.250000000000053,5210.1145887394605,0.0,0.0,322.4489791554416,0.0,0.0,-16.161239759182113,0.0,0.0
13.300000000000054,5226.237037697233,0.0,0.0,321.64171523998095,0.0,0.0,-16.118186113217334,0.0,0.0
13.350000000000055,5242.319123459231,0.0,0.0,320.8365985012028,0.0,0.0,-16.0754505914792,0.0,0.0
13.400000000000055,5258.360953384291,0.0,0.0,320.03361308402015,0.0,0.0,-16.033030243651844,0.0,0.0
13.450000000000056,5274.362634038492,0.0,0.0,319.23274328024917,0.0,0.0,-15.99092215371506,0.0,0.0
13.500000000000057,5290.324271202505,0.0,0.0,318.43397352690295,0.0,0.0,-15.94912343946429,0.0,0.0
13.550000000000058,5306.245969878851,0.0,0.0,317.63728840450955,0.0,0.0,-15.90763125203849,0.0,0.0
13.600000000000058,5322.127834299076,0.0,0.0,316.8426726354532,0.0,0.0,-15.866442775455738,0.0,0.0
13.650000000000059,5337.96996793085,0.0,0.0,316.05011108233884,0.0,0.0,-15.825555226156345,0.0,0.0
13.70000000000006,5353.772473484966,0.0,0.0,315.25958874637917,0.0,0.0,-15.784965852553498,0.0,0.0
13.75000000000006,5369.535452922285,0.0,0.0,314.47109076580404,0.0,0.0,-15.74467193459112,0.0,0.0
13.800000000000061,5385.259007460575,0.0,0.0,313.684602414292,0.0,0.0,-15.704670783308933,0.0,0.0
13.850000000000062,5400.943237581289,0.0,0.0,312.9001090994232,0.0,0.0,-15.66495974041454,0.0,0.0
13.900000000000063,5416.588243036261,0.0,0.0,312.1175963611539,0.0,0.0,-15.625536177862417,0.0,0.0
13.950000000000063,5432.194122854319,0.0,0.0,311.3370498703115,0.0,0.0,-15.586397497439648,0.0,0.0
14.000000000000064,5447.760975347835,0.0,0.0,310.55845542711035,0.0,0.0,-15.547541130358322,0.0,0.0
14.050000000000065,5463.288898119191,0.0,0.0,309.78179895968805,0.0,0.0,-15.508964536854483,0.0,0.0
14.100000000000065,5478.777988067176,0.0,0.0,309.00706652266115,0.0,0.0,-15.470665205793427,0.0,0.0
14.150000000000066,5494.228341393308,0.0,0.0,308.23424429570105,0.0,0.0,-15.432640654281341,0.0,0.0
14.200000000000067,5509.640053608094,0.0,0.0,307.4633185821288,0.0,0.0,-15.394888427283087,0.0,0.0
14.250000000000068,5525.0132195372,0.0,0.0,306.69427580752904,0.0,0.0,-15.357406097246033,0.0,0.0
14.300000000000068,5540.347933327576,0.0,0.0,305.9271025183826,0.0,0.0,-15.320191263729903,0.0,0.0
14.350000000000069,5555.644288453496,0.0,0.0,305.1617853807175,0.0,0.0,-15.283241553042382,0.0,0.0
14.40000000000007,5570.902377722533,0.0,0.0,304.39831117877833,0.0,0.0,-15.2465546178805,0.0,0.0
14.45000000000007,5586.122293281472,0.0,0.0,303.6366668137129,0.0,0.0,-15.210128136977696,0.0,0.0
14.500000000000071,5601.304126622158,0.0,0.0,302.87683930227695,0.0,0.0,-15.173959814756305,0.0,0.0
14.550000000000072,5616.447968587271,0.0,0.0,302.11881577555573,0.0,0.0,-15.13804738098561,0.0,0.0
14.600000000000072,5631.553909376048,0.0,0.0,301.362583477703,0.0,0.0,-15.102388590445106,0.0,0.0
14.650000000000073,5646.622038549934,0.0,0.0,300.60812976469646,0.0,0.0,-15.066981222593101,0.0,0.0
14.700000000000074,5661.6524450381685,0.0,0.0,299.8554421031097,0.0,0.0,-15.031823081240415,0.0,0.0
14.750000000000075,5676.645217143324,0.0,0.0,299.10450806890043,0.0,0.0,-14.99691199422916,0.0,0.0
14.800000000000075,5691.600442546768,0.0,0.0,298.3553153462148,0.0,0.0,-14.962245813116452,0.0,0.0
14.850000000000076,5706.518208314078,0.0,0.0,297.6078517262071,0.0,0.0,-14.92782241286305,0.0,0.0
14.900000000000077,5721.398600900388,0.0,0.0,296.86210510587534,0.0,0.0,-14.893639691526767,0.0,0.0
14.950000000000077,5736.241706155682,0.0,0.0,296.11806348691164,0.0,0.0,-14.859695569960541,0.0,0.0
15.000000000000078,5751.047609330027,0.0,0.0,295.3757149745681,0.0,0.0,-14.825987991515236,0.0,0.0
15.050000000000079,5765.816395078756,0.0,0.0,294.6350477765371,0.0,0.0,-14.792514921746884,0.0,0.0
15.10000000000008,5780.548147467583,0.0,0.0,293.8960502018463,0.0,0.0,-14.759274348128466,0.0,0.0
15.15000000000008,5795.2429499776745,0.0,0.0,293.158710659768,0.0,0.0,-14.726264279766028,0.0,0.0
15.200000000000081,5809.900885510663,0.0,0.0,292.4230176587424,0.0,0.0,-14.69348274711914,0.0,0.0
15.250000000000082,5824.5220363936,0.0,0.0,291.68895980531505,0.0,0.0,-14.660927801725583,0.0,0.0
15.300000000000082,5839.106484383866,0.0,0.0,290.95652580308774,0.0,0.0,-14.62859751593019,0.0,0.0
15.350000000000083,5853.65431067402,0.0,0.0,290.22570445168316,0.0,0.0,-14.59648998261779,0.0,0.0
15.400000000000084,5868.165595896605,0.0,0.0,289.49648464572243,0.0,0.0,-14.56460331495016,0.0,0.0
15.450000000000085,5882.640420128891,0.0,0.0,288.76885537381617,0.0,0.0,-14.532935646106937,0.0,0.0
15.500000000000085,5897.0788628975815,0.0,0.0,288.04280571756806,0.0,0.0,-14.501485129030403,0.0,0.0
15.550000000000086,5911.4810031834595,0.0,0.0,287.3183248505913,0.0,0.0,-14.470249936174083,0.0,0.0
15.600000000000087,5925.84691942599,0.0,0.0,286.5954020375376,0.0,0.0,-14.43922825925516,0.0,0.0
15.650000000000087,5940.176689527866,0.0,0.0,285.87402663313827,0.0,0.0,-14.408418309010413,0.0,0.0
15.700000000000088,5954.470390859523,0.0,0.0,285.15418808125764,0.0,0.0,-14.377818314955976,0.0,0.0
15.750000000000089,5968.7281002635855,0.0,0.0,284.4358759139585,0.0,0.0,-14.347426525150539,0.0,0.0
15.80000000000009,5982.949894059283,0.0,0.0,283.71907975057894,0.0,0.0,-14.317241205962072,0.0,0.0
15.85000000000009,5997.1358480468125,0.0,0.0,283.00378929682125,0.0,0.0,-14.287260641838,0.0,0.0
15.900000000000091,6011.286037511653,0.0,0.0,282.28999434385184,0.0,0.0,-14.257483135078784,0.0,0.0
15.950000000000092,6025.400537228846,0.0,0.0,281.57768476741285,0.0,0.0,-14.227907005614762,0.0,0.0
16.000000000000092,6039.479421467216,0.0,0.0,280.8668505269444,0.0,0.0,-14.198530590786367,0.0,0.0
16.050000000000093,6053.522763993563,0.0,0.0,280.1574816647181,0.0,0.0,-14.169352245127456,0.0,0.0
16.100000000000094,6067.530638076799,0.0,0.0,279.4495683049812,0.0,0.0,-14.140370340151854,0.0,0.0
16.150000000000095,6081.503116492048,0.0,0.0,278.7431006531114,0.0,0.0,-14.111583264143034,0.0,0.0
16.200000000000095,6095.440271524704,0.0,0.0,278.03806899478207,0.0,0.0,-14.082989421946765,0.0,0.0
16.250000000000096,6109.342174974444,0.0,0.0,277.3344636951378,0.0,0.0,-14.054587234766887,0.0,0.0
16.300000000000097,6123.208898159201,0.0,0.0,276.63227519798016,0.0,0.0,-14.026375139963921,0.0,0.0
16.350000000000097,6137.040511919101,0.0,0.0,275.9314940249635,0.0,0.0,-13.998351590856705,0.0,0.0
16.400000000000098,6150.837086620349,0.0,0.0,275.2321107748004,0.0,0.0,-13.970515056526787,0.0,0.0
16.4500000000001,6164.598692159089,0.0,0.0,274.5341161224771,0.0,0.0,-13.942864021625706,0.0,0.0
16.5000000000001,6178.325397965214,0.0,0.0,273.83750081847836,0.0,0.0,-13.915396986184978,0.0,0.0
16.5500000000001,6192.017273006138,0.0,0.0,273.14225568802186,0.0,0.0,-13.888112465428868,0.0,0.0
16.6000000000001,6205.674385790539,0.0,0.0,272.44837163030195,0.0,0.0,-13.86100898958979,0.0,0.0
16.6500000000001,6219.296804372055,0.0,0.0,271.7558396177423,0.0,0.0,-13.834085103726357,0.0,0.0
16.700000000000102,6232.884596352941,0.0,0.0,271.0646506952581,0.0,0.0,-13.807339367544024,0.0,0.0
16.750000000000103,6246.437828887704,0.0,0.0,270.3747959795266,0.0,0.0,-13.780770355218264,0.0,0.0
16.800000000000104,6259.95656868668,0.0,0.0,269.6862666582669,0.0,0.0,-13.754376655220275,0.0,0.0
16.850000000000104,6273.440882019594,0.0,0.0,268.9990539895283,0.0,0.0,-13.728156870145131,0.0,0.0
16.900000000000105,6286.890834719071,0.0,0.0,268.313149300987,0.0,0.0,-13.70210961654237,0.0,0.0
16.950000000000106,6300.3064921841205,0.0,0.0,267.6285439892514,0.0,0.0,-13.676233524748962,0.0,0.0
17.000000000000107,6313.687919383584,0.0,0.0,266.9452295191757,0.0,0.0,-13.650527238724619,0.0,0.0
17.050000000000107,6327.035180859543,0.0,0.0,266.2631974231818,0.0,0.0,-13.624989415889456,0.0,0.0
17.100000000000108,6340.348340730702,0.0,0.0,265.5824393005889,0.0,0.0,-13.599618726963852,0.0,0.0
17.15000000000011,6353.627462695732,0.0,0.0,264.90294681695144,0.0,0.0,-13.574413855810613,0.0,0.0
17.20000000000011,6366.872610036579,0.0,0.0,264.22471170340486,0.0,0.0,-13.549373499279318,0.0,0.0
17.25000000000011,6380.083845621749,0.0,0.0,263.5477257560188,0.0,0.0,-13.524496367052816,0.0,0.0
17.30000000000011,6393.261231909551,0.0,0.0,262.87198083515835,0.0,0.0,-13.49978118149586,0.0,0.0
17.35000000000011,6406.404830951308,0.0,0.0,262.19746886485245,0.0,0.0,-13.475226677505866,0.0,0.0
17.400000000000112,6419.514704394552,0.0,0.0,261.52418183217,0.0,0.0,-13.450831602365659,0.0,0.0
17.450000000000113,6432.59091348616,0.0,0.0,260.8521117866031,0.0,0.0,-13.426594715598386,0.0,0.0
17.500000000000114,6445.63351907549,0.0,0.0,260.1812508394577,0.0,0.0,-13.402514788824282,0.0,0.0
17.550000000000114,6458.642581617462,0.0,0.0,259.5115911632511,0.0,0.0,-13.378590605619497,0.0,0.0
17.600000000000115,6471.618161175625,0.0,0.0,258.84312499111695,0.0,0.0,-13.354820961376824,0.0,0.0
17.650000000000116,6484.56031742518,0.0,0.0,258.1758446162164,0.0,0.0,-13.331204663168354,0.0,0.0
17.700000000000117,6497.46910965599,0.0,0.0,257.50974239115703,0.0,0.0,-13.307740529609987,0.0,0.0
17.750000000000117,6510.344596775548,0.0,0.0,256.84481072741767,0.0,0.0,-13.284427390727803,0.0,0.0
17.800000000000118,6523.186837311919,0.0,0.0,256.1810420947805,0.0,0.0,-13.261264087826257,0.0,0.0
17.85000000000012,6535.995889416658,0.0,0.0,255.51842902076922,0.0,0.0,-13.23824947335814,0.0,0.0
17.90000000000012,6548.771810867697,0.0,0.0,254.8569640900942,0.0,0.0,-13.215382410796323,0.0,0.0
17.95000000000012,6561.514659072202,0.0,0.0,254.19663994410348,0.0,0.0,-13.192661774507261,0.0,0.0
18.00000000000012,6574.224491069407,0.0,0.0,253.5374492802404,0.0,0.0,-13.170086449626137,0.0,0.0
18.05000000000012,6586.901363533419,0.0,0.0,252.87938485150735,0.0,0.0,-13.147655331933743,0.0,0.0
18.100000000000122,6599.545332775994,0.0,0.0,252.2224394659357,0.0,0.0,-13.12536732773501,0.0,0.0
18.150000000000123,6612.156454749292,0.0,0.0,251.56660598606166,0.0,0.0,-13.103221353739162,0.0,0.0
18.200000000000124,6624.734785048594,0.0,0.0,250.9118773284082,0.0,0.0,-13.081216336941448,0.0,0.0
18.250000000000124,6637.280378915014,0.0,0.0,250.2582464629728,0.0,0.0,-13.059351214506513,0.0,0.0
18.300000000000125,6649.793291238163,0.0,0.0,249.60570641272108,0.0,0.0,-13.037624933653294,0.0,0.0
18.350000000000126,6662.2735765587995,0.0,0.0,248.954250253086,0.0,0.0,-13.016036451541403,0.0,0.0
18.400000000000126,6674.721289071454,0.0,0.0,248.30387111147292,0.0,0.0,-12.99458473515913,0.0,0.0
18.450000000000127,6687.136482627026,0.0,0.0,247.65456216677006,0.0,0.0,-12.973268761212818,0.0,0.0
18.500000000000128,6699.519210735364,0.0,0.0,247.0063166488646,0.0,0.0,-12.952087516017793,0.0,0.0
18.55000000000013,6711.869526567808,0.0,0.0,246.35912783816408,0.0,0.0,-12.931039995390657,0.0,0.0
18.60000000000013,6724.187482959715,0.0,0.0,245.71298906512322,0.0,0.0,-12.910125204543068,0.0,0.0
18.65000000000013,6736.4731324129725,0.0,0.0,245.0678937097761,0.0,0.0,-12.88934215797688,0.0,0.0
18.70000000000013,6748.726527098462,0.0,0.0,244.42383520127336,0.0,0.0,-12.868689879380675,0.0,0.0
18.75000000000013,6760.947718858525,0.0,0.0,243.78080701742482,0.0,0.0,-12.848167401527638,0.0,0.0
18.800000000000132,6773.136759209397,0.0,0.0,243.1388026842469,0.0,0.0,-12.827773766174806,0.0,0.0
18.850000000000133,6785.29369934361,0.0,0.0,242.49781577551533,0.0,0.0,-12.80750802396357,0.0,0.0
18.900000000000134,6797.418590132386,0.0,0.0,241.85783991232253,0.0,0.0,-12.787369234321543,0.0,0.0
18.950000000000134,6809.511482128003,0.0,0.0,241.21886876264006,0.0,0.0,-12.76735646536565,0.0,0.0
19.000000000000135,6821.572425566134,0.0,0.0,240.58089604088588,0.0,0.0,-12.747468793806528,0.0,0.0
19.050000000000136,6833.6014703681785,0.0,0.0,239.9439155074963,0.0,0.0,-12.727705304854108,0.0,0.0
19.100000000000136,6845.598666143554,0.0,0.0,239.30792096850274,0.0,0.0,-12.708065092124464,0.0,0.0
19.150000000000137,6857.564062191978,0.0,0.0,238.67290627511292,0.0,0.0,-12.688547257547848,0.0,0.0
19.200000000000138,6869.497707505733,0.0,0.0,238.03886532329682,0.0,0.0,-12.669150911277919,0.0,0.0
19.25000000000014,6881.3996507718975,0.0,0.0,237.4057920533771,0.0,0.0,-12.649875171602126,0.0,0.0
19.30000000000014,6893.2699403745655,0.0,0.0,236.77368044962398,0.0,0.0,-12.630719164853259,0.0,0.0
19.35000000000014,6905.108624397047,0.0,0.0,236.1425245398545,0.0,0.0,-12.611682025322105,0.0,0.0
19.40000000000014,6916.91575062404,0.0,0.0,235.5123183950361,0.0,0.0,-12.592762895171278,0.0,0.0
19.45000000000014,6928.691366543792,0.0,0.0,234.88305612889462,0.0,0.0,-12.573960924350072,0.0,0.0
19.500000000000142,6940.435519350237,0.0,0.0,234.25473189752637,0.0,0.0,-12.555275270510478,0.0,0.0
19.550000000000143,6952.148255945113,0.0,0.0,233.62733989901452,0.0,0.0,-12.536705098924221,0.0,0.0
19.600000000000144,6963.829622940065,0.0,0.0,233.00087437304944,0.0,0.0,-12.518249582400845,0.0,0.0
19.650000000000144,6975.479666658718,0.0,0.0,232.3753296005534,0.0,0.0,-12.49990790120688,0.0,0.0
19.700000000000145,6987.098433138745,0.0,0.0,231.75069990330906,0.0,0.0,-12.481679242986003,0.0,0.0
19.750000000000146,6998.685968133911,0.0,0.0,231.12697964359188,0.0,0.0,-12.463562802680197,0.0,0.0
19.800000000000146,7010.242317116091,0.0,0.0,230.50416322380676,0.0,0.0,-12.445557782451939,0.0,0.0
19.850000000000147,7021.7675252772815,0.0,0.0,229.88224508612828,0.0,0.0,-12.427663391607329,0.0,0.0
19.900000000000148,7033.261637531587,0.0,0.0,229.26121971214482,0.0,0.0,-12.409878846520211,0.0,0.0
19.95000000000015,7044.724698517194,0.0,0.0,228.6410816225066,0.0,0.0,-12.392203370557246,0.0,0.0
20.00000000000015,7056.15675259832,0.0,0.0,228.02182537657717,0.0,0.0,-12.3746361940039,0.0,0.0
20.05000000000015,7067.557843867148,0.0,0.0,227.40344557208897,0.0,0.0,-12.357176553991385,0.0,0.0
20.10000000000015,7078.928016145753,0.0,0.0,226.78593684480214,0.0,0.0,-12.33982369442449,0.0,0.0
20.15000000000015,7090.267312987992,0.0,0.0,226.16929386816713,0.0,0.0,-12.32257686591032,0.0,0.0
20.200000000000152,7101.5757776814,0.0,0.0,225.55351135299088,0.0,0.0,-12.305435325687917,0.0,0.0
20.250000000000153,7112.853453249049,0.0,0.0,224.9385840471064,0.0,0.0,-12.288398337558768,0.0,0.0
20.300000000000153,7124.1003824514055,0.0,0.0,224.32450673504582,0.0,0.0,-12.27146517181815,0.0,0.0
20.350000000000154,7135.316607788157,0.0,0.0,223.711274237717,0.0,0.0,-12.254635105187342,0.0,0.0
20.400000000000155,7146.502171500043,0.0,0.0,223.09888141208324,0.0,0.0,-12.237907420746666,0.0,0.0
20.450000000000156,7157.657115570647,0.0,0.0,222.48732315084663,0.0,0.0,-12.221281407869348,0.0,0.0
20.500000000000156,7168.78148172819,0.0,0.0,221.8765943821345,0.0,0.0,-12.20475636215621,0.0,0.0
20.550000000000157,7179.875311447296,0.0,0.0,221.26669006918914,0.0,0.0,-12.18833158537115,0.0,0.0
20.600000000000158,7190.938645950756,0.0,0.0,220.6576052100608,0.0,0.0,-12.172006385377404,0.0,0.0
20.65000000000016,7201.9715262112595,0.0,0.0,220.0493348373039,0.0,0.0,-12.155780076074617,0.0,0.0
20.70000000000016,7212.973992953125,0.0,0.0,219.44187401767604,0.0,0.0,-12.139651977336639,0.0,0.0
20.75000000000016,7223.946086654009,0.0,0.0,218.8352178518407,0.0,0.0,-12.123621414950133,0.0,0.0
20.80000000000016,7234.887847546602,0.0,0.0,218.22936147407242,0.0,0.0,-12.107687720553876,0.0,0.0
20.85000000000016,7245.799315620306,0.0,0.0,217.62430005196535,0.0,0.0,-12.091850231578835,0.0,0.0
20.900000000000162,7256.680530622904,0.0,0.0,217.02002878614465,0.0,0.0,-12.076108291188953,0.0,0.0
20.950000000000163,7267.531532062211,0.0,0.0,216.41654290998088,0.0,0.0,-12.06046124822267,0.0,0.0
21.000000000000163,7278.35235920771,0.0,0.0,215.8138376893072,0.0,0.0,-12.044908457135096,0.0,0.0
21.050000000000164,7289.1430510921755,0.0,0.0,215.21190842213971,0.0,0.0,-12.029449277940975,0.0,0.0
21.100000000000165,7299.903646513282,0.0,0.0,214.61075043840023,0.0,0.0,-12.014083076158247,0.0,0.0
21.150000000000166,7310.634184035202,0.0,0.0,214.01035909964233,0.0,0.0,-11.99880922275233,0.0,0.0
21.200000000000166,7321.334701990184,0.0,0.0,213.41072979877976,0.0,0.0,-11.983627094081072,0.0,0.0
21.250000000000167,7332.005238480123,0.0,0.0,212.81185795981781,0.0,0.0,-11.968536071840353,0.0,0.0
21.300000000000168,7342.645831378114,0.0,0.0,212.21373903758746,0.0,0.0,-11.953535543010329,0.0,0.0
21.35000000000017,7353.256518329993,0.0,0.0,211.61636851748193,0.0,0.0,-11.938624899802342,0.0,0.0
21.40000000000017,7363.837336755868,0.0,0.0,211.0197419151961,0.0,0.0,-11.923803539606444,0.0,0.0
21.45000000000017,7374.388323851627,0.0,0.0,210.42385477646857,0.0,0.0,-11.909070864939558,0.0,0.0
21.50000000000017,7384.90951659045,0.0,0.0,209.82870267682603,0.0,0.0,-11.894426283394221,0.0,0.0
21.55000000000017,7395.400951724291,0.0,0.0,209.2342812213305,0.0,0.0,-11.879869207587992,0.0,0.0
21.600000000000172,7405.862665785357,0.0,0.0,208.6405860443289,0.0,0.0,-11.865399055113416,0.0,0.0
21.650000000000173,7416.294695087573,0.0,0.0,208.0476128092052,0.0,0.0,-11.851015248488583,0.0,0.0
21.700000000000173,7426.697075728033,0.0,0.0,207.4553572081349,0.0,0.0,-11.83671721510829,0.0,0.0
21.750000000000174,7437.06984358844,0.0,0.0,206.86381496184214,0.0,0.0,-11.82250438719577,0.0,0.0
21.800000000000175,7447.413034336531,0.0,0.0,206.27298181935905,0.0,0.0,-11.808376201754951,0.0,0.0
21.850000000000176,7457.726683427499,0.0,0.0,205.68285355778755,0.0,0.0,-11.794332100523372,0.0,0.0
21.900000000000176,7468.010826105387,0.0,0.0,205.09342598206348,0.0,0.0,-11.780371529925528,0.0,0.0
21.950000000000177,7478.26549740449,0.0,0.0,204.50469492472305,0.0,0.0,-11.766493941026855,0.0,0.0
22.000000000000178,7488.490732150726,0.0,0.0,203.9166562456716,0.0,0.0,-11.752698789488202,0.0,0.0
22.05000000000018,7498.68656496301,0.0,0.0,203.32930583195454,0.0,0.0,-11.738985535520877,0.0,0.0
22.10000000000018,7508.853030254607,0.0,0.0,202.7426395975307,0.0,0.0,-11.725353643842158,0.0,0.0
22.15000000000018,7518.990162234483,0.0,0.0,202.1566534830478,0.0,0.0,-11.711802583631362,0.0,0.0
22.20000000000018,7529.097994908635,0.0,0.0,201.5713434556199,0.0,0.0,-11.698331828486438,0.0,0.0
22.25000000000018,7539.176562081416,0.0,0.0,200.9867055086075,0.0,0.0,-11.684940856381006,0.0,0.0
22.300000000000182,7549.225897356847,0.0,0.0,200.4027356613993,0.0,0.0,-11.671629149621948,0.0,0.0
22.350000000000183,7559.246034139917,0.0,0.0,199.81942995919633,0.0,0.0,-11.658396194807473,0.0,0.0
22.400000000000183,7569.237005637878,0.0,0.0,199.23678447279806,0.0,0.0,-11.645241482785632,0.0,0.0
22.450000000000184,7579.198844861518,0.0,0.0,198.6547952983907,0.0,0.0,-11.632164508613371,0.0,0.0
22.500000000000185,7589.131584626438,0.0,0.0,198.07345855733737,0.0,0.0,-11.619164771515996,0.0,0.0
22.550000000000185,7599.035257554305,0.0,0.0,197.49277039597044,0.0,0.0,-11.606241774847147,0.0,0.0
22.600000000000186,7608.909896074104,0.0,0.0,196.91272698538575,0.0,0.0,-11.593395026049214,0.0,0.0
22.650000000000187,7618.755532423374,0.0,0.0,196.33332452123884,0.0,0.0,-11.58062403661417,0.0,0.0
22.700000000000188,7628.572198649436,0.0,0.0,195.75455922354325,0.0,0.0,-11.567928322044931,0.0,0.0
22.75000000000019,7638.359926610613,0.0,0.0,195.17642733647048,0.0,0.0,-11.555307401817101,0.0,0.0
22.80000000000019,7648.118747977437,0.0,0.0,194.59892512815213,0.0,0.0,-11.542760799341128,0.0,0.0
22.85000000000019,7657.848694233845,0.0,0.0,194.02204889048372,0.0,0.0,-11.530288041924967,0.0,0.0
22.90000000000019,7667.549796678369,0.0,0.0,193.44579493893053,0.0,0.0,-11.5178886607371,0.0,0.0
22.95000000000019,7677.222086425315,0.0,0.0,192.87015961233516,0.0,0.0,-11.50556219077001,0.0,0.0
23.000000000000192,7686.865594405931,0.0,0.0,192.2951392727269,0.0,0.0,-11.493308170804044,0.0,0.0
23.050000000000193,7696.480351369567,0.0,0.0,191.72073030513312,0.0,0.0,-11.481126143371712,0.0,0.0
23.100000000000193,7706.066387884824,0.0,0.0,191.14692911739206,0.0,0.0,-11.469015654722371,0.0,0.0
23.150000000000194,7715.623734340693,0.0,0.0,190.57373213996777,0.0,0.0,-11.456976254787294,0.0,0.0
23.200000000000195,7725.152420947691,0.0,0.0,190.0011358257665,0.0,0.0,-11.445007497145175,0.0,0.0
23.250000000000195,7734.6524777389795,0.0,0.0,189.42913664995496,0.0,0.0,-11.433108938987953,0.0,0.0
23.300000000000196,7744.123934571478,0.0,0.0,188.85773110978022,0.0,0.0,-11.421280141087111,0.0,0.0
23.350000000000197,7753.566821126967,0.0,0.0,188.28691572439135,0.0,0.0,-11.409520667760244,0.0,0.0
23.400000000000198,7762.981166913186,0.0,0.0,187.7166870346626,0.0,0.0,-11.397830086838104,0.0,0.0
23.4500000000002,7772.367001264919,0.0,0.0,187.14704160301847,0.0,0.0,-11.386207969631927,0.0,0.0
23.5000000000002,7781.72435334507,0.0,0.0,186.57797601325998,0.0,0.0,-11.374653890901198,0.0,0.0
23.5500000000002,7791.053252145733,0.0,0.0,186.00948687039306,0.0,0.0,-11.363167428821708,0.0,0.0
23.6000000000002,7800.353726489252,0.0,0.0,185.44157080045815,0.0,0.0,-11.351748164954005,0.0,0.0
23.6500000000002,7809.625805029275,0.0,0.0,184.8742244503615,0.0,0.0,-11.340395684212194,0.0,0.0
23.700000000000202,7818.869516251793,0.0,0.0,184.30744448770807,0.0,0.0,-11.329109574833067,0.0,0.0
23.750000000000203,7828.084888476179,0.0,0.0,183.74122760063588,0.0,0.0,-11.317889428345584,0.0,0.0
23.800000000000203,7837.27194985621,0.0,0.0,183.175570497652,0.0,0.0,-11.306734839540677,0.0,0.0
23.850000000000204,7846.430728381093,0.0,0.0,182.6104699074698,0.0,0.0,-11.29564540644142,0.0,0.0
23.900000000000205,7855.561251876467,0.0,0.0,182.045922578848,0.0,0.0,-11.28462073027348,0.0,0.0
23.950000000000205,7864.663548005409,0.0,0.0,181.48192528043103,0.0,0.0,-11.273660415435934,0.0,0.0
24.000000000000206,7873.73764426943,0.0,0.0,180.9184748005908,0.0,0.0,-11.262764069472386,0.0,0.0
24.050000000000207,7882.78356800946,0.0,0.0,180.35556794726992,0.0,0.0,-11.251931303042403,0.0,0.0
24.100000000000207,7891.8013464068235,0.0,0.0,179.79320154782653,0.0,0.0,-11.241161729893259,0.0,0.0
24.150000000000208,7900.791006484215,0.0,0.0,179.2313724488803,0.0,0.0,-11.230454966832003,0.0,0.0
24.20000000000021,7909.75257510666,0.0,0.0,178.67007751615992,0.0,0.0,-11.219810633697817,0.0,0.0
24.25000000000021,7918.686078982467,0.0,0.0,178.10931363435193,0.0,0.0,-11.209228353334678,0.0,0.0
24.30000000000021,7927.591544664184,0.0,0.0,177.54907770695107,0.0,0.0,-11.198707751564315,0.0,0.0
24.35000000000021,7936.468998549531,0.0,0.0,176.98936665611168,0.0,0.0,-11.188248457159487,0.0,0.0
24.40000000000021,7945.318466882337,0.0,0.0,176.43017742250078,0.0,0.0,-11.17785010181749,0.0,0.0
24.450000000000212,7954.139975753463,0.0,0.0,175.87150696515212,0.0,0.0,-11.167512320134014,0.0,0.0
24.500000000000213,7962.933551101721,0.0,0.0,175.31335226132182,0.0,0.0,-11.15723474957726,0.0,0.0
24.550000000000214,7971.699218714787,0.0,0.0,174.75571030634515,0.0,0.0,-11.147017030462306,0.0,0.0
24.600000000000215,7980.437004230104,0.0,0.0,174.1985781134946,0.0,0.0,-11.13685880592581,0.0,0.0
24.650000000000215,7989.146933135779,0.0,0.0,173.6419527138392,0.0,0.0,-11.126759721900932,0.0,0.0
24.700000000000216,7997.8290307714715,0.0,0.0,173.0858311561053,0.0,0.0,-11.116719427092537,0.0,0.0
24.750000000000217,8006.483322329276,0.0,0.0,172.5302105065381,0.0,0.0,-11.106737572952712,0.0,0.0
24.800000000000217,8015.109832854602,0.0,0.0,171.97508784876504,0.0,0.0,-11.096813813656452,0.0,0.0
24.850000000000218,8023.708587247041,0.0,0.0,171.42046028365976,0.0,0.0,-11.08694780607771,0.0,0.0
24.90000000000022,8032.279610261224,0.0,0.0,170.86632492920776,0.0,0.0,-11.07713920976561,0.0,0.0
24.95000000000022,8040.822926507683,0.0,0.0,170.31267892037297,0.0,0.0,-11.067387686921004,0.0,0.0
25.00000000000022,8049.3385604537025,0.0,0.0,169.7595194089656,0.0,0.0,-11.057692902373176,0.0,0.0
25.05000000000022,8057.8265364241515,0.0,0.0,169.20684356351097,0.0,0.0,-11.04805452355691,0.0,0.0
25.10000000000022,8066.286878602327,0.0,0.0,168.65464856911984,0.0,0.0,-11.038472220489702,0.0,0.0
25.150000000000222,8074.719611030784,0.0,0.0,168.10293162735954,0.0,0.0,-11.028945665749264,0.0,0.0
25.200000000000223,8083.124757612152,0.0,0.0,167.5516899561263,0.0,0.0,-11.019474534451255,0.0,0.0
25.250000000000224,8091.502342109959,0.0,0.0,167.0009207895188,0.0,0.0,-11.010058504227265,0.0,0.0
25.300000000000225,8099.852388149434,0.0,0.0,166.45062137771274,0.0,0.0,-11.000697255202983,0.0,0.0
25.350000000000225,8108.174919218319,0.0,0.0,165.90078898683643,0.0,0.0,-10.991390469976665,0.0,0.0
25.400000000000226,8116.469958667661,0.0,0.0,165.35142089884766,0.0,0.0,-10.982137833597776,0.0,0.0
25.450000000000227,8124.737529712603,0.0,0.0,164.80251441141138,0.0,0.0,-10.97293903354586,0.0,0.0
25.500000000000227,8132.977655433174,0.0,0.0,164.2540668377786,0.0,0.0,-10.963793759709676,0.0,0.0
25.550000000000228,8141.190358775063,0.0,0.0,163.70607550666622,0.0,0.0,-10.954701704366496,0.0,0.0
25.60000000000023,8149.375662550397,0.0,0.0,163.1585377621381,0.0,0.0,-10.945662562161662,0.0,0.0
25.65000000000023,8157.533589438503,0.0,0.0,162.61145096348687,0.0,0.0,-10.936676030088334,0.0,0.0
25.70000000000023,8165.664161986678,0.0,0.0,162.06481248511687,0.0,0.0,-10.927741807467465,0.0,0.0
25.75000000000023,8173.7674026109335,0.0,0.0,161.5186197164282,0.0,0.0,-10.918859595927977,0.0,0.0
25.80000000000023,8181.843333596756,0.0,0.0,160.97287006170154,0.0,0.0,-10.910029099387135,0.0,0.0
25.850000000000232,8189.891977099841,0.0,0.0,160.4275609399842,0.0,0.0,-10.901250024031153,0.0,0.0
25.900000000000233,8197.91335514684,0.0,0.0,159.88268978497686,0.0,0.0,-10.892522078295965,0.0,0.0
25.950000000000234,8205.90748963609,0.0,0.0,159.3382540449215,0.0,0.0,-10.883844972848236,0.0,0.0
26.000000000000234,8213.874402338337,0.0,0.0,158.79425118249014,0.0,0.0,-10.875218420566533,0.0,0.0
26.050000000000235,8221.814114897461,0.0,0.0,158.25067867467456,0.0,0.0,-10.866642136522719,0.0,0.0
26.100000000000236,8229.726648831194,0.0,0.0,157.70753401267697,0.0,0.0,-10.858115837963517,0.0,0.0
26.150000000000237,8237.612025531827,0.0,0.0,157.16481470180156,0.0,0.0,-10.849639244292277,0.0,0.0
26.200000000000237,8245.470266266919,0.0,0.0,156.62251826134698,0.0,0.0,-10.841212077050956,0.0,0.0
26.250000000000238,8253.301392179987,0.0,0.0,156.08064222449974,0.0,0.0,-10.832834059902218,0.0,0.0
26.30000000000024,8261.10542429121,0.0,0.0,155.53918413822842,0.0,0.0,-10.824504918611789,0.0,0.0
26.35000000000024,8268.882383498123,0.0,0.0,154.99814156317885,0.0,0.0,-10.816224381030946,0.0,0.0
26.40000000000024,8276.632290576283,0.0,0.0,154.4575120735701,0.0,0.0,-10.807992177079221,0.0,0.0
26.45000000000024,8284.355166179961,0.0,0.0,153.91729325709136,0.0,0.0,-10.799808038727242,0.0,0.0
26.50000000000024,8292.051030842817,0.0,0.0,153.37748271479975,0.0,0.0,-10.79167169997979,0.0,0.0
26.550000000000242,8299.719904978556,0.0,0.0,152.8380780610188,0.0,0.0,-10.78358289685901,0.0,0.0
26.600000000000243,8307.361808881607,0.0,0.0,152.29907692323786,0.0,0.0,-10.775541367387792,0.0,0.0
26.650000000000244,8314.976762727769,0.0,0.0,151.76047694201245,0.0,0.0,-10.76754685157332,0.0,0.0
26.700000000000244,8322.564786574869,0.0,0.0,151.2222757708652,0.0,0.0,-10.759599091390816,0.0,0.0
26.750000000000245,8330.125900363411,0.0,0.0,150.68447107618775,0.0,0.0,-10.751697830767403,0.0,0.0
26.800000000000246,8337.66012391722,0.0,0.0,150.1470605371435,0.0,0.0,-10.743842815566179,0.0,0.0
26.850000000000247,8345.167476944076,0.0,0.0,149.61004184557095,0.0,0.0,-10.736033793570412,0.0,0.0
26.900000000000247,8352.647979036356,0.0,0.0,149.0734127058881,0.0,0.0,-10.728270514467933,0.0,0.0
26.950000000000248,8360.101649671651,0.0,0.0,148.53717083499737,0.0,0.0,-10.720552729835655,0.0,0.0
27.00000000000025,8367.5285082134,0.0,0.0,148.00131396219143,0.0,0.0,-10.712880193124276,0.0,0.0
27.05000000000025,8374.928573911508,0.0,0.0,147.46583982905983,0.0,0.0,-10.705252659643126,0.0,0.0
27.10000000000025,8382.301865902962,0.0,0.0,146.93074618939625,0.0,0.0,-10.69766988654514,0.0,0.0
27.15000000000025,8389.648403212432,0.0,0.0,146.39603080910655,0.0,0.0,-10.690131632812042,0.0,0.0
27.20000000000025,8396.968204752888,0.0,0.0,145.8616914661177,0.0,0.0,-10.682637659239633,0.0,0.0
27.250000000000252,8404.261289326194,0.0,0.0,145.32772595028717,0.0,0.0,-10.675187728423218,0.0,0.0
27.300000000000253,8411.527675623707,0.0,0.0,144.79413206331333,0.0,0.0,-10.667781604743238,0.0,0.0
27.350000000000254,8418.767382226873,0.0,0.0,144.26090761864634,0.0,0.0,-10.660419054350985,0.0,0.0
27.400000000000254,8425.980427607807,0.0,0.0,143.7280504413999,0.0,0.0,-10.653099845154484,0.0,0.0
27.450000000000255,8433.166830129878,0.0,0.0,143.19555836826356,0.0,0.0,-10.645823746804533,0.0,0.0
27.500000000000256,8440.32660804829,0.0,0.0,142.66342924741602,0.0,0.0,-10.638590530680851,0.0,0.0
27.550000000000257,8447.45977951066,0.0,0.0,142.13166093843864,0.0,0.0,-10.631399969878403,0.0,0.0
27.600000000000257,8454.566362557583,0.0,0.0,141.6002513122301,0.0,0.0,-10.624251839193807,0.0,0.0
27.650000000000258,8461.646375123197,0.0,0.0,141.06919825092154,0.0,0.0,-10.617145915111943,0.0,0.0
27.70000000000026,8468.699835035743,0.0,0.0,140.53849964779224,0.0,0.0,-10.610081975792644,0.0,0.0
27.75000000000026,8475.726760018133,0.0,0.0,140.00815340718617,0.0,0.0,-10.60305980105755,0.0,0.0
27.80000000000026,8482.727167688492,0.0,0.0,139.47815744442917,0.0,0.0,-10.596079172377062,0.0,0.0
27.85000000000026,8489.701075560715,0.0,0.0,138.94850968574667,0.0,0.0,-10.589139872857467,0.0,0.0
27.90000000000026,8496.648501045001,0.0,0.0,138.4192080681821,0.0,0.0,-10.582241687228159,0.0,0.0
27.950000000000262,8503.56946144841,0.0,0.0,137.89025053951593,0.0,0.0,-10.575384401828998,0.0,0.0
28.000000000000263,8510.463973975384,0.0,0.0,137.3616350581855,0.0,0.0,-10.568567804597794,0.0,0.0
28.050000000000264,8517.332055728293,0.0,0.0,136.83335959320513,0.0,0.0,-10.56179168505792,0.0,0.0
28.100000000000264,8524.173723707954,0.0,0.0,136.30542212408716,0.0,0.0,-10.555055834306023,0.0,0.0
28.150000000000265,8530.988994814157,0.0,0.0,135.7778206407635,0.0,0.0,-10.548360044999905,0.0,0.0
28.200000000000266,8537.777885846197,0.0,0.0,135.25055314350774,0.0,0.0,-10.541704111346476,0.0,0.0
28.250000000000266,8544.540413503371,0.0,0.0,134.72361764285787,0.0,0.0,-10.535087829089845,0.0,0.0
28.300000000000267,8551.276594385516,0.0,0.0,134.19701215953967,0.0,0.0,-10.52851099549954,0.0,0.0
28.350000000000268,8557.986444993494,0.0,0.0,133.67073472439063,0.0,0.0,-10.521973409358818,0.0,0.0
28.40000000000027,8564.669981729712,0.0,0.0,133.14478337828442,0.0,0.0,-10.51547487095312,0.0,0.0
28.45000000000027,8571.327220898627,0.0,0.0,132.619156172056,0.0,0.0,-10.509015182058612,0.0,0.0
28.50000000000027,8577.958178707231,0.0,0.0,132.09385116642724,0.0,0.0,-10.502594145930855,0.0,0.0
28.55000000000027,8584.562871265553,0.0,0.0,131.56886643193323,0.0,0.0,-10.496211567293587,0.0,0.0
28.60000000000027,8591.141314587148,0.0,0.0,131.04420004884892,0.0,0.0,-10.4898672523276,0.0,0.0
28.650000000000272,8597.693524589591,0.0,0.0,130.51985010711658,0.0,0.0,-10.483561008659754,0.0,0.0
28.700000000000273,8604.219517094945,0.0,0.0,129.9958147062736,0.0,0.0,-10.477292645352058,0.0,0.0
28.750000000000274,8610.719307830259,0.0,0.0,129.47209195538093,0.0,0.0,-10.471061972890908,0.0,0.0
28.800000000000274,8617.192912428029,0.0,0.0,128.94867997295208,0.0,0.0,-10.464868803176383,0.0,0.0
28.850000000000275,8623.640346426677,0.0,0.0,128.4255768868825,0.0,0.0,-10.458712949511666,0.0,0.0
28.900000000000276,8630.06162527102,0.0,0.0,127.9027808343798,0.0,0.0,-10.45259422659259,0.0,0.0
28.950000000000276,8636.456764312741,0.0,0.0,127.38028996189405,0.0,0.0,-10.446512450497238,0.0,0.0
29.000000000000277,8642.825778810835,0.0,0.0,126.85810242504904,0.0,0.0,-10.440467438675693,0.0,0.0
29.050000000000278,8649.168683932086,0.0,0.0,126.33621638857372,0.0,0.0,-10.434459009939856,0.0,0.0
29.10000000000028,8655.485494751516,0.0,0.0,125.81463002623435,0.0,0.0,-10.428486984453365,0.0,0.0
29.15000000000028,8661.776226252827,0.0,0.0,125.29334152076707,0.0,0.0,-10.422551183721636,0.0,0.0
29.20000000000028,8668.040893328864,0.0,0.0,124.77234906381094,0.0,0.0,-10.41665143058198,0.0,0.0
29.25000000000028,8674.279510782053,0.0,0.0,124.25165085584152,0.0,0.0,-10.41078754919382,0.0,0.0
29.30000000000028,8680.492093324847,0.0,0.0,123.73124510610496,0.0,0.0,-10.404959365029002,0.0,0.0
29.350000000000282,8686.678655580152,0.0,0.0,123.21113003255252,0.0,0.0,-10.399166704862205,0.0,0.0
29.400000000000283,8692.83921208178,0.0,0.0,122.69130386177555,0.0,0.0,-10.393409396761442,0.0,0.0
29.450000000000284,8698.97377727487,0.0,0.0,122.17176482894106,0.0,0.0,-10.387687270078649,0.0,0.0
29.500000000000284,8705.082365516319,0.0,0.0,121.65251117772759,0.0,0.0,-10.382000155440377,0.0,0.0
29.550000000000285,8711.164991075206,0.0,0.0,121.1335411602617,0.0,0.0,-10.37634788473856,0.0,0.0
29.600000000000286,8717.221668133217,0.0,0.0,120.61485303705481,0.0,0.0,-10.370730291121376,0.0,0.0
29.650000000000286,8723.25241078507,0.0,0.0,120.09644507694058,0.0,0.0,-10.365147208984201,0.0,0.0
29.700000000000287,8729.257233038916,0.0,0.0,119.57831555701266,0.0,0.0,-10.35959847396065,0.0,0.0
29.750000000000288,8735.236148816766,0.0,0.0,119.06046276256293,0.0,0.0,-10.3540839229137,0.0,0.0
29.80000000000029,8741.189171954895,0.0,0.0,118.54288498702022,0.0,0.0,-10.348603393926902,0.0,0.0
29.85000000000029,8747.116316204247,0.0,0.0,118.02558053188937,0.0,0.0,-10.343156726295678,0.0,0.0
29.90000000000029,8753.017595230842,0.0,0.0,117.50854770669083,0.0,0.0,-10.337743760518697,0.0,0.0
29.95000000000029,8758.893022616176,0.0,0.0,116.9917848289006,0.0,0.0,-10.332364338289345,0.0,0.0
30.00000000000029,8764.742611857622,0.0,0.0,116.47529022389067,0.0,0.0,-10.327018302487266,0.0,0.0
30.050000000000292,8770.566376368817,0.0,0.0,115.95906222486978,0.0,0.0,-10.32170549716999,0.0,0.0
30.100000000000293,8776.36432948006,0.0,0.0,115.44309917282479,0.0,0.0,-10.316425767564636,0.0,0.0
30.150000000000293,8782.136484438703,0.0,0.0,114.92739941646218,0.0,0.0,-10.311178960059706,0.0,0.0
30.200000000000294,8787.882854409527,0.0,0.0,114.41196131215023,0.0,0.0,-10.305964922196948,0.0,0.0
30.250000000000295,8793.603452475134,0.0,0.0,113.89678322386145,0.0,0.0,-10.300783502663295,0.0,0.0
30.300000000000296,8799.298291636325,0.0,0.0,113.38186352311547,0.0,0.0,-10.295634551282904,0.0,0.0
30.350000000000296,8804.96738481248,0.0,0.0,112.86720058892229,0.0,0.0,-10.29051791900923,0.0,0.0
30.400000000000297,8810.610744841928,0.0,0.0,112.35279280772595,0.0,0.0,-10.285433457917222,0.0,0.0
30.450000000000298,8816.228384482314,0.0,0.0,111.83863857334859,0.0,0.0,-10.280381021195556,0.0,0.0
30.5000000000003,8821.82031641098,0.0,0.0,111.3247362869349,0.0,0.0,-10.275360463138972,0.0,0.0
30.5500000000003,8827.386553225326,0.0,0.0,110.8110843568969,0.0,0.0,-10.270371639140661,0.0,0.0
30.6000000000003,8832.92710744317,0.0,0.0,110.29768119885922,0.0,0.0,-10.265414405684743,0.0,0.0
30.6500000000003,8838.441991503114,0.0,0.0,109.7845252356046,0.0,0.0,-10.260488620338801,0.0,0.0
30.7000000000003,8843.931217764894,0.0,0.0,109.27161489701989,0.0,0.0,-10.255594141746515,0.0,0.0
30.750000000000302,8849.394798509744,0.0,0.0,108.7589486200423,0.0,0.0,-10.25073082962031,0.0,0.0
30.800000000000303,8854.832745940745,0.0,0.0,108.24652484860621,0.0,0.0,-10.24589854473415,0.0,0.0
30.850000000000303,8860.245072183174,0.0,0.0,107.73434203359007,0.0,0.0,-10.241097148916339,0.0,0.0
30.900000000000304,8865.631789284853,0.0,0.0,107.22239863276387,0.0,0.0,-10.23632650504242,0.0,0.0
30.950000000000305,8870.99290921649,0.0,0.0,106.71069311073691,0.0,0.0,-10.231586477028143,0.0,0.0
31.000000000000306,8876.328443872026,0.0,0.0,106.19922393890587,0.0,0.0,-10.226876929822478,0.0,0.0
31.050000000000306,8881.63840506897,0.0,0.0,105.68798959540328,0.0,0.0,-10.22219772940072,0.0,0.0
31.100000000000307,8886.92280454874,0.0,0.0,105.1769885650463,0.0,0.0,-10.21754874275766,0.0,0.0
31.150000000000308,8892.181653976993,0.0,0.0,104.66621933928589,0.0,0.0,-10.212929837900786,0.0,0.0
31.20000000000031,8897.414964943957,0.0,0.0,104.15568041615624,0.0,0.0,-10.208340883843602,0.0,0.0
31.25000000000031,8902.622748964764,0.0,0.0,103.64537030022464,0.0,0.0,-10.203781750598965,0.0,0.0
31.30000000000031,8907.805017479775,0.0,0.0,103.13528750254156,0.0,0.0,-10.199252309172515,0.0,0.0
31.35000000000031,8912.961781854901,0.0,0.0,102.62543054059115,0.0,0.0,-10.194752431556148,0.0,0.0
31.40000000000031,8918.09305338193,0.0,0.0,102.11579793824204,0.0,0.0,-10.190281990721576,0.0,0.0
31.450000000000312,8923.198843278842,0.0,0.0,101.60638822569842,0.0,0.0,-10.185840860613911,0.0,0.0
31.500000000000313,8928.279162690127,0.0,0.0,101.09719993945151,0.0,0.0,-10.181428916145357,0.0,0.0
31.550000000000313,8933.3340226871,0.0,0.0,100.58823162223132,0.0,0.0,-10.17704603318892,0.0,0.0
31.600000000000314,8938.363434268213,0.0,0.0,100.07948182295866,0.0,0.0,-10.172692088572205,0.0,0.0
31.650000000000315,8943.367408359361,0.0,0.0,99.57094909669753,0.0,0.0,-10.16836696007126,0.0,0.0
31.700000000000315,8948.345955814195,0.0,0.0,99.06263200460786,0.0,0.0,-10.164070526404492,0.0,0.0
31.750000000000316,8953.299087414427,0.0,0.0,98.55452911389841,0.0,0.0,-10.159802667226622,0.0,0.0
31.800000000000317,8958.226813870122,0.0,0.0,98.04663899778008,0.0,0.0,-10.1555632631227,0.0,0.0
31.850000000000318,8963.12914582001,0.0,0.0,97.5389602354195,0.0,0.0,-10.151352195602215,0.0,0.0
31.90000000000032,8968.00609383178,0.0,0.0,97.0314914118929,0.0,0.0,-10.147169347093202,0.0,0.0
31.95000000000032,8972.857668402376,0.0,0.0,96.52423111814029,0.0,0.0,-10.143014600936445,0.0,0.0
32.00000000000032,8977.683879958284,0.0,0.0,96.01717795091989,0.0,0.0,-10.13888784137974,0.0,0.0
32.05000000000032,8982.48473885583,0.0,0.0,95.5103305127629,0.0,0.0,-10.134788953572173,0.0,0.0
32.100000000000314,8987.260255381469,0.0,0.0,95.00368741192852,0.0,0.0,-10.1307178235585,0.0,0.0
32.15000000000031,8992.010439752066,0.0,0.0,94.49724726235925,0.0,0.0,-10.126674338273551,0.0,0.0
32.20000000000031,8996.735302115183,0.0,0.0,93.99100868363648,0.0,0.0,-10.122658385536694,0.0,0.0
32.250000000000306,9001.434852549366,0.0,0.0,93.48497030093637,0.0,0.0,-10.118669854046367,0.0,0.0
32.3000000000003,9006.109101064412,0.0,0.0,92.97913074498597,0.0,0.0,-10.114708633374638,0.0,0.0
32.3500000000003,9010.758057601663,0.0,0.0,92.47348865201961,0.0,0.0,-10.110774613961832,0.0,0.0
32.4000000000003,9015.381732034264,0.0,0.0,91.96804266373562,0.0,0.0,-10.106867687111212,0.0,0.0
32.450000000000294,9019.98013416745,0.0,0.0,91.46279142725324,0.0,0.0,-10.102987744983706,0.0,0.0
32.50000000000029,9024.553273738813,0.0,0.0,90.95773359506981,0.0,0.0,-10.099134680592682,0.0,0.0
32.55000000000029,9029.101160418566,0.0,0.0,90.45286782501827,0.0,0.0,-10.095308387798777,0.0,0.0
32.600000000000286,9033.623803809816,0.0,0.0,89.94819278022486,0.0,0.0,-10.091508761304777,0.0,0.0
32.65000000000028,9038.121213448827,0.0,0.0,89.44370712906708,0.0,0.0,-10.087735696650551,0.0,0.0
32.70000000000028,9042.593398805282,0.0,0.0,88.93940954513195,0.0,0.0,-10.083989090208023,0.0,0.0
32.75000000000028,9047.040369282538,0.0,0.0,88.43529870717448,0.0,0.0,-10.080268839176188,0.0,0.0
32.800000000000274,9051.462134217898,0.0,0.0,87.93137329907638,0.0,0.0,-10.076574841576209,0.0,0.0
32.85000000000027,9055.858702882852,0.0,0.0,87.42763200980505,0.0,0.0,-10.072906996246509,0.0,0.0
32.90000000000027,9060.23008448334,0.0,0.0,86.92407353337278,0.0,0.0,-10.069265202837974,0.0,0.0
32.950000000000266,9064.57628816001,0.0,0.0,86.42069656879622,0.0,0.0,-10.06564936180914,0.0,0.0
33.00000000000026,9068.89732298845,0.0,0.0,85.91749982005608,0.0,0.0,-10.062059374421466,0.0,0.0
33.05000000000026,9073.193197979454,0.0,0.0,85.41448199605705,0.0,0.0,-10.058495142734646,0.0,0.0
33.10000000000026,9077.463922079256,0.0,0.0,84.91164181058795,0.0,0.0,-10.054956569601961,0.0,0.0
33.150000000000254,9081.709504169787,0.0,0.0,84.40897798228215,0.0,0.0,-10.051443558665675,0.0,0.0
33.20000000000025,9085.929953068902,0.0,0.0,83.9064892345782,0.0,0.0,-10.047956014352474,0.0,0.0
33.25000000000025,9090.125277530631,0.0,0.0,83.40417429568066,0.0,0.0,-10.044493841868972,0.0,0.0
33.300000000000246,9094.295486245413,0.0,0.0,82.90203189852119,0.0,0.0,-10.041056947197228,0.0,0.0
33.35000000000024,9098.440587840341,0.0,0.0,82.40006078071984,0.0,0.0,-10.037645237090327,0.0,0.0
33.40000000000024,9102.560590879377,0.0,0.0,81.89825968454659,0.0,0.0,-10.034258619067996,0.0,0.0
33.45000000000024,9106.655503863603,0.0,0.0,81.39662735688307,0.0,0.0,-10.03089700141228,0.0,0.0
33.500000000000234,9110.725335231447,0.0,0.0,80.89516254918453,0.0,0.0,-10.027560293163232,0.0,0.0
33.55000000000023,9114.770093358908,0.0,0.0,80.39386401744198,0.0,0.0,-10.024248404114658,0.0,0.0
33.60000000000023,9118.78978655978,0.0,0.0,79.89273052214463,0.0,0.0,-10.020961244809932,0.0,0.0
33.650000000000226,9122.784423085886,0.0,0.0,79.3917608282424,0.0,0.0,-10.017698726537795,0.0,0.0
33.70000000000022,9126.754011127297,0.0,0.0,78.89095370510879,0.0,0.0,-10.014460761328248,0.0,0.0
33.75000000000022,9130.698558812554,0.0,0.0,78.39030792650384,0.0,0.0,-10.011247261948455,0.0,0.0
33.80000000000022,9134.61807420888,0.0,0.0,77.88982227053737,0.0,0.0,-10.008058141898703,0.0,0.0
33.850000000000215,9138.512565322406,0.0,0.0,77.38949551963236,0.0,0.0,-10.004893315408378,0.0,0.0
33.90000000000021,9142.382040098386,0.0,0.0,76.88932646048858,0.0,0.0,-10.001752697432035,0.0,0.0
33.95000000000021,9146.226506421412,0.0,0.0,76.38931388404637,0.0,0.0,-9.998636203645432,0.0,0.0
34.000000000000206,9150.045972115615,0.0,0.0,75.8894565854507,0.0,0.0,-9.99554375044166,0.0,0.0
34.0500000000002,9153.840444944886,0.0,0.0,75.38975336401529,0.0,0.0,-9.992475254927294,0.0,0.0
34.1000000000002,9157.609932613086,0.0,0.0,74.89020302318706,0.0,0.0,-9.989430634918577,0.0,0.0
34.1500000000002,9161.354442764245,0.0,0.0,74.39080437051066,0.0,0.0,-9.986409808937653,0.0,0.0
34.200000000000195,9165.073982982769,0.0,0.0,73.8915562175933,0.0,0.0,-9.983412696208827,0.0,0.0
34.25000000000019,9168.768560793647,0.0,0.0,73.39245738006963,0.0,0.0,-9.980439216654878,0.0,0.0
34.30000000000019,9172.438183662653,0.0,0.0,72.89350667756692,0.0,0.0,-9.977489290893375,0.0,0.0
34.350000000000186,9176.082858996531,0.0,0.0,72.39470293367036,0.0,0.0,-9.97456284023309,0.0,0.0
34.40000000000018,9179.702594143215,0.0,0.0,71.89604497588859,0.0,0.0,-9.971659786670381,0.0,0.0
34.45000000000018,9183.297396392009,0.0,0.0,71.39753163561933,0.0,0.0,-9.968780052885657,0.0,0.0
34.50000000000018,9186.867272973788,0.0,0.0,70.89916174811529,0.0,0.0,-9.965923562239862,0.0,0.0
34.550000000000175,9190.412231061193,0.0,0.0,70.40093415245013,0.0,0.0,-9.963090238770999,0.0,0.0
34.60000000000017,9193.932277768814,0.0,0.0,69.90284769148475,0.0,0.0,-9.960280007190683,0.0,0.0
34.65000000000017,9197.427420153388,0.0,0.0,69.40490121183359,0.0,0.0,-9.957492792880739,0.0,0.0
34.700000000000166,9200.897665213979,0.0,0.0,68.90709356383121,0.0,0.0,-9.954728521889823,0.0,0.0
34.75000000000016,9204.34301989217,0.0,0.0,68.409423601499,0.0,0.0,-9.95198712093009,0.0,0.0
34.80000000000016,9207.763491072245,0.0,0.0,67.91189018251205,0.0,0.0,-9.9492685173739,0.0,0.0
34.85000000000016,9211.15908558137,0.0,0.0,67.4144921681662,0.0,0.0,-9.946572639250531,0.0,0.0
34.900000000000155,9214.529810189779,0.0,0.0,66.91722842334526,0.0,0.0,-9.943899415242948,0.0,0.0
34.95000000000015,9217.875671610946,0.0,0.0,66.42009781648834,0.0,0.0,-9.941248774684627,0.0,0.0
35.00000000000015,9221.196676501771,0.0,0.0,65.9230992195574,0.0,0.0,-9.938620647556347,0.0,0.0
35.050000000000146,9224.49283146275,0.0,0.0,65.42623150800496,0.0,0.0,-9.936014964483089,0.0,0.0
35.10000000000014,9227.764143038152,0.0,0.0,64.9294935607419,0.0,0.0,-9.93343165673091,0.0,0.0
35.15000000000014,9231.01061771619,0.0,0.0,64.43288426010547,0.0,0.0,-9.9308706562039,0.0,0.0
35.20000000000014,9234.232261929195,0.0,0.0,63.93640249182744,0.0,0.0,-9.928331895441119,0.0,0.0
35.250000000000135,9237.429082053786,0.0,0.0,63.440047145002396,0.0,0.0,-9.92581530761361,0.0,0.0
35.30000000000013,9240.601084411035,0.0,0.0,62.94381711205621,0.0,0.0,-9.923320826521419,0.0,0.0
35.35000000000013,9243.748275266636,0.0,0.0,62.44771128871461,0.0,0.0,-9.920848386590658,0.0,0.0
35.40000000000013,9246.870660831071,0.0,0.0,61.95172857397193,0.0,0.0,-9.918397922870597,0.0,0.0
35.450000000000124,9249.96824725977,0.0,0.0,61.45586787006001,0.0,0.0,-9.91596937103077,0.0,0.0
35.50000000000012,9253.041040653272,0.0,0.0,60.96012808241723,0.0,0.0,-9.913562667358159,0.0,0.0
35.55000000000012,9256.089047057394,0.0,0.0,60.464508119657665,0.0,0.0,-9.911177748754348,0.0,0.0
35.600000000000115,9259.112272463375,0.0,0.0,59.969006893540424,0.0,0.0,-9.908814552732748,0.0,0.0
35.65000000000011,9262.110722808051,0.0,0.0,59.473623318939076,0.0,0.0,-9.906473017415854,0.0,0.0
35.70000000000011,9265.084403973997,0.0,0.0,58.978356313811275,0.0,0.0,-9.904153081532497,0.0,0.0
35.75000000000011,9268.033321789688,0.0,0.0,58.48320479916845,0.0,0.0,-9.901854684415161,0.0,0.0
35.800000000000104,9270.957482029648,0.0,0.0,57.98816769904569,0.0,0.0,-9.899577765997318,0.0,0.0
35.8500000000001,9273.856890414601,0.0,0.0,57.493243940471736,0.0,0.0,-9.897322266810793,0.0,0.0
35.9000000000001,9276.731552611625,0.0,0.0,56.998432453439094,0.0,0.0,-9.895088127983152,0.0,0.0
35.950000000000095,9279.5814742343,0.0,0.0,56.503732170874294,0.0,0.0,-9.892875291235129,0.0,0.0
36.00000000000009,9282.406660842844,0.0,0.0,56.00914202860829,0.0,0.0,-9.890683698878066,0.0,0.0
36.05000000000009,9285.207117944276,0.0,0.0,55.514660965346934,0.0,0.0,-9.88851329381141,0.0,0.0
36.10000000000009,9287.982850992543,0.0,0.0,55.02028792264166,0.0,0.0,-9.88636401952021,0.0,0.0
36.150000000000084,9290.733865388676,0.0,0.0,54.52602184486018,0.0,0.0,-9.88423582007265,0.0,0.0
36.20000000000008,9293.46016648092,0.0,0.0,54.03186167915745,0.0,0.0,-9.882128640117635,0.0,0.0
36.25000000000008,9296.161759564879,0.0,0.0,53.53780637544659,0.0,0.0,-9.880042424882355,0.0,0.0
36.300000000000075,9298.838649883652,0.0,0.0,53.04385488637006,0.0,0.0,-9.877977120169918,0.0,0.0
36.35000000000007,9301.490842627969,0.0,0.0,52.550006167270894,0.0,0.0,-9.87593267235701,0.0,0.0
36.40000000000007,9304.118342936334,0.0,0.0,52.05625917616403,0.0,0.0,-9.873909028391557,0.0,0.0
36.45000000000007,9306.721155895142,0.0,0.0,51.56261287370784,0.0,0.0,-9.871906135790413,0.0,0.0
36.500000000000064,9309.299286538826,0.0,0.0,51.06906622317566,0.0,0.0,-9.869923942637127,0.0,0.0
36.55000000000006,9311.852739849986,0.0,0.0,50.575618190427534,0.0,0.0,-9.867962397579666,0.0,0.0
36.60000000000006,9314.381520759507,0.0,0.0,50.082267743882014,0.0,0.0,-9.866021449828214,0.0,0.0
36.650000000000055,9316.8856341467,0.0,0.0,49.58901385448809,0.0,0.0,-9.864101049152982,0.0,0.0
36.70000000000005,9319.365084839425,0.0,0.0,49.0958554956972,0.0,0.0,-9.862201145882032,0.0,0.0
36.75000000000005,9321.819877614209,0.0,0.0,48.60279164343542,0.0,0.0,-9.860321690899148,0.0,0.0
36.80000000000005,9324.25001719638,0.0,0.0,48.10982127607566,0.0,0.0,-9.858462635641734,0.0,0.0
36.850000000000044,9326.655508260184,0.0,0.0,47.61694337441005,0.0,0.0,-9.8566239320987,0.0,0.0
36.90000000000004,9329.036355428903,0.0,0.0,47.1241569216224,0.0,0.0,-9.85480553280843,0.0,0.0
36.95000000000004,9331.392563274985,0.0,0.0,46.63146090326073,0.0,0.0,-9.85300739085673,0.0,0.0
37.000000000000036,9333.724136320146,0.0,0.0,46.138854307209954,0.0,0.0,-9.851229459874832,0.0,0.0
37.05000000000003,9336.031079035507,0.0,0.0,45.646336123664646,0.0,0.0,-9.84947169403739,0.0,0.0
37.10000000000003,9338.313395841691,0.0,0.0,45.15390534510188,0.0,0.0,-9.84773404806054,0.0,0.0
37.15000000000003,9340.571091108945,0.0,0.0,44.66156096625421,0.0,0.0,-9.846016477199962,0.0,0.0
37.200000000000024,9342.804169157258,0.0,0.0,44.16930198408269,0.0,0.0,-9.844318937248957,0.0,0.0
37.25000000000002,9345.012634256462,0.0,0.0,43.677127397750084,0.0,0.0,-9.84264138453658,0.0,0.0
37.30000000000002,9347.19649062635,0.0,0.0,43.18503620859403,0.0,0.0,-9.84098377592577,0.0,0.0
37.350000000000016,9349.35574243678,0.0,0.0,42.693027420100435,0.0,0.0,-9.839346068811519,0.0,0.0
37.40000000000001,9351.490393807784,0.0,0.0,42.201100037876884,0.0,0.0,-9.837728221119047,0.0,0.0
37.45000000000001,9353.600448809677,0.0,0.0,41.70925306962615,0.0,0.0,-9.83613019130204,0.0,0.0
37.50000000000001,9355.685911463159,0.0,0.0,41.217485525119805,0.0,0.0,-9.834551938340853,0.0,0.0
37.550000000000004,9357.746785739415,0.0,0.0,40.72579641617192,0.0,0.0,-9.832993421740813,0.0,0.0
37.6,9359.783075560223,0.0,0.0,40.234184756612834,0.0,0.0,-9.831454601530455,0.0,0.0
37.65,9361.794784798054,0.0,0.0,39.74264956226303,0.0,0.0,-9.829935438259861,0.0,0.0
37.699999999999996,9363.781917276166,0.0,0.0,39.25118985090709,0.0,0.0,-9.828435892998995,0.0,0.0
37.74999999999999,9365.744476768712,0.0,0.0,38.759804642267696,0.0,0.0,-9.826955927336016,0.0,0.0
37.79999999999999,9367.682467000825,0.0,0.0,38.26849295797978,0.0,0.0,-9.825495503375723,0.0,0.0
37.84999999999999,9369.595891648725,0.0,0.0,37.77725382156471,0.0,0.0,-9.824054583737881,0.0,0.0
37.899999999999984,9371.484754339803,0.0,0.0,37.28608625840457,0.0,0.0,-9.822633131555705,0.0,0.0
37.94999999999998,9373.349058652722,0.0,0.0,36.7949892957165,0.0,0.0,-9.82123111047427,0.0,0.0
37.99999999999998,9375.18880811751,0.0,0.0,36.30396196252711,0.0,0.0,-9.819848484648995,0.0,0.0
38.049999999999976,9377.004006215637,0.0,0.0,35.81300328964706,0.0,0.0,-9.818485218744131,0.0,0.0
38.09999999999997,9378.79465638012,0.0,0.0,35.322112309645554,0.0,0.0,-9.817141277931277,0.0,0.0
38.14999999999997,9380.560761995603,0.0,0.0,34.83128805682506,0.0,0.0,-9.815816627887918,0.0,0.0
38.19999999999997,9382.302326398443,0.0,0.0,34.340529567196,0.0,0.0,-9.814511234795969,0.0,0.0
38.249999999999964,9384.019352876803,0.0,0.0,33.849835878451586,0.0,0.0,-9.813225065340388,0.0,0.0
38.29999999999996,9385.711844670725,0.0,0.0,33.35920602994265,0.0,0.0,-9.811958086707744,0.0,0.0
38.34999999999996,9387.37980497222,0.0,0.0,32.86863906265261,0.0,0.0,-9.81071026658486,0.0,0.0
38.399999999999956,9389.023236925354,0.0,0.0,32.3781340191725,0.0,0.0,-9.809481573157463,0.0,0.0
38.44999999999995,9390.642143626312,0.0,0.0,31.887689943675994,0.0,0.0,-9.808271975108847,0.0,0.0
38.49999999999995,9392.236528123496,0.0,0.0,31.397305881894592,0.0,0.0,-9.807081441618555,0.0,0.0
38.54999999999995,9393.806393417592,0.0,0.0,30.90698088109281,0.0,0.0,-9.805909942361108,0.0,0.0
38.599999999999945,9395.351742461648,0.0,0.0,30.41671399004346,0.0,0.0,-9.80475744750473,0.0,0.0
38.64999999999994,9396.87257816115,0.0,0.0,29.926504259002968,0.0,0.0,-9.803623927710099,0.0,0.0
38.69999999999994,9398.3689033741,0.0,0.0,29.4363507396868,0.0,0.0,-9.802509354129127,0.0,0.0
38.749999999999936,9399.840720911085,0.0,0.0,28.946252485244898,0.0,0.0,-9.801413698403763,0.0,0.0
38.79999999999993,9401.288033535347,0.0,0.0,28.456208550237196,0.0,0.0,-9.800336932664806,0.0,0.0
38.84999999999993,9402.710843962861,0.0,0.0,27.96621799060921,0.0,0.0,-9.799279029530739,0.0,0.0
38.89999999999993,9404.109154862392,0.0,0.0,27.47627986366766,0.0,0.0,-9.798239962106598,0.0,0.0
38.949999999999925,9405.482968855576,0.0,0.0,26.98639322805617,0.0,0.0,-9.797219703982854,0.0,0.0
38.99999999999992,9406.83228851698,0.0,0.0,26.496557143731003,0.0,0.0,-9.796218229234311,0.0,0.0
39.04999999999992,9408.157116374168,0.0,0.0,26.00677067193688,0.0,0.0,-9.795235512419026,0.0,0.0
39.099999999999916,9409.457454907766,0.0,0.0,25.517032875182814,0.0,0.0,-9.794271528577262,0.0,0.0
39.14999999999991,9410.733306551527,0.0,0.0,25.027342817218024,0.0,0.0,-9.793326253230441,0.0,0.0
39.19999999999991,9411.984673692386,0.0,0.0,24.537699563007898,0.0,0.0,-9.792399662380141,0.0,0.0
39.24999999999991,9413.211558670537,0.0,0.0,24.04810217871,0.0,0.0,-9.791491732507092,0.0,0.0
39.299999999999905,9414.413963779472,0.0,0.0,23.558549731650125,0.0,0.0,-9.790602440570199,0.0,0.0
39.3499999999999,9415.591891266056,0.0,0.0,23.0690412902984,0.0,0.0,-9.789731764005595,0.0,0.0
39.3999999999999,9416.74534333057,0.0,0.0,22.579575924245457,0.0,0.0,-9.788879680725712,0.0,0.0
39.449999999999896,9417.874322126783,0.0,0.0,22.090152704178614,0.0,0.0,-9.788046169118347,0.0,0.0
39.49999999999989,9418.978829761993,0.0,0.0,21.600770701858124,0.0,0.0,-9.787231208045784,0.0,0.0
39.54999999999989,9420.058868297085,0.0,0.0,21.111428990093472,0.0,0.0,-9.786434776843919,0.0,0.0
39.59999999999989,9421.11443974659,0.0,0.0,20.622126642719707,0.0,0.0,-9.785656855321408,0.0,0.0
39.649999999999885,9422.145546078726,0.0,0.0,20.132862734573813,0.0,0.0,-9.784897423758812,0.0,0.0
39.69999999999988,9423.152189215456,0.0,0.0,19.64363634147113,0.0,0.0,-9.784156462907813,0.0,0.0
39.74999999999988,9424.13437103253,0.0,0.0,19.154446540181805,0.0,0.0,-9.783433953990398,0.0,0.0
39.799999999999876,9425.09209335954,0.0,0.0,18.6652924084073,0.0,0.0,-9.782729878698099,0.0,0.0
39.84999999999987,9426.025357979961,0.0,0.0,18.17617302475692,0.0,0.0,-9.782044219191215,0.0,0.0
39.89999999999987,9426.9341666312,0.0,0.0,17.68708746872439,0.0,0.0,-9.781376958098107,0.0,0.0
39.94999999999987,9427.818521004636,0.0,0.0,17.198034820664454,0.0,0.0,-9.780728078514466,0.0,0.0
39.999999999999865,9428.67842274567,0.0,0.0,16.709014161769534,0.0,0.0,-9.780097564002594,0.0,0.0
40.04999999999986,9429.513873453758,0.0,0.0,16.220024574046402,0.0,0.0,-9.779485398590774,0.0,0.0
40.09999999999986,9430.324874682461,0.0,0.0,15.731065140292888,0.0,0.0,-9.778891566772582,0.0,0.0
40.14999999999986,9431.111427939475,0.0,0.0,15.242134944074637,0.0,0.0,-9.778316053506241,0.0,0.0
40.199999999999854,9431.873534686678,0.0,0.0,14.75323306970188,0.0,0.0,-9.777758844214038,0.0,0.0
40.24999999999985,9432.611196340164,0.0,0.0,14.264358602206237,0.0,0.0,-9.77721992478168,0.0,0.0
40.29999999999985,9433.324414270275,0.0,0.0,13.77551062731756,0.0,0.0,-9.77669928155774,0.0,0.0
40.349999999999845,9434.01318980164,0.0,0.0,13.286688231440804,0.0,0.0,-9.776196901353092,0.0,0.0
40.39999999999984,9434.677524213213,0.0,0.0,12.797890501632908,0.0,0.0,-9.775712771440373,0.0,0.0
40.44999999999984,9435.317418738294,0.0,0.0,12.309116525579725,0.0,0.0,-9.775246879553439,0.0,0.0
40.49999999999984,9435.932874564573,0.0,0.0,11.820365391572967,0.0,0.0,-9.774799213886881,0.0,0.0
40.549999999999834,9436.52389283415,0.0,0.0,11.331636188487176,0.0,0.0,-9.774369763095544,0.0,0.0
40.59999999999983,9437.090474643574,0.0,0.0,10.842928005756717,0.0,0.0,-9.773958516294025,0.0,0.0
40.64999999999983,9437.63262104386,0.0,0.0,10.3542399333528,0.0,0.0,-9.773565463056276,0.0,0.0
40.699999999999825,9438.150333040528,0.0,0.0,9.865571061760516,0.0,0.0,-9.773190593415139,0.0,0.0
40.74999999999982,9438.643611593616,0.0,0.0,9.376920481955906,0.0,0.0,-9.772833897861949,0.0,0.0
40.79999999999982,9439.112457617714,0.0,0.0,8.888287285383038,0.0,0.0,-9.772495367346135,0.0,0.0
40.84999999999982,9439.556871981982,0.0,0.0,8.399670563931103,0.0,0.0,-9.772174993274872,0.0,0.0
40.899999999999814,9439.97685551018,0.0,0.0,7.911069409911545,0.0,0.0,-9.771872767512699,0.0,0.0
40.94999999999981,9440.372408980675,0.0,0.0,7.4224829160351895,0.0,0.0,-9.771588682381196,0.0,0.0
40.99999999999981,9440.743533126475,0.0,0.0,6.933910175389399,0.0,0.0,-9.77132273065868,0.0,0.0
41.049999999999805,9441.090228635243,0.0,0.0,6.4453502814152435,0.0,0.0,-9.77107490557988,0.0,0.0
41.0999999999998,9441.412496149314,0.0,0.0,5.956802327884681,0.0,0.0,-9.770845200835694,0.0,0.0
41.1499999999998,9441.710336265707,0.0,0.0,5.4682654088777545,0.0,0.0,-9.770633610572906,0.0,0.0
41.1999999999998,9441.98374953615,0.0,0.0,4.979738618759803,0.0,0.0,-9.770440129393949,0.0,0.0
41.249999999999794,9442.23273646709,0.0,0.0,4.4912210521586795,0.0,0.0,-9.770264752356683,0.0,0.0
41.29999999999979,9442.457297519697,0.0,0.0,4.002711803941987,0.0,0.0,-9.770107474974202,0.0,0.0
41.34999999999979,9442.657433109893,0.0,0.0,3.5142099691943174,0.0,0.0,-9.769968293214633,0.0,0.0
41.399999999999785,9442.833143608354,0.0,0.0,3.025714643194502,0.0,0.0,-9.769847203500982,0.0,0.0
41.44999999999978,9442.984429340515,0.0,0.0,2.5372249213928715,0.0,0.0,-9.769744202710982,0.0,0.0
41.49999999999978,9443.111290586585,0.0,0.0,2.0487398993885217,0.0,0.0,-9.769659288176964,0.0,0.0
41.54999999999978,9443.213727581555,0.0,0.0,1.560258672906585,0.0,0.0,-9.769592457685738,0.0,0.0
41.599999999999774,9443.2917405152,0.0,0.0,1.071780337775508,0.0,0.0,-9.769543709478524,0.0,0.0
41.64999999999977,9443.34532953209,0.0,0.0,0.583303989904332,0.0,0.0,-9.769513042250853,0.0,0.0
41.69999999999977,9443.374494731586,0.0,0.0,0.0948287252599791,0.0,0.0,-9.769500455152537,0.0,0.0
41.749999999999766,9443.37923616785,0.0,0.0,-0.3936463601554614,0.0,0.0,-9.769505947787593,0.0,0.0
