time,pos_x,pos_y,pos_z,vel_x,vel_y,vel_z,accel_x,accel_y,accel_z,ang_pos_x,ang_pos_y,ang_pos_z,ang_vel_x,ang_vel_y,ang_vel_z,ang_accel_x,ang_accel_y,ang_accel_z
0,0.0,0.0,0.0,0.0,0.0,0.0,0.0,0.0,0.0,0.0,0.01,0.0,0.0,0.0,0.0,0.0,0.0,0.0
0.1,0.0,0.0,0.0,6.982324500635184,0.0,0.07799121748378007,83.78526576478336,0.0,0.9358682798388275,0.0,0.01,0.0,0.0,0.0,0.0,0.0,0.0,0.0
0.2,0.6982324500635184,0.0,0.007799121748378008,15.56521752230756,0.0,0.17362176410431363,86.23005959337078,0.0,0.9603166935286961,0.0,0.01,0.0,0.0,-5.508552026494758e-09,0.0,0.0,-6.61026243179371e-08,0.0
0.30000000000000004,2.2547542022942744,0.0,0.02516129815880937,24.39476390879657,0.0,0.2717188803765094,88.6958499928327,0.0,0.9849748096115216,0.0,0.009999999449144798,0.0,0.0,-3.3450161961523664e-08,0.0,0.0,-3.2207879435675943e-07,0.0
0.4,4.694230593173931,0.0,0.0523331861964603,33.43127473557283,0.0,0.37188563187911583,90.68203860069487,0.0,1.004836416748017,0.0,0.009999996104128604,0.0,0.0,-1.0335014185593956e-07,0.0,0.0,-7.743839998616389e-07,0.0
0.5,8.037358066731215,0.0,0.08952174938437187,42.627506640824336,0.0,0.47364951653979437,92.19358675546125,0.0,1.0199508932846413,0.0,0.00999998576911442,0.0,0.0,-2.351613196020027e-07,0.0,0.0,-1.42685733298043e-06,0.0
0.6,12.300108730813648,0.0,0.13688670103835132,51.94790514173641,0.0,0.5766548836986405,93.3755251335741,0.0,1.0317681467713622,0.0,0.009999962252982457,0.0,0.0,-4.4922218018739933e-07,0.0,0.0,-2.283358860428673e-06,0.0
0.7,17.494899244987288,0.0,0.1945521894082154,61.37636928637101,0.0,0.6807405610271193,94.42992605907588,0.0,1.042308296312517,0.0,0.009999917330764439,0.0,0.0,-7.662607844286749e-07,0.0,0.0,-3.3477914788095722e-06,0.0
0.7999999999999999,23.632536173624388,0.0,0.26262624551092734,70.8838508881753,0.0,0.7856158143869149,95.16158277986568,0.0,1.0496183225246072,0.0,0.009999840704685995,0.0,0.0,-1.207401812229717e-06,0.0,0.0,-4.624134037850589e-06,0.0
0.8999999999999999,30.72092126244192,0.0,0.34118782694961886,80.4635311645176,0.0,0.8912121010037726,95.87547574640051,0.0,1.056746989012787,0.0,0.00999971996450477,0.0,0.0,-1.7941778435471468e-06,0.0,0.0,-6.116485568239039e-06,0.0
0.9999999999999999,38.767274378893674,0.0,0.43030903704999607,90.1134743398747,0.0,0.9975095748967352,96.56840575281255,0.0,1.0636609139959594,0.0,0.009999540546720415,0.0,0.0,-2.548546211908183e-06,0.0,0.0,-7.82912330668463e-06,0.0
1.0999999999999999,47.77862181288114,0.0,0.5300599945396696,99.83295872758968,0.0,1.1045003700320202,97.25906013964185,0.0,1.0705453195558807,0.0,0.009999285692099224,0.0,0.0,-3.492912658890636e-06,0.0,0.0,-9.766572702452511e-06,0.0
1.2,57.761917685640114,0.0,0.6405100315428716,109.62265543822123,0.0,1.2121903592948058,97.95705827911274,0.0,1.0774944632114416,0.0,0.009998936400833333,0.0,0.0,-4.650163191925641e-06,0.0,0.0,-1.1933691855929556e-05,0.0
1.3,68.72418322946224,0.0,0.7617290674723523,119.48766518879007,0.0,1.3206294899818096,98.71467268602287,0.0,1.0850288005885864,0.0,0.00999847138451414,0.0,0.0,-6.043705697299611e-06,0.0,0.0,-1.4335771693301726e-05,0.0
1.4000000000000001,80.67294974834125,0.0,0.8937920164705333,129.418847603048,0.0,1.4297250606878735,99.34817172437427,0.0,1.0913086226020683,0.0,0.00999786701394441,0.0,0.0,-7.697523019737818e-06,0.0,0.0,-1.6978653530598134e-05,0.0
1.5000000000000002,93.61483450864604,0.0,1.0367645225393207,139.402853522516,0.0,1.5393420230818262,99.85128508053958,0.0,1.0962685909012984,0.0,0.009997097261642435,0.0,0.0,-9.636239113856259e-06,0.0,0.0,-1.9868862423301668e-05,0.0
1.6000000000000003,107.55511986089765,0.0,1.1906987248475034,149.4316443635383,0.0,1.6493981398941098,100.28170796954514,0.0,1.1004826621684636,0.0,0.009996133637731051,0.0,0.0,-1.1885200303945162e-05,0.0,0.0,-2.3013761796406496e-05,0.0
1.7000000000000004,122.49828429725149,0.0,1.3556385388369143,159.50170969160715,0.0,1.759856124945756,100.68434170487798,0.0,1.1043964878606587,0.0,0.009994945117700658,0.0,0.0,-1.4470573893030322e-05,0.0,0.0,-2.6421730709740616e-05,0.0
1.8000000000000005,138.44845526641222,0.0,1.53162415133149,169.61324956831322,0.0,1.8707154258816887,101.09516622240574,0.0,1.1083660917546538,0.0,0.009993498060311355,0.0,0.0,-1.7419466404357962e-05,0.0,0.0,-3.0102363993983562e-05,0.0
1.9000000000000006,155.40978022324356,0.0,1.7186956939196592,179.75850013487093,0.0,1.9818955016509467,101.41106952890749,0.0,1.111356924558592,0.0,0.009991756113670919,0.0,0.0,-2.076006409432115e-05,0.0,0.0,-3.4066699480761516e-05,0.0
2.0000000000000004,173.38563023673066,0.0,1.9168852440847537,189.92751154264232,0.0,2.0932935720066768,101.6213107496612,0.0,1.1132577623395778,0.0,0.009989680107261487,0.0,0.0,-2.4521798137300972e-05,0.0,0.0,-3.832746861960555e-05,0.0
2.1000000000000005,192.3783813909949,0.0,2.1262146012854215,200.0975127695315,0.0,2.2046783689246774,101.59095954234635,0.0,1.112716628036417,0.0,0.009987227927447757,0.0,0.0,-2.8735537700744554e-05,0.0,0.0,-4.289938103740187e-05,0.0
2.2000000000000006,212.388132667948,0.0,2.346682438177889,210.25529714971182,0.0,2.3159138176173295,101.44513216167226,0.0,1.1109799552732418,0.0,0.009984354373677682,0.0,0.0,-3.343381332981146e-05,0.0,0.0,-4.7799431341322565e-05,0.0
2.3000000000000007,233.4136623829192,0.0,2.5782738199396222,220.37388045419718,0.0,2.42672589198164,100.99923922590841,0.0,1.106200649535598,0.0,0.0099810109923447,0.0,0.0,-3.865107572005662e-05,0.0,0.0,-5.3047262414677386e-05,0.0
2.400000000000001,255.45105042833893,0.0,2.820946409137786,230.43115795861823,0.0,2.5368890077048367,100.3483056649543,0.0,1.0993249765905206,0.0,0.009977145884772694,0.0,0.0,-4.442399187113652e-05,0.0,0.0,-5.866554133002329e-05,0.0
2.500000000000001,278.49416622420074,0.0,3.0746353099082695,240.4046805323559,0.0,2.6461738848922782,99.46998679197883,0.0,1.0901272618976245,0.0,0.00997270348558558,0.0,0.0,-5.07917840890329e-05,0.0,0.0,-6.468039834875194e-05,0.0
2.600000000000001,302.53463427743634,0.0,3.3392526983974973,250.27658363653296,0.0,2.7543967488938805,98.42300889544055,0.0,1.0791911481807894,0.0,0.009967624307176676,0.0,0.0,-5.779661712273988e-05,0.0,0.0,-7.112191673473337e-05,0.0
2.700000000000001,327.5622926410896,0.0,3.6146923732868856,260.03862736264256,0.0,2.861469537365182,97.31132144800114,0.0,1.0675504510966798,0.0,0.009961844645464403,0.0,0.0,-6.548403986866371e-05,0.0,0.0,-7.802468960413927e-05,0.0
2.800000000000001,353.5661553773539,0.0,3.9008393270234034,269.6889147550721,0.0,2.967367040368437,96.1785471246527,0.0,1.0556360586579923,0.0,0.009955296241477537,0.0,0.0,-7.390349133907723e-05,0.0,0.0,-8.542847972413441e-05,0.0
2.9000000000000012,380.5350468528611,0.0,4.1975760310602475,279.22042511947166,0.0,3.07201258921223,94.97695048370902,0.0,1.0429682681918289,0.0,0.009947905892343628,0.0,0.0,-8.310888085619386e-05,0.0,0.0,-9.337897826057275e-05,0.0
3.0000000000000013,408.4570893648083,0.0,4.504777289981471,288.6249724376239,0.0,3.175317565525893,93.69139412653621,0.0,1.02939296981598,0.0,0.009939595004258008,0.0,0.0,-9.315924998841164e-05,0.0,0.0,-0.00010192863393449884,0.0
3.1000000000000014,437.3195866085707,0.0,4.822309046534061,297.91172358146827,0.0,3.2773655264977033,92.54758008390905,0.0,1.017150631339647,0.0,0.009930279079259167,0.0,0.0,-0.00010411952902337996,0.0,0.0,-0.00011113762163272022,0.0
3.2000000000000015,467.1107589667175,0.0,5.150045599183832,307.08640542978355,0.0,3.3782051055082025,91.3827591186368,0.0,1.0046143129476832,0.0,0.009919867126356828,0.0,0.0,-0.0001160614139524257,0.0,0.0,-0.00012107509482200473,0.0
3.3000000000000016,497.8193995096959,0.0,5.487866109734652,316.1564375493408,0.0,3.477900596691326,90.19819346089798,0.0,0.9917891311481379,0.0,0.009908260984961585,0.0,0.0,-0.00012918186433535277,0.0,0.0,-0.00013323038563072405,0.0
3.4000000000000017,529.43504326463,0.0,5.835656169403785,324.6406781907547,0.0,3.5716745039043523,83.43133055773504,0.0,0.923553787489586,0.0,0.009895342798528049,0.0,0.0,-0.00014386925751526638,0.0,0.0,-0.0001496026410328186,0.0
3.5000000000000018,561.8991110837056,0.0,6.19282361979422,331.8095963657943,0.0,3.65230841185926,69.0225060013043,0.0,0.7797392517936722,0.0,0.009880955872776523,0.0,0.0,-0.00016048503111353358,0.0,0.0,-0.00016946875497264274,0.0
3.600000000000002,595.0800707202851,0.0,6.558054460980147,336.5798264574207,0.0,3.709119258089053,43.13885132615434,0.0,0.5228149445086001,0.0,0.009864907369665171,0.0,0.0,-0.00017913134521880376,0.0,0.0,-0.00018986201826871375,0.0
3.700000000000002,628.7380533660272,0.0,6.928966386789051,338.4963014500731,0.0,3.7376774953642062,14.375625327505395,0.0,0.2381865923408297,0.0,0.00984699423514329,0.0,0.0,-0.0001999270546716195,0.0,0.0,-0.0002115761097800461,0.0
3.800000000000002,662.5876835110345,0.0,7.302734136325473,338.7207135301694,0.0,3.749512185010209,-0.13640114623212138,0.0,0.0948241495745709,0.0,0.00982700152967613,0.0,0.0,-0.00022264549611020825,0.0,0.0,-0.0002303060753070559,0.0
3.900000000000002,696.4597548640514,0.0,7.677685354826494,337.7907059779792,0.0,3.7499712896263113,-11.055113948302916,0.0,-0.01269778724517145,0.0,0.009804736980065109,0.0,0.0,-0.0002473808851596638,0.0,0.0,-0.0002507634535320552,0.0
4.000000000000002,730.2388254618494,0.0,8.052682483789125,336.2503772146568,0.0,3.7444384720737625,-16.18145990176645,0.0,-0.06296337472917564,0.0,0.009779998891549143,0.0,0.0,-0.00027432115960312635,0.0,0.0,-0.0002731306026151395,0.0
4.100000000000001,763.8638631833152,0.0,8.427126330996503,334.4026092973838,0.0,3.7359077944286057,-18.840212594613597,0.0,-0.08883560134272855,0.0,0.009752566775588832,0.0,0.0,-0.00030367448418266464,0.0,0.0,-0.0002976137744314318,0.0
4.200000000000001,797.3041241130535,0.0,8.800717110439363,332.3469659326719,0.0,3.725368725614781,-20.797825162611357,0.0,-0.10771450889824204,0.0,0.009722199327170564,0.0,0.0,-0.00033529342553634614,0.0,0.0,-0.00031990454135789165,0.0
4.300000000000001,830.5388207063207,0.0,9.173253983000842,330.2274830479109,0.0,3.714236850494382,-21.17424056536363,0.0,-0.11107372553115501,0.0,0.009688669984616928,0.0,0.0,-0.000369704918660437,0.0,0.0,-0.0003489570092175117,0.0
4.4,863.5615690111118,0.0,9.544677668050282,327.96484942563256,0.0,3.7017516994408095,-22.568279092920232,0.0,-0.12423152222114867,0.0,0.009651699492750883,0.0,0.0,-0.00040685506920690347,0.0,0.0,-0.0003760104047140955,0.0
4.5,896.358053953675,0.0,9.914852837994362,325.71676716780956,0.0,3.6894495610762674,-22.353296631035633,0.0,-0.12172374225209807,0.0,0.009611013985830192,0.0,0.0,-0.0004465403985965564,0.0,0.0,-0.0004010218717330161,0.0
4.6,928.929730670456,0.0,10.283797794101988,323.51357551097334,0.0,3.677626292694965,-21.863235554806344,0.0,-0.11653746709602951,0.0,0.009566359945970536,0.0,0.0,-0.0004894089067901641,0.0,0.0,-0.00043421772397668945,0.0
4.699999999999999,961.2810882215534,0.0,10.651560423371484,321.3396064278822,0.0,3.6661324965724726,-21.41029739097204,0.0,-0.1117027613473509,0.0,0.009517419055291519,0.0,0.0,-0.000535281838307393,0.0,0.0,-0.00046363163341140833,0.0
4.799999999999999,993.4150488643417,0.0,11.018173673028732,319.20627905862443,0.0,3.6550793179106558,-21.220418602217354,0.0,-0.10937665960608436,0.0,0.00946389087146078,0.0,0.0,-0.0005842836753293507,0.0,0.0,-0.0004952957175812105,0.0
4.899999999999999,1025.335676770204,0.0,11.383681604819797,317.0962707865861,0.0,3.6443026648587447,-20.766900179308866,0.0,-0.10452012622635312,0.0,0.009405462503927845,0.0,0.0,-0.000637327162612629,0.0,0.0,-0.0005374627038830978,0.0
4.999999999999998,1057.0453038488627,0.0,11.748111871305673,315.026733362641,0.0,3.63396702627158,-20.5903741703887,0.0,-0.10227726348418507,0.0,0.009341729787666583,0.0,0.0,-0.0006944364612388919,0.0,0.0,-0.0005778190427385355,0.0
5.099999999999998,1088.547977185127,0.0,12.111508573932833,312.9946224332191,0.0,3.6240444101110008,-20.18098697790901,0.0,-0.09781667171450882,0.0,0.009272286141542694,0.0,0.0,-0.0007563994638412423,0.0,0.0,-0.0006279922226804968,0.0
5.1999999999999975,1119.847439428449,0.0,12.473913014943934,310.98319051217305,0.0,3.614379456755108,-20.0163075921399,0.0,-0.09563763847302424,0.0,0.009196646195158571,0.0,0.0,-0.0008229287359012153,0.0,0.0,-0.0006727528201835773,0.0
5.299999999999997,1150.9457584796664,0.0,12.835350960619445,309.010895370169,0.0,3.605145341178546,-19.584196336690884,0.0,-0.09095200324669135,0.0,0.00911435332156845,0.0,0.0,-0.0008951799179990868,0.0,0.0,-0.0007324636211377415,0.0
5.399999999999997,1181.8468480166835,0.0,13.1958654947373,307.06209547774216,0.0,3.5961989192604316,-19.225717868870383,0.0,-0.08694560795626698,0.0,0.009024835329768539,0.0,0.0,-0.0009728825493138607,0.0,0.0,-0.0007859388515497386,0.0
5.4999999999999964,1212.5530575644575,0.0,13.555485386663344,305.14540364186456,0.0,3.587620898977298,-19.08010120151104,0.0,-0.08487633367618172,0.0,0.008927547074837153,0.0,0.0,-0.0010563114047934235,0.0,0.0,-0.0008439584954448074,0.0
5.599999999999996,1243.0675979286439,0.0,13.914247476561075,303.24417620542715,0.0,3.579261665865837,-18.877210017934626,0.0,-0.08224748889822729,0.0,0.008821915934357811,0.0,0.0,-0.0011471761327703112,0.0,0.0,-0.0009215850366336905,0.0
5.699999999999996,1273.3920155491865,0.0,14.272173643147658,301.3620857118923,0.0,3.5711581378033403,-18.737907526759987,0.0,-0.08016646232278228,0.0,0.008707198321080781,0.0,0.0,-0.0012455953313886571,0.0,0.0,-0.000996713376093412,0.0
5.799999999999995,1303.5282241203759,0.0,14.629289456927994,299.49383276046314,0.0,3.5632658555015904,-18.60101138879575,0.0,-0.07806714215559801,0.0,0.008582638787941915,0.0,0.0,-0.0013530982295225787,0.0,0.0,-0.001090692102388377,0.0
5.899999999999995,1333.4776073964222,0.0,14.985616042478155,297.6391787811988,0.0,3.5555868828074706,-18.46646809199673,0.0,-0.0759468153344084,0.0,0.008447328964989656,0.0,0.0,-0.00147085054046482,0.0,0.0,-0.0011948893108292191,0.0
5.999999999999995,1363.2415252745423,0.0,15.341174730758903,295.7978904979166,0.0,3.548123618272002,-18.334225604468916,0.0,-0.0738020432167072,0.0,0.008300243910943176,0.0,0.0,-0.00159998584436634,0.0,0.0,-0.0013106457846523978,0.0
6.099999999999994,1392.8213143243338,0.0,15.695987092586103,293.96973978252214,0.0,3.5408788351287193,-18.204233320335472,0.0,-0.07162905570547376,0.0,0.008140245326506543,0.0,0.0,-0.0017417901805817921,0.0,0.0,-0.0014395228776549448,0.0
6.199999999999994,1422.2182883025862,0.0,16.050074976098976,292.15450351462675,0.0,3.533855704836618,-18.076442008144582,0.0,-0.06942386870962038,0.0,0.007966066308448363,0.0,0.0,-0.0018977263206404844,0.0,0.0,-0.0015833291051733178,0.0
6.299999999999994,1451.4337386540487,0.0,16.403460546582636,290.3519634462813,0.0,3.5270578199648446,-17.950803760798138,0.0,-0.06718226879168351,0.0,0.007776293676384315,0.0,0.0,-0.002069462251164251,0.0,0.0,-0.0017441653452505387,0.0
6.399999999999993,1480.468934998677,0.0,16.75616632857912,288.56190607171425,0.0,3.5204892185742915,-17.827271946468688,0.0,-0.06489979852908684,0.0,0.00756934745126789,0.0,0.0,-0.002258904964409529,0.0,0.0,-0.00192447948989323,0.0
6.499999999999993,1509.3251256058484,0.0,17.10821525043655,286.7841225019947,0.0,3.5141544099462867,-17.705801160247006,0.0,-0.06257174354096778,0.0,0.007343456954826936,0.0,0.0,-0.0024682406862304228,0.0,0.0,-0.002127132763872079,0.0
6.5999999999999925,1538.0035378560478,0.0,17.45963069143118,285.0184083445693,0.0,3.5080584013979172,-17.58634717622369,0.0,-0.06019312231397355,0.0,0.0070966328862038935,0.0,0.0,-0.0026999829425301885,0.0,0.0,-0.002355480522822771,0.0
6.699999999999992,1566.5053786905046,0.0,17.81043653157097,283.2645635876568,0.0,3.5022067257724303,-17.468866899657602,0.0,-0.057758680406940814,0.0,0.006826634591950875,0.0,0.0,-0.0029570302096607283,0.0,0.0,-0.0026134711010019217,0.0
6.799999999999992,1594.8318350492705,0.0,18.160657204148215,281.52239248952446,0.0,3.4966054689833883,-17.353318318819607,0.0,-0.05526289122557279,0.0,0.006530931570984803,0.0,0.0,-0.0032427353334340344,0.0,0.0,-0.002905767265079288,0.0
6.8999999999999915,1622.9840742982228,0.0,18.510317751046557,279.79170347271827,0.0,3.49126129670106,-17.23966045601726,0.0,-0.052699966396076846,0.0,0.006206658037641399,0.0,0.0,-0.0035609894644459995,0.0,0.0,-0.003237896119127722,0.0
6.999999999999991,1650.9632446454948,0.0,18.85944388071666,278.0723090233791,0.0,3.4861814788688266,-17.127853317201435,0.0,-0.05006387991799172,0.0,0.005850559091196798,0.0,0.0,-0.0039163239831182,0.0,0.0,-0.003616435000240859,0.0
7.099999999999991,1678.7704755478326,0.0,19.208062028603543,276.3640255958467,0.0,3.4813739101844137,-17.01785783942292,0.0,-0.047348411863024666,0.0,0.005458926692884978,0.0,0.0,-0.004314034828541835,0.0,0.0,-0.004049243145035453,0.0
7.19999999999999,1706.4068781074175,0.0,19.556199419621983,274.66693491859644,0.0,3.4768485508717037,-16.894008785395595,0.0,-0.04446191181407149,0.0,0.005027523210030794,0.0,0.0,-0.004760334871770996,0.0,0.0,-0.004545751889742844,0.0
7.29999999999999,1733.873571599277,0.0,19.903884274709156,272.98188743903205,0.0,3.472619622828835,-16.787835976109157,0.0,-0.04157695685601149,0.0,0.004551489722853694,0.0,0.0,-0.005262541629352175,0.0,0.0,-0.0051173307130255846,0.0
7.39999999999999,1761.1717603431803,0.0,20.251146236992042,271.3073922590134,0.0,3.468689587751393,-16.683355828795545,0.0,-0.038594090115397876,0.0,0.0040252355599184764,0.0,0.0,-0.005829309893935665,0.0,0.0,-0.005777753032396754,0.0
7.499999999999989,1788.3024995690816,0.0,20.598015195767182,269.6432815443366,0.0,3.465068804185597,-16.58053258402178,0.0,-0.035507548959828335,0.0,0.0034423045705249096,0.0,0.0,-0.006470920748096756,0.0,0.0,-0.006543779643453752,0.0
7.599999999999989,1815.2668277235152,0.0,20.94452207618574,267.98939102769043,0.0,3.4617681525368345,-16.479331073443372,0.0,-0.03231231057216449,0.0,0.0027952124957152337,0.0,0.0,-0.0071996436636835555,0.0,0.0,-0.007435919058350842,0.0
7.699999999999989,1842.0657668262843,0.0,21.290698891439426,266.34555995641,0.0,3.4587989200581375,-16.379716626390692,0.0,-0.029004582729008667,0.0,0.002075248129346878,0.0,0.0,-0.008030192580171288,0.0,0.0,-0.008479403186182632,0.0
7.799999999999988,1868.7003228219255,0.0,21.636578783445238,264.7116310509294,0.0,3.456172619342091,-16.281654961435816,0.0,-0.025582499684848214,0.0,0.001272228871329749,0.0,0.0,-0.008980303965522176,0.0,0.0,-0.009705455986974126,0.0
7.899999999999988,1895.1714859270182,0.0,21.982196045379446,263.0874504757595,0.0,3.4539007127075507,-16.185112059227027,0.0,-0.02204710633234428,0.0,0.0003741984747775314,0.0,0.0,-0.01007147441826964,0.0,0.0,-0.011152954235574742,0.0
7.999999999999988,1921.4802309745942,0.0,22.327586116650203,261.47286782523986,0.0,3.4519942035140136,-16.090054012321996,0.0,-0.018403749378630388,0.0,-0.0006329489670494327,0.0,0.0,-0.01132990852172231,0.0,0.0,-0.012870618394317093,0.0
8.099999999999987,1947.6275177571183,0.0,22.6727855370016,259.86773612677325,0.0,3.4504630391169884,-15.996446847402096,0.0,-0.014664046249022131,0.0,-0.0017659398192216638,0.0,0.0,-0.012787746031257922,0.0,0.0,-0.014919926435563925,0.0
8.199999999999987,1973.6142913697954,0.0,23.017831840913303,258.2719118647029,0.0,3.449315246546616,-15.904256315467697,0.0,-0.010848679097458173,0.0,-0.003044714422347456,0.0,0.0,-0.014484663366586787,0.0,0.0,-0.01737902273683359,0.0
8.299999999999986,1999.4414825562658,0.0,23.362763365567965,256.68525502831136,0.0,3.4485556874811567,-15.813447647110472,0.0,-0.006991375484867004,0.0,-0.004493180759006135,0.0,0.0,-0.01646998124883251,0.0,0.0,-0.02034801003958195,0.0
8.399999999999986,2025.1100080590968,0.0,23.70761893431608,255.1076291873704,0.0,3.448184268221214,-15.723985274120635,0.0,-0.003144609098607767,0.0,-0.006140178883889387,0.0,0.0,-0.018805463396505406,0.0,0.0,-0.023956183764158374,0.0
8.499999999999986,2050.6207709778337,0.0,24.052437361138203,253.5389015977498,0.0,3.448193364646993,-15.635832528199511,0.0,0.0006121847183839795,0.0,-0.008020725223539927,0.0,0.0,-0.02156906848755924,0.0,0.0,-0.02837202433981431,0.0
8.599999999999985,2075.9746611376086,0.0,24.397256697602906,251.97894333683706,0.0,3.448564108189756,-15.548951347578816,0.0,0.004160681451498734,0.0,-0.01017763207229585,0.0,0.0,-0.02486003155059055,0.0,0.0,-0.03381715188841288,0.0
8.699999999999985,2101.172555471292,0.0,24.742113108421883,250.42762946201995,0.0,3.449261005365273,-15.463302062905298,0.0,0.0073262033709186,0.0,-0.012663635227354907,0.0,0.0,-0.028805821170506396,0.0,0.0,-0.040586045061307564,0.0
8.799999999999985,2126.215318417494,0.0,25.08703920895841,248.88483917153718,0.0,3.450224095967134,-15.378843414328225,0.0,0.009851903052072425,0.0,-0.015544217344405547,0.0,0.0,-0.03357177673793858,0.0,0.0,-0.04907425779692476,0.0
8.899999999999984,2151.1038023346473,0.0,25.432061618555124,247.35045591834242,0.0,3.451357437098771,-15.295533110740362,0.0,0.01136018919855541,0.0,-0.018901395018199405,0.0,0.0,-0.039374626405836735,0.0,0.0,-0.05981934445539286,0.0
8.999999999999984,2175.8388479264813,0.0,25.777197362265,245.82436736988402,0.0,3.4525120376194196,-15.21332955628451,0.0,0.011294401864420042,0.0,-0.022838857658783077,0.0,0.0,-0.04650170573003523,0.0,0.0,-0.07356108299930336,0.0
9.099999999999984,2200.42128466347,0.0,26.12244856602694,244.30646499111057,0.0,3.4534603004881195,-15.132195994303547,0.0,0.008829461297102846,0.0,-0.0274890282317866,0.0,0.0,-0.055338681139390666,0.0,0.0,-0.09133148831240455,0.0
9.199999999999983,2224.8519311625814,0.0,26.46779459607575,242.79664279602875,0.0,3.4538572829220646,-15.052109577193393,0.0,0.0027330006032831155,0.0,-0.033022896345725666,0.0,0.0,-0.0664101752829929,0.0,0.0,-0.11459163206074591,0.0
9.299999999999983,2249.1315954421843,0.0,26.813180324367956,241.2947943433576,0.0,3.453181170432324,-14.973080443675322,0.0,-0.008853886760749243,0.0,-0.03966391387402496,0.0,0.0,-0.08044032070853517,0.0,0.0,-0.14544341869435817,0.0
9.399999999999983,2273.26107487652,0.0,27.15849844141119,239.80080608682314,0.0,3.450640408335069,-14.895191249400824,0.0,-0.0287688167045757,0.0,-0.04770794594487848,0.0,0.0,-0.09844470148629844,0.0,0.0,-0.18696388559428753,0.0
9.499999999999982,2297.2411554852024,0.0,27.503562482244696,238.31454317074525,0.0,3.445026344452168,-14.81867903860412,0.0,-0.061404425613596124,0.0,-0.057552416093508335,0.0,0.0,-0.12187278846873298,0.0,0.0,-0.2437442666703569,0.0
9.599999999999982,2321.072609802277,0.0,27.848065116689916,236.83581943530467,0.0,3.4344750181217325,-14.744106396426098,0.0,-0.1136706155405886,0.0,-0.06973969494038162,0.0,0.0,-0.15283348676091438,0.0,0.0,-0.3227795261721054,0.0
9.699999999999982,2344.756191745807,0.0,28.191512618502088,235.36433387622802,0.0,3.4160741755546256,-14.672725317993722,0.0,-0.19663591770169236,0.0,-0.08502304361647306,0.0,0.0,-0.19446092496879028,0.0,0.0,-0.43497335326008973,0.0
9.799999999999981,2368.29262513343,0.0,28.533120036057554,233.89953419915196,0.0,3.3852006247975495,-14.60726889738615,0.0,-0.32839046277191064,0.0,-0.1044691361133521,0.0,0.0,-0.25152331826488095,0.0,0.0,-0.5977540489010702,0.0
9.89999999999998,2391.6825785533456,0.0,28.871640098537306,232.4403173501098,0.0,3.3343769671196544,-14.553724044616505,0.0,-0.5391527826246805,0.0,-0.1296214679398402,0.0,0.0,-0.3314654306939608,0.0,0.0,-0.8397545393687439,0.0
9.99999999999998,2414.9266102883566,0.0,29.205077795249274,230.98435302588007,0.0,3.2512533449663312,-14.525437220669776,0.0,-0.8805681188403632,0.0,-0.16276801100923627,0.0,0.0,-0.44624833673262093,0.0,0.0,-1.209443964590173,0.0
10.09999999999998,2438.0250455909445,0.0,29.530203129745907,229.52650136881414,0.0,3.11497098638701,-14.552992457707097,0.0,-1.442885307675476,0.0,-0.20739284468249836,0.0,0.0,-0.6157013589165241,0.0,0.0,-1.7915474732888028,0.0
10.19999999999998,2460.9776957278264,0.0,29.84170022838461,228.05496310197444,0.0,2.889530331402235,-14.708964806595906,0.0,-2.386631815639969,0.0,-0.26896298057415075,0.0,0.0,-0.8738267935043247,0.0,0.0,-2.7391957203958466,0.0
10.29999999999998,2483.783192038024,0.0,30.130653261524834,226.54151952552797,0.0,2.511830983397658,-15.172448430060422,0.0,-3.9983722932384733,0.0,-0.3563456599245833,0.0,0.0,-1.2809941648883247,0.0,0.0,-4.338169312528832,0.0
10.399999999999979,2506.4373439905767,0.0,30.3818363598646,224.96638299859757,0.0,2.0070000946826485,-16.412951160782345,0.0,-6.800047469204336,0.0,-0.4844450764134158,0.0,0.0,-1.9478483232133872,0.0,0.0,-7.134616037394982,0.0
10.499999999999979,2528.9339822904367,0.0,30.582536369332864,223.39172707655317,0.0,1.5765265170339697,-12.757847054977779,0.0,1.5615396303759916,0.0,-0.6792299087347545,0.0,0.0,-3.0834707719373453,0.0,0.0,-12.200546177208505,0.0
10.599999999999978,2551.2731549980917,0.0,30.740189021036258,222.1970247441278,0.0,1.736724893473266,-11.770918548512258,0.0,1.598872922965719,0.0,-0.9875769859284892,0.0,0.0,-3.286813208224154,0.0,0.0,0.0,0.0
10.699999999999978,2573.4928574725045,0.0,30.913861510383583,221.12749285916084,0.0,1.8504703467197063,-10.47558534274948,0.0,1.0382816145072753,0.0,-1.3162583067509046,0.0,0.0,-3.286813208224154,0.0,0.0,0.0,0.0
10.799999999999978,2595.6056067584204,0.0,31.09890854505555,220.1318126687911,0.0,1.8877920680471254,-9.852592110906963,0.0,0.23872365323281383,0.0,-1.64493962757332,0.0,0.0,-3.286813208224154,0.0,0.0,0.0,0.0
10.899999999999977,2617.618788025299,0.0,31.28768775186026,219.1515548485651,0.0,1.8894206865592806,-9.79249603404283,0.0,-0.028042002127237124,0.0,-1.9736209483957352,0.0,0.0,-3.286813208224154,0.0,0.0,0.0,0.0
10.999999999999977,2639.533943510156,0.0,31.476629820516187,218.15110608116782,0.0,1.8387974845747894,-10.045182649267723,0.0,-0.5980305532426882,0.0,-2.3023022692181505,0.0,0.0,-3.286813208224154,0.0,0.0,0.0,0.0
11.099999999999977,2661.3490541182728,0.0,31.660509568973666,217.065553803933,0.0,1.7148968977089332,-11.009136451673125,0.0,-1.3578570247601474,0.0,-2.630983590040566,0.0,0.0,-3.286813208224154,0.0,0.0,0.0,0.0
11.199999999999976,2683.055609498666,0.0,31.83199925874456,215.84345115249357,0.0,1.5674847508136691,-12.444248098223929,0.0,-1.4866810314987153,0.0,-2.959664910862981,0.0,0.0,-3.286813208224154,0.0,0.0,0.0,0.0
11.299999999999976,2704.6399546139155,0.0,31.988747733825925,214.50741905387704,0.0,1.4851677227676152,-13.516098724450726,0.0,-0.6854329843695011,0.0,-3.2883462316853964,0.0,0.0,-3.286813208224154,0.0,0.0,0.0,0.0
11.399999999999975,2726.0906965193035,0.0,32.13726450610269,213.15415759823145,0.0,1.5198843359137642,-13.508578572105467,0.0,0.5496545134970654,0.0,-3.6170275525078117,0.0,0.0,-3.286813208224154,0.0,0.0,0.0,0.0
11.499999999999975,2747.4061122791263,0.0,32.28925293969406,211.8910771880098,0.0,1.6433859145258627,-12.436216852892247,0.0,1.3623234359395664,0.0,-3.945708873330227,0.0,0.0,-3.286813208224154,0.0,0.0,0.0,0.0
11.599999999999975,2768.5952199979274,0.0,32.45359153114665,210.76482368519038,0.0,1.77317557028526,-11.019286334685464,0.0,1.2762415681662966,0.0,-4.274390194152643,0.0,0.0,-3.286813208224154,0.0,0.0,0.0,0.0
11.699999999999974,2789.671702366447,0.0,32.63090908817518,207.57980342382535,0.0,0.8303510301497727,-10.0618811995379,0.0,0.5807686616783498,0.0,-4.603071514975058,0.0,0.0,-3.286813208224154,0.0,0.0,0.0,0.0
11.799999999999974,2810.429682708829,0.0,32.71394419119016,206.59591984806954,0.0,0.8433268992638391,-9.794136863908623,0.0,0.039318806601457194,0.0,-4.931752835797473,0.0,0.0,-3.286813208224154,0.0,0.0,0.0,0.0
11.899999999999974,2831.089274693636,0.0,32.79827688111654,205.6136923244394,0.0,0.8297483723489509,-9.8276044235291,0.0,-0.1697516212352673,0.0,-5.260434156619889,0.0,0.0,-3.286813208224154,0.0,0.0,0.0,0.0
11.999999999999973,2851.65064392608,0.0,32.88125171835144,204.59204108104802,0.0,0.7580407834163911,-10.290871968541138,0.0,-0.8210380021441696,0.0,-5.589115477442304,0.0,0.0,-3.286813208224154,0.0,0.0,0.0,0.0
12.099999999999973,2872.1098480341852,0.0,32.957055796693076,203.47234456221852,0.0,0.6341949377657857,-11.36698589549995,0.0,-1.3126758527325204,0.0,-5.917796798264719,0.0,0.0,-3.286813208224154,0.0,0.0,0.0,0.0
12.199999999999973,2892.4570824904067,0.0,33.020475290469655,202.23367485546487,0.0,0.5230191808713256,-12.57032721322035,0.0,-1.0638270547296882,0.0,-6.246478119087135,0.0,0.0,-3.286813208224154,0.0,0.0,0.0,0.0
12.299999999999972,2912.680449975953,0.0,33.07277720855679,200.9272102147934,0.0,0.49496343630035033,-13.138808845084588,0.0,-0.12299867627833072,0.0,-6.57515943990955,0.0,0.0,-3.286813208224154,0.0,0.0,0.0,0.0
12.399999999999972,2932.7731709974323,0.0,33.12227355218683,199.64910436518383,0.0,0.5660507136751707,-12.688338810834747,0.0,0.8713027697190907,0.0,-6.903840760731965,0.0,0.0,-3.286813208224154,0.0,0.0,0.0,0.0
12.499999999999972,2952.7380814339504,0.0,33.17887862355435,198.47525556462838,0.0,0.6853689811611474,-11.53610652366065,0.0,1.2487296084525625,0.0,-7.2325220815543805,0.0,0.0,-3.286813208224154,0.0,0.0,0.0,0.0
12.599999999999971,2972.585606990413,0.0,33.247415521670455,197.41448630923938,0.0,0.7797988812018335,-10.417706105361491,0.0,0.8774881894897066,0.0,-7.561203402376796,0.0,0.0,-3.286813208224154,0.0,0.0,0.0,0.0
12.69999999999997,2992.3270556213365,0.0,33.32539540979064,196.41884392962146,0.0,0.8151141549785252,-9.86363309277604,0.0,0.246714293536394,0.0,-7.889884723199211,0.0,0.0,-3.286813208224154,0.0,0.0,0.0,0.0
12.79999999999997,3011.968940014299,0.0,33.406906825288495,195.43866290537156,0.0,0.818802954462954,-9.789384660152749,0.0,-0.005056463441217713,0.0,-8.218566044021626,0.0,0.0,-3.286813208224154,0.0,0.0,0.0,0.0
12.89999999999997,3031.512806304836,0.0,33.48878712073479,194.44765758226563,0.0,0.7870610796885779,-9.933188353846477,0.0,-0.3774317843721655,0.0,-8.547247364844042,0.0,0.0,-3.286813208224154,0.0,0.0,0.0,0.0
12.99999999999997,3050.957572063063,0.0,33.56749322870365,193.39849098485107,0.0,0.6991044846721908,-10.597704926599864,0.0,-0.973256343103829,0.0,-8.875928685666457,0.0,0.0,-3.286813208224154,0.0,0.0,0.0,0.0
13.09999999999997,3070.2974211615483,0.0,33.63740367717087,192.24764979226896,0.0,0.5859841559514575,-11.676892293370063,0.0,-1.154474925729921,0.0,-9.204610006488872,0.0,0.0,-3.286813208224154,0.0,0.0,0.0,0.0
13.199999999999969,3089.5221861407754,0.0,33.696002092766015,191.004201530344,0.0,0.5145802768588668,-12.565517456057531,0.0,-0.6213807040587057,0.0,-9.533291327311288,0.0,0.0,-3.286813208224154,0.0,0.0,0.0,0.0
13.299999999999969,3108.6226062938094,0.0,33.7474601204519,189.73679438618217,0.0,0.5306133023016191,-12.674466201386842,0.0,0.31435663333377234,0.0,-9.861972648133703,0.0,0.0,-3.286813208224154,0.0,0.0,0.0,0.0
13.399999999999968,3127.5962857324275,0.0,33.80052145068206,188.529552370256,0.0,0.6200979222047622,-11.94018446139443,0.0,1.005444113784077,0.0,-10.190653968956118,0.0,0.0,-3.286813208224154,0.0,0.0,0.0,0.0
13.499999999999968,3146.449240969453,0.0,33.86253124290254,187.42551877622117,0.0,0.7227284292649203,-10.852855681258422,0.0,1.0233099977103284,0.0,-10.519335289778533,0.0,0.0,-3.286813208224154,0.0,0.0,0.0,0.0
13.599999999999968,3165.191792847075,0.0,33.934804085829036,186.40643176731444,0.0,0.7833505021196999,-10.056626026777762,0.0,0.5193338864456424,0.0,-10.848016610600949,0.0,0.0,-3.286813208224154,0.0,0.0,0.0,0.0
13.699999999999967,3183.8324360238066,0.0,34.01313913604101,185.4223920953317,0.0,0.7967255397608477,-9.797040645902191,0.0,0.056276941733404376,0.0,-11.176697931423364,0.0,0.0,-3.286813208224154,0.0,0.0,0.0,0.0
13.799999999999967,3202.37467523334,0.0,34.09281169001709,184.44197002143233,0.0,0.7899363059755706,-9.8054930240195,0.0,-0.09214274413473147,0.0,-11.50537925224578,0.0,0.0,-3.286813208224154,0.0,0.0,0.0,0.0
13.899999999999967,3220.8188722354835,0.0,34.171805320614645,183.4359082367287,0.0,0.7402544071553607,-10.109406716757087,0.0,-0.5738560084472859,0.0,-11.834060573068195,0.0,0.0,-3.286813208224154,0.0,0.0,0.0,0.0
13.999999999999966,3239.162463059156,0.0,34.245830761330176,182.35847139113528,0.0,0.6468654424874184,-10.899389357077581,0.0,-0.9987799528634834,0.0,-12.16274189389061,0.0,0.0,-3.286813208224154,0.0,0.0,0.0,0.0
14.099999999999966,3257.3983101982694,0.0,34.31051730557892,181.1875828546369,0.0,0.556111305448579,-11.855550041161074,0.0,-0.8828112284471883,0.0,-12.491423214713025,0.0,0.0,-3.286813208224154,0.0,0.0,0.0,0.0
14.199999999999966,3275.517068483733,0.0,34.36612843612378,179.9569187112445,0.0,0.5250760865362983,-12.377565328731428,0.0,-0.19441577747049119,0.0,-12.82010453553544,0.0,0.0,-3.286813208224154,0.0,0.0,0.0,0.0
14.299999999999965,3293.512760354857,0.0,34.41863604477741,178.7395719439309,0.0,0.5724957521554576,-12.11540084054157,0.0,0.6034608355691455,0.0,-13.148785856357856,0.0,0.0,-3.286813208224154,0.0,0.0,0.0,0.0
14.399999999999965,3311.3867175492505,0.0,34.47588561999296,177.59874545160105,0.0,0.6637015483294454,-11.25617601478215,0.0,0.9667914131619717,0.0,-13.477467177180271,0.0,0.0,-3.286813208224154,0.0,0.0,0.0,0.0
14.499999999999964,3329.146592094411,0.0,34.5422557748259,176.54771551596573,0.0,0.7413608430462884,-10.357105291250145,0.0,0.7334422064946015,0.0,-13.806148498002687,0.0,0.0,-3.286813208224154,0.0,0.0,0.0,0.0
14.599999999999964,3346.8013636460073,0.0,34.61639185913052,175.55249191386187,0.0,0.7737189855780259,-9.87065902336747,0.0,0.24001182162652093,0.0,-14.134829818825102,0.0,0.0,-3.286813208224154,0.0,0.0,0.0,0.0
14.699999999999964,3364.356612837393,0.0,34.69376375768832,174.57229961611426,0.0,0.7777182716723666,-9.788121914353983,0.0,-1.0915419697084503e-05,0.0,-14.463511139647517,0.0,0.0,-3.286813208224154,0.0,0.0,0.0,0.0
14.799999999999963,3381.8138427990043,0.0,34.77153558485556,173.58667662193236,0.0,0.7575943010215254,-9.869256070227529,0.0,-0.23988424785646545,0.0,-14.792192460469932,0.0,0.0,-3.286813208224154,0.0,0.0,0.0,0.0
14.899999999999963,3399.172510461198,0.0,34.847295014957716,172.5610954556398,0.0,0.6944667237333433,-10.32925154084582,0.0,-0.7045838018904703,0.0,-15.120873781292348,0.0,0.0,-3.286813208224154,0.0,0.0,0.0,0.0
14.999999999999963,3416.428620006762,0.0,34.91674168733105,171.45958048290038,0.0,0.6070782891101744,-11.144737480038364,0.0,-0.9027284260916977,0.0,-15.449555102114763,0.0,0.0,-3.286813208224154,0.0,0.0,0.0,0.0
15.099999999999962,3433.5745780550515,0.0,34.97744951624207,170.28307966871728,0.0,0.5457529735517074,-11.873415306587297,0.0,-0.5512362320209593,0.0,-15.778236422937178,0.0,0.0,-3.286813208224154,0.0,0.0,0.0,0.0
15.199999999999962,3450.602886021923,0.0,35.03202481359724,169.08064668014632,0.0,0.549861042232487,-12.037565029134923,0.0,0.1583548095872497,0.0,-16.106917743759595,0.0,0.0,-3.286813208224154,0.0,0.0,0.0,0.0
15.299999999999962,3467.510950689938,0.0,35.087010917820486,167.91817504427337,0.0,0.6141286674822382,-11.529165351007162,0.0,0.7340900026215705,0.0,-16.435599064582014,0.0,0.0,-3.286813208224154,0.0,0.0,0.0,0.0
15.399999999999961,3484.302768194365,0.0,35.14842378456871,166.8340493440655,0.0,0.6943415629704341,-10.697042616282166,0.0,0.809875069209537,0.0,-16.764280385404433,0.0,0.0,-3.286813208224154,0.0,0.0,0.0,0.0
15.499999999999961,3500.986173128771,0.0,35.21785794086576,165.81877099516555,0.0,0.7456068057619089,-10.042105399573206,0.0,0.45006756415718074,0.0,-17.092961706226852,0.0,0.0,-3.286813208224154,0.0,0.0,0.0,0.0
15.59999999999996,3517.5680502282876,0.0,35.292418621441946,164.83468316814177,0.0,0.7588403691906177,-9.800518319696819,0.0,0.06845056771628871,0.0,-17.42164302704927,0.0,0.0,-3.286813208224154,0.0,0.0,0.0,0.0
15.69999999999996,3534.0515185451013,0.0,35.36830265836101,163.8551577223947,0.0,0.7561872699033705,-9.794108513880524,0.0,-0.0452311283338671,0.0,-17.75032434787169,0.0,0.0,-3.286813208224154,0.0,0.0,0.0,0.0
15.79999999999996,3550.4370343173405,0.0,35.44392138535135,162.8595872143577,0.0,0.7226804492134895,-9.986580677240957,0.0,-0.39030301437692916,0.0,-18.07900566869411,0.0,0.0,-3.286813208224154,0.0,0.0,0.0,0.0
15.89999999999996,3566.7229930387766,0.0,35.516189430272696,161.81324886832041,0.0,0.6537899734793845,-10.553095065627938,0.0,-0.7431899560430189,0.0,-18.407686989516527,0.0,0.0,-3.286813208224154,0.0,0.0,0.0,0.0
15.99999999999996,3582.9043179256087,0.0,35.58156842762063,160.69575082610274,0.0,0.5818028612721147,-11.288019956236939,0.0,-0.7098674355624535,0.0,-18.736368310338946,0.0,0.0,-3.286813208224154,0.0,0.0,0.0,0.0
16.09999999999996,3598.9738930082185,0.0,35.63974871374784,159.52780125927092,0.0,0.551307129451655,-11.742837797210115,0.0,-0.2222811369251768,0.0,-19.065049631161365,0.0,0.0,-3.286813208224154,0.0,0.0,0.0,0.0
16.19999999999996,3614.926673134146,0.0,35.694879426693014,158.3633251379069,0.0,0.5811248057013902,-11.611219761224097,0.0,0.3992307263305026,0.0,-19.393730951983784,0.0,0.0,-3.286813208224154,0.0,0.0,0.0,0.0
16.29999999999996,3630.7630056479366,0.0,35.75299190726316,157.25305037847397,0.0,0.6489813954953353,-10.991976808560338,0.0,0.7289700517800946,0.0,-19.722412272806203,0.0,0.0,-3.286813208224154,0.0,0.0,0.0,0.0
16.399999999999963,3646.488310685784,0.0,35.817890046812686,156.21226920707474,0.0,0.7111716475007844,-10.287283628333322,0.0,0.5961411949077754,0.0,-20.05109359362862,0.0,0.0,-3.286813208224154,0.0,0.0,0.0,0.0
16.499999999999964,3662.1095376064914,0.0,35.88900721156276,155.21798350938045,0.0,0.7397793359338484,-9.873317013318577,0.0,0.2224963153658189,0.0,-20.37977491445104,0.0,0.0,-3.286813208224154,0.0,0.0,0.0,0.0
16.599999999999966,3677.6313359574297,0.0,35.962985145156146,154.23781945662213,0.0,0.743685957748726,-9.787256933777325,0.0,0.002363260117949814,0.0,-20.70845623527346,0.0,0.0,-3.286813208224154,0.0,0.0,0.0,0.0
16.699999999999967,3693.0551179030917,0.0,36.03735374093102,153.2554761065848,0.0,0.7314909492215818,-9.830320794857434,0.0,-0.1457980360285372,0.0,-21.037137556095878,0.0,0.0,-3.286813208224154,0.0,0.0,0.0,0.0
16.79999999999997,3708.3806655137505,0.0,36.110502835853175,152.24647195577347,0.0,0.6873545356515458,-10.139358921802055,0.0,-0.4968391625354679,0.0,-21.365818876918297,0.0,0.0,-3.286813208224154,0.0,0.0,0.0,0.0
16.89999999999997,3723.6053127093282,0.0,36.17923828941833,151.18219750329493,0.0,0.6215343173926825,-10.737837832965944,0.0,-0.6864770671050581,0.0,-21.694500197740716,0.0,0.0,-3.286813208224154,0.0,0.0,0.0,0.0
16.99999999999997,3738.7235324596577,0.0,36.24139172115759,150.05922241124824,0.0,0.5708373126389819,-11.316255892133324,0.0,-0.4674522046332612,0.0,-22.023181518563135,0.0,0.0,-3.286813208224154,0.0,0.0,0.0,0.0
17.099999999999973,3753.7294547007823,0.0,36.29847545242149,148.9112474765144,0.0,0.5676540207042967,-11.499065574571286,0.0,0.05486358614047803,0.0,-22.351862839385554,0.0,0.0,-3.286813208224154,0.0,0.0,0.0,0.0
17.199999999999974,3768.620579448434,0.0,36.35524085449192,147.78835361599855,0.0,0.6121995722655844,-11.16420622783853,0.0,0.5195522574786218,0.0,-22.680544160207972,0.0,0.0,-3.286813208224154,0.0,0.0,0.0,0.0
17.299999999999976,3783.3994148100337,0.0,36.41646081171847,146.72315489798314,0.0,0.6732485652314539,-10.543742947460903,0.0,0.6239334211652678,0.0,-23.00922548103039,0.0,0.0,-3.286813208224154,0.0,0.0,0.0,0.0
17.399999999999977,3798.071730299832,0.0,36.483785668241616,145.71231267562362,0.0,0.715329970700923,-10.019589586314416,0.0,0.3773961748226027,0.0,-23.33790680185281,0.0,0.0,-3.286813208224154,0.0,0.0,0.0,0.0
17.49999999999998,3812.642961567394,0.0,36.55531866531171,144.72833557225445,0.0,0.7278428424181717,-9.803670373078983,0.0,0.07427033558717769,0.0,-23.66658812267523,0.0,0.0,-3.286813208224154,0.0,0.0,0.0,0.0
17.59999999999998,3827.1157951246196,0.0,36.62810294955353,143.74921183393857,0.0,0.7274906942077083,-9.788692725757958,0.0,-0.018949678870497158,0.0,-23.995269443497648,0.0,0.0,-3.286813208224154,0.0,0.0,0.0,0.0
17.69999999999998,3841.4907163080134,0.0,36.700852018974295,142.76057122666367,0.0,0.7056960688199745,-9.905033474200843,0.0,-0.25586255087890025,0.0,-24.323950764320067,0.0,0.0,-3.286813208224154,0.0,0.0,0.0,0.0
17.799999999999983,3855.7667734306797,0.0,36.7714216258563,141.7369481649316,0.0,0.6563878332557778,-10.298506263405143,0.0,-0.5364184949165213,0.0,-24.652632085142486,0.0,0.0,-3.286813208224154,0.0,0.0,0.0,0.0
17.899999999999984,3869.940468247173,0.0,36.83706040918188,140.6605701084918,0.0,0.6010044393927814,-10.84844198240377,0.0,-0.5529687829173279,0.0,-24.981313405964904,0.0,0.0,-3.286813208224154,0.0,0.0,0.0,0.0
17.999999999999986,3884.0065252580225,0.0,36.89716085312116,139.5432388103859,0.0,0.5733277916552189,-11.226758488771605,0.0,-0.21977336725127697,0.0,-25.309994726787323,0.0,0.0,-3.286813208224154,0.0,0.0,0.0,0.0
18.099999999999987,3897.960849139061,0.0,36.95449363228668,138.42355584348826,0.0,0.5906282363317759,-11.17966941818256,0.0,0.24956595103579277,0.0,-25.638676047609742,0.0,0.0,-3.286813208224154,0.0,0.0,0.0,0.0
18.19999999999999,3911.80320472341,0.0,37.01355645591986,137.34108505721557,0.0,0.6394441846501596,-10.746074623062984,0.0,0.5316683781607571,0.0,-25.96735736843216,0.0,0.0,-3.286813208224154,0.0,0.0,0.0,0.0
18.29999999999999,3925.5373132291315,0.0,37.077500874384874,136.3108045033507,0.0,0.687640988924597,-10.210810924308419,0.0,0.46838749147714065,0.0,-26.29603868925458,0.0,0.0,-3.286813208224154,0.0,0.0,0.0,0.0
18.39999999999999,3939.168393679467,0.0,37.14626497327733,135.31797604911475,0.0,0.7119300290477568,-9.871094370632106,0.0,0.19630117734321373,0.0,-26.624720010077,0.0,0.0,-3.286813208224154,0.0,0.0,0.0,0.0
18.499999999999993,3952.700191284379,0.0,37.21745797618211,134.33787894850792,0.0,0.715821577772895,-9.786901398849052,0.0,0.007394863826765067,0.0,-26.953401330899418,0.0,0.0,-3.286813208224154,0.0,0.0,0.0,0.0
18.599999999999994,3966.1339791792298,0.0,37.289040133959396,133.35744652121608,0.0,0.7089268749944647,-9.807609551033899,0.0,-0.08359589305589371,0.0,-27.282082651721836,0.0,0.0,-3.286813208224154,0.0,0.0,0.0,0.0
18.699999999999996,3979.469723831351,0.0,37.35993282145885,132.3598863790545,0.0,0.6790889208708154,-10.007439667846661,0.0,-0.33870382018446993,0.0,-27.610763972544255,0.0,0.0,-3.286813208224154,0.0,0.0,0.0,0.0
18.799999999999997,3992.7057124692565,0.0,37.427841713545924,131.32339437560358,0.0,0.6310823507727967,-10.431202043033379,0.0,-0.5042932436604237,0.0,-27.939445293366674,0.0,0.0,-3.286813208224154,0.0,0.0,0.0,0.0
18.9,4005.838051906817,0.0,37.490949948623204,130.24270921958382,0.0,0.5908999922993239,-10.873046865281301,0.0,-0.3782344617073524,0.0,-28.268126614189093,0.0,0.0,-3.286813208224154,0.0,0.0,0.0,0.0
19.0,4018.862322828775,0.0,37.55003994785313,129.13988495218604,0.0,0.5839375225244834,-11.048815601709375,0.0,-0.00783802533560837,0.0,-28.596807935011512,0.0,0.0,-3.286813208224154,0.0,0.0,0.0,0.0
19.1,4031.7763113239935,0.0,37.60843370010557,128.05159699591212,0.0,0.6134219866607278,-10.84277998768245,0.0,0.3530847272162128,0.0,-28.92548925583393,0.0,0.0,-3.286813208224154,0.0,0.0,0.0,0.0
19.200000000000003,4044.5814710235845,0.0,37.66977589877164,127.00418412684863,0.0,0.6583177690744964,-10.39538793157345,0.0,0.4643442216629301,0.0,-29.25417057665635,0.0,0.0,-3.286813208224154,0.0,0.0,0.0,0.0
19.300000000000004,4057.281889436269,0.0,37.735607675679084,125.9982782572687,0.0,0.6916124437471234,-9.990117277937768,0.0,0.3042279770045578,0.0,-29.58285189747877,0.0,0.0,-3.286813208224154,0.0,0.0,0.0,0.0
19.400000000000006,4069.8817172619956,0.0,37.804768920053796,125.0146213355431,0.0,0.7028485700521826,-9.805665571912085,0.0,0.07340909184361111,0.0,-29.911533218301187,0.0,0.0,-3.286813208224154,0.0,0.0,0.0,0.0
19.500000000000007,4082.3831793955496,0.0,37.875053777059016,124.03566358384514,0.0,0.7035683924710088,-9.786318668333044,0.0,-0.006000339388339899,0.0,-30.240214539123606,0.0,0.0,-3.286813208224154,0.0,0.0,0.0,0.0
19.60000000000001,4094.786745753934,0.0,37.94541061630611,123.0514589188538,0.0,0.690024969734352,-9.8526252481084,0.0,-0.16005254630043048,0.0,-30.568895859946025,0.0,0.0,-3.286813208224154,0.0,0.0,0.0,0.0
19.70000000000001,4107.0918916458195,0.0,38.01441311327955,122.0441056553473,0.0,0.6560673174243147,-10.114970798819071,0.0,-0.37241985168581676,0.0,-30.897577180768444,0.0,0.0,-3.286813208224154,0.0,0.0,0.0,0.0
19.80000000000001,4119.2963022113545,0.0,38.08001984502199,120.99901090227347,0.0,0.6150534079945256,-10.51198430457005,0.0,-0.4141916114199596,0.0,-31.226258501590863,0.0,0.0,-3.286813208224154,0.0,0.0,0.0,0.0
19.900000000000013,4131.396203301581,0.0,38.14152518582144,119.92213759898549,0.0,0.591603894798609,-10.811271632379027,0.0,-0.19687143416483166,0.0,-31.55493982241328,0.0,0.0,-3.286813208224154,0.0,0.0,0.0,0.0
20.000000000000014,4143.38841706148,0.0,38.2006855753013,118.84005938054436,0.0,0.6004127633128009,-10.81380479962975,0.0,0.1438434733634982,0.0,-31.8836211432357,0.0,0.0,-3.286813208224154,0.0,0.0,0.0,0.0
20.100000000000016,4155.272422999535,0.0,38.260726851632576,117.78253519290632,0.0,0.6340317009012043,-10.521188495045026,0.0,0.37147442246409135,0.0,-32.21230246405811,0.0,0.0,-3.286813208224154,0.0,0.0,0.0,0.0
20.200000000000017,4167.050676518826,0.0,38.3241300217227,116.76271821162618,0.0,0.6698556674645382,-10.130603961270081,0.0,0.3526017599734755,0.0,-32.540983784880524,0.0,0.0,-3.286813208224154,0.0,0.0,0.0,0.0
20.30000000000002,4178.726948339989,0.0,38.391115588469155,115.77182239298342,0.0,0.6895050837540714,-9.86393799621473,0.0,0.16390132647086605,0.0,-32.869665105702936,0.0,0.0,-3.286813208224154,0.0,0.0,0.0,0.0
20.40000000000002,4190.304130579287,0.0,38.460066096844564,114.7918361419438,0.0,0.6932453276238835,-9.78700244175689,0.0,0.012022129401054465,0.0,-33.19834642652535,0.0,0.0,-3.286813208224154,0.0,0.0,0.0,0.0
20.50000000000002,4201.783314193481,0.0,38.52939062960696,113.81245680887454,0.0,0.6897364253564777,-9.795039542342824,0.0,-0.04415393882377106,0.0,-33.52702774734776,0.0,0.0,-3.286813208224154,0.0,0.0,0.0,0.0
20.600000000000023,4213.164559874369,0.0,38.59836427214261,112.8226565781956,0.0,0.6705177575735412,-9.917441369270026,0.0,-0.2199284240185559,0.0,-33.85570906817017,0.0,0.0,-3.286813208224154,0.0,0.0,0.0,0.0
20.700000000000024,4224.446825532188,0.0,38.66541604789996,111.80667080618944,0.0,0.6370648893033762,-10.204646908364197,0.0,-0.3543550514693134,0.0,-34.18439038899258,0.0,0.0,-3.286813208224154,0.0,0.0,0.0,0.0
20.800000000000026,4235.627492612806,0.0,38.729122536830296,110.75871012435817,0.0,0.6067211590861118,-10.527951751599263,0.0,-0.2906650731695112,0.0,-34.513071709814994,0.0,0.0,-3.286813208224154,0.0,0.0,0.0,0.0
20.900000000000027,4246.703363625242,0.0,38.78979465273891,109.69255087811136,0.0,0.5985303425860349,-10.680228485430014,0.0,-0.03979838259168313,0.0,-34.841753030637406,0.0,0.0,-3.286813208224154,0.0,0.0,0.0,0.0
21.00000000000003,4257.672618713053,0.0,38.84964768699752,108.63396158764607,0.0,0.6168955845063551,-10.559995286638289,0.0,0.22629848812166642,0.0,-35.17043435145982,0.0,0.0,-3.286813208224154,0.0,0.0,0.0,0.0
21.10000000000003,4268.536014871817,0.0,38.91133724544816,107.60321793568222,0.0,0.6483022548693749,-10.25268633383718,0.0,0.328663024160661,0.0,-35.49911567228223,0.0,0.0,-3.286813208224154,0.0,0.0,0.0,0.0
21.20000000000003,4279.296336665386,0.0,38.9761674709351,106.60267633535909,0.0,0.673312817277769,-9.95442004992665,0.0,0.23232117656129644,0.0,-35.82779699310464,0.0,0.0,-3.286813208224154,0.0,0.0,0.0,0.0
21.300000000000033,4289.956604298921,0.0,39.04349875266288,105.61959558822039,0.0,0.682769661993071,-9.805869710141247,0.0,0.06642882469746775,0.0,-36.15647831392705,0.0,0.0,-3.286813208224154,0.0,0.0,0.0,0.0
21.400000000000034,4300.518563857742,0.0,39.111775718862184,104.64072185636562,0.0,0.6837948061104572,-9.785278298483092,0.0,-0.000978523111901578,0.0,-36.485159634749465,0.0,0.0,-3.286813208224154,0.0,0.0,0.0,0.0
21.500000000000036,4310.982636043378,0.0,39.180155199473226,103.65923840450047,0.0,0.6758442524734098,-9.820404075114473,0.0,-0.0943804722554011,0.0,-36.81384095557188,0.0,0.0,-3.286813208224154,0.0,0.0,0.0,0.0
21.600000000000037,4321.348559883829,0.0,39.24773962472057,102.6632007448665,0.0,0.6535711731728596,-9.986505168760578,0.0,-0.2461581885275099,0.0,-37.14252227639429,0.0,0.0,-3.286813208224154,0.0,0.0,0.0,0.0
21.70000000000004,4331.614879958315,0.0,39.313096742037864,101.6416442877323,0.0,0.6247777614017633,-10.256942916426738,0.0,-0.29355030604917803,0.0,-37.4712035972167,0.0,0.0,-3.286813208224154,0.0,0.0,0.0,0.0
21.80000000000004,4341.779044387089,0.0,39.375574518178034,100.59689887930892,0.0,0.6063477897877926,-10.4789473634935,0.0,-0.16092395905669427,0.0,-37.79988491803911,0.0,0.0,-3.286813208224154,0.0,0.0,0.0,0.0
21.90000000000004,4351.838734275019,0.0,39.436209297156815,99.54623661958766,0.0,0.6097919249889485,-10.505239964013619,0.0,0.07281804790365319,0.0,-38.128566238861524,0.0,0.0,-3.286813208224154,0.0,0.0,0.0,0.0
22.000000000000043,4361.793357936978,0.0,39.497188489655706,98.51068436152168,0.0,0.6316323335033125,-10.321333822348642,0.0,0.24559109837448828,0.0,-38.457247559683935,0.0,0.0,-3.286813208224154,0.0,0.0,0.0,0.0
22.100000000000044,4371.64442637313,0.0,39.56035172300604,97.50090544380276,0.0,0.6568745333317525,-10.050511898806569,0.0,0.2513847862741761,0.0,-38.78592888050635,0.0,0.0,-3.286813208224154,0.0,0.0,0.0,0.0
22.200000000000045,4381.3945169175095,0.0,39.62603917633921,96.51230426995357,0.0,0.6718565186113059,-9.852439683550438,0.0,0.12828534728649807,0.0,-39.11461020132876,0.0,0.0,-3.286813208224154,0.0,0.0,0.0,0.0
22.300000000000047,4391.045747344504,0.0,39.693224828200336,95.53248902511936,0.0,0.6752147340428811,-9.787243462521957,0.0,0.014501337018855285,0.0,-39.44329152215117,0.0,0.0,-3.286813208224154,0.0,0.0,0.0,0.0
22.40000000000005,4400.598996247016,0.0,39.76074630160462,94.55364528586806,0.0,0.6736945065038968,-9.788613435138839,0.0,-0.0209520022466244,0.0,-39.77197284297358,0.0,0.0,-3.286813208224154,0.0,0.0,0.0,0.0
22.50000000000005,4410.054360775603,0.0,39.82811575225501,93.56887928839447,0.0,0.6620327276985561,-9.858732468368059,0.0,-0.13446161905130297,0.0,-40.100654163795994,0.0,0.0,-3.286813208224154,0.0,0.0,0.0,0.0
22.60000000000005,4419.411248704442,0.0,39.89431902502486,92.56749709280012,0.0,0.6400118029263625,-10.04227283956377,0.0,-0.23504082191154876,0.0,-40.429335484618406,0.0,0.0,-3.286813208224154,0.0,0.0,0.0,0.0
22.700000000000053,4428.667998413723,0.0,39.9583202053175,91.54450919579499,0.0,0.6185526669238745,-10.262565364911184,0.0,-0.2084046073035709,0.0,-40.75801680544082,0.0,0.0,-3.286813208224154,0.0,0.0,0.0,0.0
22.800000000000054,4437.822449333302,0.0,40.02017547200989,90.50782289221993,0.0,0.6109156385558192,-10.381608413650913,0.0,-0.049459024348310995,0.0,-41.08669812626323,0.0,0.0,-3.286813208224154,0.0,0.0,0.0,0.0
22.900000000000055,4446.873231622523,0.0,40.08126703586547,89.47438333057525,0.0,0.6213924423252033,-10.319430973850213,0.0,0.1342339404020808,0.0,-41.41537944708564,0.0,0.0,-3.286813208224154,0.0,0.0,0.0,0.0
23.000000000000057,4455.820669955581,0.0,40.143406280098,88.45866014430655,0.0,0.641977352662481,-10.121869634448558,0.0,0.21829739818330898,0.0,-41.74406076790805,0.0,0.0,-3.286813208224154,0.0,0.0,0.0,0.0
23.10000000000006,4464.666535970013,0.0,40.20760401536425,87.46355673194083,0.0,0.6595831140506945,-9.915491608877764,0.0,0.16589883675432404,0.0,-42.072742088730465,0.0,0.0,-3.286813208224154,0.0,0.0,0.0,0.0
23.20000000000006,4473.412891643207,0.0,40.273562326769316,86.4812801357428,0.0,0.6669538165462391,-9.803994418573684,0.0,0.05470217429789116,0.0,-42.401423409552876,0.0,0.0,-3.286813208224154,0.0,0.0,0.0,0.0
23.30000000000006,4482.061019656781,0.0,40.34025770842394,85.50248684261605,0.0,0.6678657581877718,-9.784694116944227,0.0,2.7540012999444167e-06,0.0,-42.73010473037529,0.0,0.0,-3.286813208224154,0.0,0.0,0.0,0.0
23.400000000000063,4490.611268341043,0.0,40.40704428424272,84.52259798781367,0.0,0.6635623770788808,-9.801529788086162,0.0,-0.05112138650642346,0.0,-43.0587860511977,0.0,0.0,-3.286813208224154,0.0,0.0,0.0,0.0
23.500000000000064,4499.0635281398245,0.0,40.473400521950616,83.53422303383819,0.0,0.6499748618926002,-9.898963348640027,0.0,-0.15123286432785707,0.0,-43.38746737202011,0.0,0.0,-3.286813208224154,0.0,0.0,0.0,0.0
23.600000000000065,4507.416950443208,0.0,40.53839800813987,82.52976703144049,0.0,0.6311580631215835,-10.07056870689219,0.0,-0.19346775622643494,0.0,-43.71614869284252,0.0,0.0,-3.286813208224154,0.0,0.0,0.0,0.0
23.700000000000067,4515.669927146353,0.0,40.60151381445203,81.50958002569634,0.0,0.6178578506808836,-10.223287217413528,0.0,-0.11959558704702684,0.0,-44.044830013664935,0.0,0.0,-3.286813208224154,0.0,0.0,0.0,0.0
23.800000000000068,4523.8208851489235,0.0,40.66329959952011,80.48414947119656,0.0,0.6183478723949947,-10.255250147005816,0.0,0.02947164914034973,0.0,-44.37351133448735,0.0,0.0,-3.286813208224154,0.0,0.0,0.0,0.0
23.90000000000007,4531.869300096043,0.0,40.72513438675961,79.46731756978326,0.0,0.6314321587402163,-10.146846096040973,0.0,0.14944162677306497,0.0,-44.70219265530976,0.0,0.0,-3.286813208224154,0.0,0.0,0.0,0.0
24.00000000000007,4539.816031853021,0.0,40.788277602633634,78.46691619754422,0.0,0.6478730292864721,-9.973294894597693,0.0,0.16553612416694174,0.0,-45.03087397613217,0.0,0.0,-3.286813208224154,0.0,0.0,0.0,0.0
24.100000000000072,4547.662723472775,0.0,40.853064905562285,77.48086096639108,0.0,0.6583767668285675,-9.837380146757345,0.0,0.09189578867657634,0.0,-45.35955529695458,0.0,0.0,-3.286813208224154,0.0,0.0,0.0,0.0
24.200000000000074,4555.410809569414,0.0,40.918902582245146,76.5012958537706,0.0,0.6611041507596649,-9.787249264993084,0.0,0.014184637257743656,0.0,-45.688236617776994,0.0,0.0,-3.286813208224154,0.0,0.0,0.0,0.0
24.300000000000075,4563.060939154791,0.0,40.985012997321114,75.42250148682488,0.0,0.6742508613612759,-15.7766671337277,0.0,0.8061321101194905,0.0,-46.016917938599406,0.0,0.0,-3.286813208224154,0.0,0.0,0.0,0.0
24.400000000000077,4570.603189303474,0.0,41.05243808345724,73.98529495403048,0.0,0.859329103470821,-14.018404199676432,0.0,2.024368261773922,0.0,-46.34559925942182,0.0,0.0,-3.6127627643099967,0.0,0.0,-3.911394673030113,0.0
24.500000000000078,4578.001718798878,0.0,41.13837099380432,72.76102294642075,0.0,1.0466726534379989,-11.855078519040203,0.0,1.8136205042480251,0.0,-46.70687553585282,0.0,0.0,-3.8682477658095147,0.0,0.0,-2.283541083388196,0.0
24.60000000000008,4585.277821093519,0.0,41.24303825914813,71.69448726214624,0.0,1.1316428929436761,-10.419016602120504,0.0,0.6474166857347325,0.0,-47.09370031243377,0.0,0.0,-3.964979844940423,0.0,0.0,-0.7040767328932626,0.0
24.70000000000008,4592.447269819733,0.0,41.3562025484425,70.67475057034768,0.0,1.1415960345019536,-10.148542640554211,0.0,-0.009932456325727595,0.0,-47.490198296927815,0.0,0.0,-3.9767913998492777,0.0,0.0,-0.0009233123276012507,0.0
24.800000000000082,4599.5147448767675,0.0,41.470362151892694,69.6442056109814,0.0,1.093133820090122,-10.329593050099536,0.0,-0.5713675227956831,0.0,-47.887877436912746,0.0,0.0,-3.9266652207184785,0.0,0.0,0.6016988120351099,0.0
24.900000000000084,4606.479165437866,0.0,41.5796755339017,68.49982966664882,0.0,0.9411016933036638,-11.636404358215156,0.0,-1.6818141500281625,0.0,-48.280543958984595,0.0,0.0,-3.743977792449101,0.0,0.0,2.071909376825504,0.0
25.000000000000085,4613.329148404531,0.0,41.67378570323206,67.16863178115621,0.0,0.7762346243030795,-13.578718839568962,0.0,-1.6127204475193297,0.0,-48.65494173822951,0.0,0.0,-3.423093185850397,0.0,0.0,3.436233403819349,0.0
25.100000000000087,4620.046011582646,0.0,41.75140916566237,65.73198843931544,0.0,0.7336716334484111,-14.437529304135994,0.0,-0.18478095736042602,0.0,-48.99725105681455,0.0,0.0,-3.041677243374847,0.0,0.0,3.8897446289427324,0.0
25.200000000000088,4626.619210426577,0.0,41.824776329007214,64.34849691159393,0.0,0.8302590075795018,-13.64363218756362,0.0,1.1742893283172535,0.0,-49.30141878115204,0.0,0.0,-2.6959659005788135,0.0,0.0,3.370587187763858,0.0
25.30000000000009,4633.054060117736,0.0,41.90780222976516,63.103668958733195,0.0,0.9799696300372612,-12.167320176895466,0.0,1.5341542211951404,0.0,-49.571015371209924,0.0,0.0,-2.4427418552760347,0.0,0.0,2.3645711060805734,0.0
25.40000000000009,4639.36442701361,0.0,42.00579919276888,61.98650076838998,0.0,1.101970599501052,-10.953265948546697,0.0,1.137601744555071,0.0,-49.815289556737525,0.0,0.0,-2.290647484583463,0.0,0.0,1.352218227094747,0.0
25.500000000000092,4645.56307709045,0.0,42.11599625271899,60.94589540716089,0.0,1.16591946365473,-10.288934193463673,0.0,0.5310719017119274,0.0,-50.04435430519587,0.0,0.0,-2.219717611900862,0.0,0.0,0.5807148267722632,0.0
25.600000000000094,4651.657666631167,0.0,42.23258819908447,59.935493419902684,0.0,1.18288342436326,-10.063039689679869,0.0,0.09573953251272695,0.0,-50.26632606638596,0.0,0.0,-2.199323060943994,0.0,0.0,0.1285916461279648,0.0
25.700000000000095,4657.651215973157,0.0,42.3508765415208,58.93107804469037,0.0,1.1843605145715324,-10.036737352296557,0.0,-0.001422912186613455,0.0,-50.48625837248035,0.0,0.0,-2.197288797930955,0.0,0.0,-0.001307173069127303,0.0
25.800000000000097,4663.544323777627,0.0,42.46931259297795,57.92567069705832,0.0,1.171665452227609,-10.053597966751521,0.0,-0.1499140418664848,0.0,-50.705987252273445,0.0,0.0,-2.2114571089237907,0.0,0.0,-0.16975829730020153,0.0
25.900000000000098,4669.336890847333,0.0,42.58647913820071,56.90355835364766,0.0,1.1234575286545023,-10.247325809090817,0.0,-0.5396490338655872,0.0,-50.92713296316582,0.0,0.0,-2.261734695606503,0.0,0.0,-0.5693793807325079,0.0
26.0000000000001,4675.027246682697,0.0,42.69882489106616,55.8393702646343,0.0,1.033077369969211,-10.704850249316223,0.0,-0.9595650173655109,0.0,-51.15330643272647,0.0,0.0,-2.363067208802972,0.0,0.0,-1.1021142822111218,0.0
26.1000000000001,4680.611183709161,0.0,42.802132628063084,54.71060654907359,0.0,0.9162959421799807,-11.374639978601722,0.0,-1.1870941219408968,0.0,-51.38961315360676,0.0,0.0,-2.519496642898411,0.0,0.0,-1.6567303527030448,0.0
26.200000000000102,4686.082244364068,0.0,42.893762222281076,53.510454785348216,0.0,0.8064155607239767,-12.08201794922836,0.0,-1.0603067575234157,0.0,-51.6415628178966,0.0,0.0,-2.7236951921393255,0.0,0.0,-2.1190365203503627,0.0
26.300000000000104,4691.433289842604,0.0,42.97440377835347,52.25765623226189,0.0,0.7427341078506741,-12.561165265141282,0.0,-0.5411850752558769,0.0,-51.91393233711054,0.0,0.0,-2.956797905677644,0.0,0.0,-2.3734252583897453,0.0
26.400000000000105,4696.6590554658305,0.0,43.04867718913854,50.9990162950565,0.0,0.7517822358428771,-12.535076182155644,0.0,0.21244972527313408,0.0,-52.2096121276783,0.0,0.0,-3.189453365628414,0.0,0.0,-2.317180467731292,0.0
26.500000000000107,4701.758957095337,0.0,43.123855412722826,49.79432959820826,0.0,0.8236427702617375,-11.905836796520052,0.0,0.8033269337354737,0.0,-52.528557464241146,0.0,0.0,-3.386898472678314,0.0,0.0,-1.9059051910525389,0.0
26.600000000000108,4706.738390055158,0.0,43.206219689749,48.68144704817703,0.0,0.9111964590836635,-10.950168055804372,0.0,0.8722608920172922,0.0,-52.867247311508976,0.0,0.0,-3.5204508316783913,0.0,0.0,-1.221447269790425,0.0
26.70000000000011,4711.606534759976,0.0,43.29733933565736,47.64851635150314,0.0,0.9639404887379257,-10.19732683545219,0.0,0.4495590955821348,0.0,-53.21929239467681,0.0,0.0,-3.5826314097345433,0.0,0.0,-0.5018774827157375,0.0
26.80000000000011,4716.371386395127,0.0,43.39373338453115,46.64949086167038,0.0,0.9743707531017706,-9.945954134049973,0.0,0.034506623795889244,0.0,-53.57755553565026,0.0,0.0,-3.5954901723744936,0.0,0.0,-0.05392965513625672,0.0
26.900000000000112,4721.036335481294,0.0,43.491170459841335,45.655145508519425,0.0,0.9702808823938729,-9.940136142834824,0.0,-0.055095643871229366,0.0,-53.93710455288772,0.0,0.0,-3.5907888725636856,0.0,0.0,0.06720152875694765,0.0
27.000000000000114,4725.601850032146,0.0,43.58819854808072,44.64149813612753,0.0,0.9311181956704877,-10.168256912999372,0.0,-0.4500073458781118,0.0,-54.29618344014409,0.0,0.0,-3.5490103947419724,0.0,0.0,0.4879014281091672,0.0
27.100000000000115,4730.0659998457595,0.0,43.68131036764776,43.57069048305576,0.0,0.8594667153350324,-10.794451066677654,0.0,-0.7535838709026598,0.0,-54.65108447961829,0.0,0.0,-3.4526073613028254,0.0,0.0,1.0592561156479323,0.0
27.200000000000117,4734.423068894064,0.0,43.76725703918127,42.43447464092775,0.0,0.8001882141553865,-11.438370776779799,0.0,-0.5482331973287399,0.0,-54.996345215748576,0.0,0.0,-3.3124320232924465,0.0,0.0,1.4702528329949633,0.0
27.300000000000118,4738.6665163581565,0.0,43.8472758605968,41.27400764822988,0.0,0.793890963504069,-11.595867945137961,0.0,0.03330402084985915,0.0,-55.32758841807782,0.0,0.0,-3.1602705189278937,0.0,0.0,1.5318874857756386,0.0
27.40000000000012,4742.793917122979,0.0,43.926664956947214,40.14549004757917,0.0,0.8368171430498558,-11.190024985017331,0.0,0.4967758182352608,0.0,-55.64361546997061,0.0,0.0,-3.029575498346432,0.0,0.0,1.2619627498224142,0.0
27.50000000000012,4746.808466127737,0.0,44.0103466712522,39.07634602433889,0.0,0.8932126601702657,-10.573237831997817,0.0,0.5640041852894143,0.0,-55.94657301980526,0.0,0.0,-2.94015855966539,0.0,0.0,0.8206107142080252,0.0
27.600000000000122,4750.716100730171,0.0,44.099667937269224,38.057518464230924,0.0,0.9314273697433118,-10.103885094718155,0.0,0.33770412807026534,0.0,-56.24058887577179,0.0,0.0,-2.894038212957068,0.0,0.0,0.38932201765825875,0.0
27.700000000000124,4754.521852576594,0.0,44.19281067424355,37.06353094420892,0.0,0.9439682744443779,-9.904359729811137,0.0,0.08091802614844563,0.0,-56.5299926970675,0.0,0.0,-2.879510426671054,0.0,0.0,0.09646903190052175,0.0
27.800000000000125,4758.2282056710155,0.0,44.287207501687995,36.07527211120655,0.0,0.945163828158826,-9.876149285956124,0.0,-0.0018800262701484584,0.0,-56.8179437397346,0.0,0.0,-2.8779070950586743,0.0,0.0,-5.3827031551391015e-05,0.0
27.900000000000126,4761.835732882137,0.0,44.38172388450388,35.08375679135388,0.0,0.9287294598888037,-9.919809913747253,0.0,-0.19245653119575748,0.0,-57.10573444924047,0.0,0.0,-2.8934993633627504,0.0,0.0,-0.18709645424260551,0.0
28.000000000000128,4765.344108561272,0.0,44.474596830492764,34.07200470997502,0.0,0.8848452234410309,-10.030192819921943,0.0,-0.2870629763967929,0.0,-57.39508438557675,0.0,0.0,-2.949392666883001,0.0,0.0,-0.6333003513944868,0.0
28.10000000000013,4768.75130903227,0.0,44.56308135283687,33.04414707972509,0.0,0.8436236242530445,-10.314455746844315,0.0,-0.42613692258116964,0.0,-57.690023652265054,0.0,0.0,-3.008143151397268,0.0,0.0,-0.5783457438923105,0.0
28.20000000000013,4772.055723740243,0.0,44.64744371526218,31.985042614193144,0.0,0.804675676368237,-10.623356128362756,0.0,-0.3719504772428285,0.0,-57.99083796740479,0.0,0.0,-3.0831045193794684,0.0,0.0,-0.7838672670079403,0.0
28.300000000000132,4775.254228001662,0.0,44.72791128289901,30.90738433419445,0.0,0.7875088572774861,-10.778822295448107,0.0,-0.12796305547391035,0.0,-58.29914841934273,0.0,0.0,-3.1677527484007344,0.0,0.0,-0.859005294853602,0.0
28.400000000000134,4778.344966435081,0.0,44.80666216862675,29.790809710642314,0.0,0.8072297198230091,-11.554686513192093,0.0,0.31890062594704444,0.0,-58.6159236941828,0.0,0.0,-3.246806443467047,0.0,0.0,-0.7768432818250316,0.0
28.500000000000135,4781.324047406146,0.0,44.88738514060905,28.6838309130007,0.0,0.8647471388290999,-10.935316524456711,0.0,0.6065756780003897,0.0,-58.940604338529496,0.0,0.0,-3.353606640416258,0.0,0.0,-1.1262337070255268,0.0
28.600000000000136,4784.1924304974455,0.0,44.973859854491955,27.643365426129094,0.0,0.9169514359956001,-10.282198120846905,0.0,0.48891293401968916,0.0,-59.27596500257113,0.0,0.0,-3.422751337975247,0.0,0.0,-0.6044896293027653,0.0
28.700000000000138,4786.9567670400575,0.0,45.06555499809152,26.64598130021223,0.0,0.9397565196354443,-9.908116526993808,0.0,0.17001679809220216,0.0,-59.618240136368655,0.0,0.0,-3.447729871027772,0.0,0.0,-0.1788444707697414,0.0
28.80000000000014,4789.621365170078,0.0,45.15953065005507,25.661346594614713,0.0,0.9424422348739516,-9.832463843691274,0.0,-0.0017737006410576703,0.0,-59.96301312347143,0.0,0.0,-3.450845817049964,0.0,0.0,-0.001622458112356753,0.0
28.90000000000014,4792.187499829539,0.0,45.25377487354246,24.675990536798615,0.0,0.9334200067042316,-9.855511821168921,0.0,-0.10481070875905193,0.0,-60.30809770517642,0.0,0.0,-3.442266815766465,0.0,0.0,0.10327250702445676,0.0
29.000000000000142,4794.655098883219,0.0,45.34711687421288,23.67256811461644,0.0,0.902000495721097,-10.060644233488382,0.0,-0.3439410820483649,0.0,-60.652324386753065,0.0,0.0,-3.408660034217437,0.0,0.0,0.38262687718344185,0.0
29.100000000000144,4797.02235569468,0.0,45.437316923784984,22.634613399874944,0.0,0.8591405505770892,-10.419282319816306,0.0,-0.4292887212364683,0.0,-60.9931903901748,0.0,0.0,-3.3463845804121353,0.0,0.0,0.6707800702269353,0.0
29.200000000000145,4799.285817034668,0.0,45.5232309788427,21.56765776301748,0.0,0.8307434132574973,-10.68326962896947,0.0,-0.24501683067304939,0.0,-61.327828848216015,0.0,0.0,-3.2668117253712254,0.0,0.0,0.8207182464455322,0.0
29.300000000000146,4801.442582810971,0.0,45.60630532016845,20.49819135844681,0.0,0.8317177327579803,-10.659588510529778,0.0,0.05820032693912843,0.0,-61.654510020753136,0.0,0.0,-3.188369820271991,0.0,0.0,0.7771592119017053,0.0
29.400000000000148,4803.492401946814,0.0,45.689477093444246,19.44720641737875,0.0,0.8562825399644368,-10.69515911125767,0.0,0.37269196377690317,0.0,-61.97334700278033,0.0,0.0,-3.126727565572633,0.0,0.0,0.5842752140119575,0.0
29.50000000000015,4805.437122588552,0.0,45.77510534744069,18.415596996619833,0.0,0.8939284287467548,-10.219164192407755,0.0,0.35965197444368396,0.0,-62.28601975933759,0.0,0.0,-3.0746967256582334,0.0,0.0,0.5075150361704023,0.0
29.60000000000015,4807.2786822882135,0.0,45.864498190315366,17.418784854505475,0.0,0.9152882562390992,-9.911665831291188,0.0,0.17500243389737122,0.0,-62.59348943190342,0.0,0.0,-3.0499200535038136,0.0,0.0,0.19581705861895712,0.0
29.700000000000152,4809.020560773664,0.0,45.95602701593928,16.43594625846843,0.0,0.9202125799760662,-9.810341857539587,0.0,0.02257701078238299,0.0,-62.89848143725381,0.0,0.0,-3.044465486115498,0.0,0.0,0.0262913969359981,0.0
29.800000000000153,4810.6641553995105,0.0,46.04804827393688,15.455445413218051,0.0,0.9196720786094521,-9.802955246765217,0.0,-0.01073274576945133,0.0,-63.20292798586536,0.0,0.0,-3.04488114369735,0.0,0.0,-0.010246170369429368,0.0
29.900000000000155,4812.209699940833,0.0,46.140015481797825,14.47117154333794,0.0,0.9084433249053415,-9.853200100407713,0.0,-0.141143281980653,0.0,-63.50741610023509,0.0,0.0,-3.053852550622478,0.0,0.0,-0.10560764902764368,0.0
30.000000000000156,4813.656817095167,0.0,46.23085981428836,13.471765809120221,0.0,0.8824158957426369,-10.00906363603356,0.0,-0.26847928434366924,0.0,-63.81280135529734,0.0,0.0,-3.0823830378228685,0.0,0.0,-0.32124431659915836,0.0
30.100000000000158,4815.003993676079,0.0,46.319101403862625,12.453013917547072,0.0,0.8537595941734042,-10.196181405958631,0.0,-0.2723605674722558,0.0,-64.12103965907963,0.0,0.0,-3.126124508167788,0.0,0.0,-0.46064878081920724,0.0
30.20000000000016,4816.249295067833,0.0,46.40447736327996,11.422271550071455,0.0,0.8361002236458247,-10.292577620890338,0.0,-0.14675483616410992,0.0,-64.4336521098964,0.0,0.0,-3.1756312269544944,0.0,0.0,-0.5019508692766356,0.0
30.30000000000016,4817.391522222841,0.0,46.48808738564454,10.392738197628969,0.0,0.8349686320128874,-10.349074497302361,0.0,0.017423624621283745,0.0,-64.75121523259185,0.0,0.0,-3.220458519564874,0.0,0.0,-0.437537337469227,0.0
30.400000000000162,4818.430796042603,0.0,46.57158424884583,9.372184737656488,0.0,0.8470397043932044,-10.14346273211405,0.0,0.12934089015164832,0.0,-65.07326108454834,0.0,0.0,-3.2593066966352544,0.0,0.0,-0.3786706573507169,0.0
30.500000000000163,4819.368014516369,0.0,46.65628821928515,8.373325225438009,0.0,0.8603634870756591,-9.96529700006452,0.0,0.14040832040114584,0.0,-65.39919175421187,0.0,0.0,-3.2819205322355476,0.0,0.0,-0.19563189573337425,0.0
30.600000000000165,4820.205347038913,0.0,46.74232456799272,7.388025642001198,0.0,0.868095429015448,-9.8300770318891,0.0,0.06469122787476177,0.0,-65.72738380743542,0.0,0.0,-3.291346807615581,0.0,0.0,-0.07398892541372473,0.0
30.700000000000166,4820.944149603112,0.0,46.829134110894266,6.408462025433719,0.0,0.8694965526297692,-9.788177508187395,0.0,0.0033401214315162994,0.0,-66.05651848819699,0.0,0.0,-3.2930303522323086,0.0,0.0,-0.0054047503179839255,0.0
30.800000000000168,4821.584995805655,0.0,46.91608376615725,5.429676337729553,0.0,0.8682677415952871,-9.78748469193813,0.0,-0.016155509645083443,0.0,-66.38582152342022,0.0,0.0,-3.292022910310543,0.0,0.0,0.013170253124783062,0.0
30.90000000000017,4822.127963439429,0.0,47.00291054031678,4.448459505476361,0.0,0.8619302298820299,-9.815495786022062,0.0,-0.06977100540548173,0.0,-66.71502381445129,0.0,0.0,-3.2862257947096234,0.0,0.0,0.06693133658607914,0.0
31.00000000000017,4822.572809389976,0.0,47.08910356330498,3.461858516762627,0.0,0.852411465694929,-9.871587991851772,0.0,-0.0954882004694193,0.0,-67.04364639392224,0.0,0.0,-3.27488224849069,0.0,0.0,0.1227362873099829,0.0
31.100000000000172,4822.918995241653,0.0,47.17434470987447,2.4820278716738677,0.0,0.8508199956871053,-9.783649081437643,0.0,0.0,0.0,-67.37113461877132,0.0,0.0,-3.2611706279610893,0.0,0.0,0.1399921888932125,0.0
31.200000000000173,4823.167198028819,0.0,47.25942670944318,1.5036629635301035,0.0,0.8508199956871053,-9.783648320554624,0.0,0.0,0.0,-67.69725168156742,0.0,0.0,-3.258837424812869,0.0,0.0,0.0,0.0
31.300000000000175,4823.3175643251725,0.0,47.3445087090119,0.5252981314746411,0.0,0.8508199956871053,-9.783647859596257,0.0,0.0,0.0,-68.02313542404872,0.0,0.0,-3.258837424812869,0.0,0.0,0.0,0.0
